Date,Open,High,Low,Close,Adj Close,Volume
2012-12-31,1327.099976,1338.900024,1324.500000,1338.500000,1338.500000,0
2013-01-02,1365.800049,1365.900024,1365.699951,1365.699951,1365.699951,0
2013-01-03,1361.400024,1361.400024,1361.300049,1361.300049,1361.300049,0
2013-01-04,1361.400024,1371.800049,1360.400024,1370.099976,1370.099976,0
2013-01-06,null,null,null,null,null,null
2013-01-07,1368.300049,1368.500000,1368.099976,1368.300049,1368.300049,0
2013-01-08,1368.300049,1368.699951,1359.199951,1362.300049,1362.300049,0
2013-01-09,1367.199951,1367.300049,1367.099976,1367.099976,1367.099976,0
2013-01-10,1379.199951,1379.400024,1379.099976,1379.099976,1379.099976,0
2013-01-11,1379.199951,1382.000000,1377.599976,1381.900024,1381.900024,0
2013-01-13,null,null,null,null,null,null
2013-01-14,1380.000000,1380.300049,1380.000000,1380.199951,1380.199951,0
2013-01-15,1381.300049,1381.500000,1381.199951,1381.400024,1381.400024,0
2013-01-16,1378.800049,1378.900024,1378.699951,1378.900024,1378.900024,0
2013-01-17,1386.000000,1386.199951,1386.000000,1386.099976,1386.099976,0
2013-01-18,1386.000000,1389.699951,1383.400024,1388.099976,1388.099976,0
2013-01-20,null,null,null,null,null,null
2013-01-22,1393.900024,1394.300049,1393.900024,1394.199951,1394.199951,0
2013-01-23,1393.199951,1393.199951,1393.000000,1393.099976,1393.099976,0
2013-01-24,1395.800049,1396.000000,1395.800049,1395.800049,1395.800049,0
2013-01-25,1395.800049,1405.500000,1395.300049,1405.500000,1405.500000,0
2013-01-27,null,null,null,null,null,null
2013-01-28,1405.000000,1405.199951,1400.400024,1403.000000,1403.000000,0
2013-01-29,1403.000000,1411.900024,1402.900024,1410.699951,1410.699951,0
2013-01-30,1409.500000,1409.800049,1409.500000,1409.599976,1409.599976,0
2013-01-31,1409.500000,1410.800049,1405.199951,1405.500000,1405.500000,0
2013-02-01,1405.300049,1416.800049,1405.199951,1416.800049,1416.800049,0
2013-02-03,null,null,null,null,null,null
2013-02-04,1415.300049,1417.199951,1399.500000,1399.699951,1399.699951,0
2013-02-05,1406.099976,1406.199951,1406.099976,1406.199951,1406.199951,0
2013-02-06,1408.099976,1408.300049,1408.099976,1408.199951,1408.199951,0
2013-02-07,1401.300049,1401.500000,1401.300049,1401.400024,1401.400024,0
2013-02-08,1401.300049,1410.900024,1399.900024,1410.400024,1410.400024,0
2013-02-10,null,null,null,null,null,null
2013-02-11,1404.900024,1405.199951,1404.900024,1405.000000,1405.000000,0
2013-02-12,1413.500000,1413.900024,1413.500000,1413.800049,1413.800049,0
2013-02-13,1413.500000,1418.099976,1411.699951,1413.800049,1413.800049,0
2013-02-14,1411.800049,1411.800049,1411.500000,1411.599976,1411.599976,0
2013-02-15,1411.800049,1411.800049,1404.699951,1406.900024,1406.900024,0
2013-02-17,null,null,null,null,null,null
2013-02-19,1420.199951,1420.500000,1420.000000,1420.099976,1420.099976,0
2013-02-20,1407.300049,1407.400024,1407.099976,1407.199951,1407.199951,0
2013-02-21,1391.599976,1392.000000,1391.500000,1392.000000,1392.000000,0
2013-02-22,1391.599976,1402.599976,1390.199951,1402.099976,1402.099976,0
2013-02-24,null,null,null,null,null,null
2013-02-25,1390.500000,1390.500000,1390.300049,1390.300049,1390.300049,0
2013-02-26,1385.900024,1386.199951,1385.900024,1386.099976,1386.099976,0
2013-02-27,1399.699951,1400.099976,1399.699951,1399.900024,1399.900024,0
2013-02-28,1399.699951,1409.300049,1399.699951,1405.199951,1405.199951,0
2013-03-01,1403.500000,1406.300049,1391.000000,1401.800049,1401.800049,0
2013-03-03,null,null,null,null,null,null
2013-03-04,1406.199951,1406.500000,1406.199951,1406.500000,1406.500000,0
2013-03-05,1420.800049,1421.599976,1420.800049,1421.400024,1421.400024,0
2013-03-06,1420.300049,1420.599976,1420.300049,1420.500000,1420.500000,0
2013-03-07,1424.800049,1425.099976,1424.800049,1424.900024,1424.900024,0
2013-03-08,1424.800049,1429.900024,1423.900024,1428.699951,1428.699951,0
2013-03-10,null,null,null,null,null,null
2013-03-11,1428.400024,1435.800049,1428.199951,1434.800049,1434.800049,0
2013-03-12,1434.800049,1437.199951,1431.000000,1433.300049,1433.300049,0
2013-03-13,1433.599976,1434.300049,1425.599976,1429.800049,1429.800049,0
2013-03-14,1429.699951,1441.400024,1429.400024,1440.199951,1440.199951,0
2013-03-15,1441.400024,1445.800049,1439.599976,1444.500000,1444.500000,0
2013-03-17,null,null,null,null,null,null
2013-03-18,1441.099976,1441.199951,1424.699951,1431.000000,1431.000000,0
2013-03-19,1429.900024,1435.099976,1420.900024,1426.800049,1426.800049,0
2013-03-20,1425.400024,1435.599976,1425.300049,1434.300049,1434.300049,0
2013-03-21,1433.000000,1435.699951,1425.500000,1426.699951,1426.699951,0
2013-03-22,1426.000000,1433.400024,1423.099976,1432.300049,1432.300049,0
2013-03-24,null,null,null,null,null,null
2013-03-25,1431.699951,1438.800049,1423.800049,1426.699951,1426.699951,0
2013-03-26,1426.400024,1432.699951,1424.500000,1432.599976,1432.599976,0
2013-03-27,1432.400024,1433.699951,1420.400024,1428.900024,1428.900024,0
2013-03-28,1429.099976,1435.000000,1426.900024,1434.599976,1434.599976,0
2013-03-29,1434.199951,1434.500000,1432.900024,1434.500000,1434.500000,0
2013-03-31,null,null,null,null,null,null
2013-04-01,1433.000000,1433.000000,1426.199951,1428.000000,1428.000000,0
2013-04-02,1428.199951,1437.599976,1425.199951,1435.400024,1435.400024,0
2013-04-03,1435.199951,1438.599976,1423.400024,1425.599976,1425.599976,0
2013-04-04,1424.800049,1427.300049,1419.300049,1422.199951,1422.199951,0
2013-04-05,1424.500000,1429.400024,1409.300049,1419.099976,1419.099976,0
2013-04-07,null,null,null,null,null,null
2013-04-08,1417.400024,1426.500000,1417.400024,1426.500000,1426.500000,0
2013-04-09,1427.199951,1436.599976,1427.099976,1433.000000,1433.000000,0
2013-04-10,1433.800049,1452.400024,1433.800049,1452.400024,1452.400024,0
2013-04-11,1452.599976,1465.199951,1452.599976,1462.800049,1462.800049,0
2013-04-12,1462.500000,1463.099976,1450.599976,1456.500000,1456.500000,0
2013-04-14,null,null,null,null,null,null
2013-04-15,1455.599976,1456.300049,1430.599976,1431.099976,1431.099976,0
2013-04-16,1430.099976,1441.500000,1424.300049,1438.800049,1438.800049,0
2013-04-17,1442.599976,1444.199951,1416.000000,1420.699951,1420.699951,0
2013-04-18,1418.699951,1421.199951,1410.099976,1413.699951,1413.699951,0
2013-04-19,1413.199951,1422.300049,1411.900024,1422.300049,1422.300049,0
2013-04-21,null,null,null,null,null,null
2013-04-22,1421.699951,1429.599976,1418.699951,1427.099976,1427.099976,0
2013-04-23,1428.099976,1444.099976,1427.599976,1443.900024,1443.900024,0
2013-04-24,1443.699951,1453.400024,1443.699951,1450.800049,1450.800049,0
2013-04-25,1451.900024,1463.699951,1451.300049,1459.300049,1459.300049,0
2013-04-26,1459.800049,1461.300049,1454.800049,1457.800049,1457.800049,0
2013-04-28,null,null,null,null,null,null
2013-04-29,1457.699951,1470.400024,1457.500000,1468.400024,1468.400024,0
2013-04-30,1469.300049,1476.099976,1466.699951,1476.099976,1476.099976,0
2013-05-01,1475.500000,1477.400024,1465.500000,1466.500000,1466.500000,0
2013-05-02,1466.099976,1470.400024,1459.900024,1469.699951,1469.699951,0
2013-05-03,1469.699951,1486.000000,1469.300049,1482.500000,1482.500000,0
2013-05-05,null,null,null,null,null,null
2013-05-06,1482.400024,1483.800049,1480.099976,1481.900024,1481.900024,0
2013-05-07,1483.300049,1492.699951,1483.300049,1492.099976,1492.099976,0
2013-05-08,1492.800049,1503.699951,1492.699951,1503.699951,1503.699951,0
2013-05-09,1503.699951,1504.199951,1488.699951,1495.699951,1495.699951,0
2013-05-10,1491.500000,1496.599976,1489.599976,1495.800049,1495.800049,0
2013-05-12,null,null,null,null,null,null
2013-05-13,1496.099976,1499.900024,1492.800049,1497.400024,1497.400024,0
2013-05-14,1497.699951,1506.000000,1494.099976,1506.000000,1506.000000,0
2013-05-15,1505.099976,1511.900024,1504.300049,1510.900024,1510.900024,0
2013-05-16,1512.400024,1513.699951,1504.800049,1508.000000,1508.000000,0
2013-05-17,1505.599976,1513.000000,1503.199951,1513.000000,1513.000000,0
2013-05-19,null,null,null,null,null,null
2013-05-20,1514.599976,1521.900024,1514.199951,1518.400024,1518.400024,0
2013-05-21,1519.800049,1525.400024,1514.300049,1520.599976,1520.599976,0
2013-05-22,1523.099976,1533.400024,1510.000000,1512.900024,1512.900024,0
2013-05-23,1512.699951,1512.800049,1484.199951,1493.400024,1493.400024,0
2013-05-24,1493.599976,1497.199951,1485.800049,1492.699951,1492.699951,0
2013-05-26,null,null,null,null,null,null
2013-05-28,1488.099976,1507.300049,1486.300049,1497.099976,1497.099976,0
2013-05-29,1496.699951,1499.300049,1483.900024,1489.400024,1489.400024,0
2013-05-30,1488.599976,1495.199951,1483.699951,1491.800049,1491.800049,0
2013-05-31,1492.500000,1494.099976,1471.900024,1471.900024,1471.900024,0
2013-06-02,null,null,null,null,null,null
2013-06-03,1472.500000,1474.800049,1464.699951,1472.699951,1472.699951,0
2013-06-04,1473.900024,1481.900024,1469.599976,1473.500000,1473.500000,0
2013-06-05,1473.099976,1473.699951,1450.599976,1451.000000,1451.000000,0
2013-06-06,1450.599976,1459.300049,1445.800049,1454.900024,1454.900024,0
2013-06-07,1457.400024,1470.699951,1455.199951,1470.199951,1470.199951,0
2013-06-09,null,null,null,null,null,null
2013-06-10,1468.500000,1477.199951,1468.500000,1473.199951,1473.199951,0
2013-06-11,1475.099976,1477.699951,1458.400024,1463.500000,1463.500000,0
2013-06-12,1464.599976,1472.199951,1456.500000,1457.599976,1457.599976,0
2013-06-13,1456.699951,1466.500000,1446.199951,1464.300049,1464.300049,0
2013-06-14,1465.099976,1472.199951,1462.900024,1463.800049,1463.800049,0
2013-06-16,null,null,null,null,null,null
2013-06-17,1463.900024,1481.400024,1463.300049,1477.000000,1477.000000,0
2013-06-18,1477.900024,1485.699951,1474.199951,1483.000000,1483.000000,0
2013-06-19,1484.599976,1488.000000,1466.300049,1474.900024,1474.900024,0
2013-06-20,1465.500000,1466.000000,1423.800049,1423.900024,1423.900024,0
2013-06-21,1425.900024,1430.900024,1413.300049,1421.199951,1421.199951,0
2013-06-23,null,null,null,null,null,null
2013-06-24,1420.599976,1421.199951,1393.900024,1401.000000,1401.000000,0
2013-06-25,1402.099976,1416.099976,1398.199951,1412.500000,1412.500000,0
2013-06-26,1413.199951,1426.900024,1411.900024,1425.500000,1425.500000,0
2013-06-27,1426.099976,1442.199951,1426.099976,1436.000000,1436.000000,0
2013-06-28,1438.500000,1443.000000,1430.599976,1433.599976,1433.599976,0
2013-06-30,null,null,null,null,null,null
2013-07-01,1435.099976,1450.900024,1433.500000,1444.300049,1444.300049,0
2013-07-02,1446.400024,1449.800049,1439.199951,1444.900024,1444.900024,0
2013-07-03,1443.199951,1443.199951,1433.199951,1440.599976,1440.599976,0
2013-07-05,1448.300049,1450.900024,1440.400024,1449.099976,1449.099976,0
2013-07-07,null,null,null,null,null,null
2013-07-08,1448.699951,1461.099976,1445.400024,1457.500000,1457.500000,0
2013-07-09,1459.099976,1470.300049,1458.800049,1468.500000,1468.500000,0
2013-07-10,1468.500000,1477.800049,1468.500000,1473.300049,1473.300049,0
2013-07-11,1481.699951,1499.800049,1480.099976,1496.699951,1496.699951,0
2013-07-12,1498.300049,1500.000000,1494.199951,1498.300049,1498.300049,0
2013-07-14,null,null,null,null,null,null
2013-07-15,1499.000000,1502.300049,1495.900024,1500.900024,1500.900024,0
2013-07-16,1501.800049,1505.000000,1498.500000,1500.500000,1500.500000,0
2013-07-17,1500.500000,1508.500000,1498.000000,1503.400024,1503.400024,0
2013-07-18,1505.099976,1513.400024,1502.400024,1511.099976,1511.099976,0
2013-07-19,1513.000000,1513.900024,1507.300049,1513.500000,1513.500000,0
2013-07-21,null,null,null,null,null,null
2013-07-22,1515.599976,1521.500000,1514.699951,1520.599976,1520.599976,0
2013-07-23,1520.000000,1524.400024,1519.099976,1519.800049,1519.800049,0
2013-07-24,1520.199951,1525.300049,1514.199951,1518.400024,1518.400024,0
2013-07-25,1516.199951,1521.699951,1510.199951,1517.699951,1517.699951,0
2013-07-26,1518.599976,1519.300049,1507.800049,1516.199951,1516.199951,0
2013-07-28,null,null,null,null,null,null
2013-07-29,1516.099976,1516.199951,1506.300049,1508.900024,1508.900024,0
2013-07-30,1508.599976,1516.300049,1508.099976,1510.300049,1510.300049,0
2013-07-31,1509.699951,1518.300049,1504.900024,1507.900024,1507.900024,0
2013-08-01,1509.699951,1524.900024,1509.699951,1524.900024,1524.900024,0
2013-08-02,1524.800049,1533.900024,1524.699951,1533.900024,1533.900024,0
2013-08-04,null,null,null,null,null,null
2013-08-05,1532.599976,1535.099976,1527.699951,1530.500000,1530.500000,0
2013-08-06,1531.800049,1535.199951,1524.000000,1528.099976,1528.099976,0
2013-08-07,1527.000000,1527.000000,1516.300049,1519.300049,1519.300049,0
2013-08-08,1519.099976,1528.699951,1518.800049,1527.800049,1527.800049,0
2013-08-09,1527.300049,1530.800049,1523.500000,1526.900024,1526.900024,0
2013-08-11,null,null,null,null,null,null
2013-08-12,1525.900024,1526.800049,1519.800049,1524.099976,1524.099976,0
2013-08-13,1523.699951,1529.199951,1520.500000,1527.199951,1527.199951,0
2013-08-14,1528.500000,1531.900024,1526.199951,1527.000000,1527.000000,0
2013-08-15,1525.800049,1527.300049,1502.699951,1508.099976,1508.099976,0
2013-08-16,1511.099976,1512.599976,1507.199951,1508.800049,1508.800049,0
2013-08-18,null,null,null,null,null,null
2013-08-19,1508.699951,1509.699951,1501.300049,1501.400024,1501.400024,0
2013-08-20,1500.000000,1503.800049,1492.300049,1500.599976,1500.599976,0
2013-08-21,1499.800049,1499.900024,1486.500000,1489.699951,1489.699951,0
2013-08-22,1486.599976,1499.099976,1485.300049,1497.800049,1497.800049,0
2013-08-23,1498.900024,1508.699951,1498.500000,1508.500000,1508.500000,0
2013-08-25,null,null,null,null,null,null
2013-08-26,1508.300049,1510.599976,1504.099976,1504.400024,1504.400024,0
2013-08-27,1503.900024,1504.599976,1484.099976,1484.400024,1484.400024,0
2013-08-28,1483.699951,1483.699951,1473.400024,1480.000000,1480.000000,0
2013-08-29,1479.800049,1485.300049,1476.000000,1481.099976,1481.099976,0
2013-08-30,1482.400024,1482.699951,1471.300049,1472.699951,1472.699951,0
2013-09-01,null,null,null,null,null,null
2013-09-03,1482.199951,1495.099976,1482.099976,1486.099976,1486.099976,0
2013-09-04,1486.000000,1497.400024,1484.199951,1496.300049,1496.300049,0
2013-09-05,1496.800049,1500.500000,1494.800049,1497.599976,1497.599976,0
2013-09-06,1497.900024,1506.699951,1492.400024,1502.400024,1502.400024,0
2013-09-08,null,null,null,null,null,null
2013-09-09,1501.900024,1516.599976,1501.599976,1515.900024,1515.900024,0
2013-09-10,1516.500000,1529.599976,1516.500000,1529.099976,1529.099976,0
2013-09-11,1530.500000,1536.599976,1528.000000,1535.699951,1535.699951,0
2013-09-12,1536.400024,1537.199951,1531.300049,1532.900024,1532.900024,0
2013-09-13,1531.199951,1535.500000,1529.300049,1533.699951,1533.699951,0
2013-09-15,null,null,null,null,null,null
2013-09-16,1537.599976,1551.199951,1537.500000,1546.500000,1546.500000,0
2013-09-17,1545.699951,1548.000000,1542.900024,1547.199951,1547.199951,0
2013-09-18,1548.500000,1571.400024,1547.699951,1561.500000,1561.500000,0
2013-09-19,1571.000000,1579.000000,1570.699951,1573.099976,1573.099976,0
2013-09-20,1572.900024,1573.199951,1563.300049,1563.300049,1563.300049,0
2013-09-22,null,null,null,null,null,null
2013-09-23,1564.300049,1565.300049,1554.800049,1557.900024,1557.900024,0
2013-09-24,1556.599976,1560.599976,1552.300049,1555.599976,1555.599976,0
2013-09-25,1554.699951,1559.300049,1552.099976,1553.800049,1553.800049,0
2013-09-26,1553.199951,1561.500000,1552.000000,1556.699951,1556.699951,0
2013-09-27,1557.500000,1559.199951,1551.500000,1555.000000,1555.000000,0
2013-09-29,null,null,null,null,null,null
2013-09-30,1554.800049,1555.099976,1538.800049,1543.699951,1543.699951,0
2013-10-01,1542.599976,1554.599976,1542.300049,1553.500000,1553.500000,0
2013-10-02,1553.599976,1554.099976,1542.599976,1551.000000,1551.000000,0
2013-10-03,1550.500000,1552.599976,1539.300049,1542.800049,1542.800049,0
2013-10-04,1543.000000,1547.500000,1539.599976,1547.500000,1547.500000,0
2013-10-06,null,null,null,null,null,null
2013-10-07,1546.500000,1546.699951,1533.300049,1536.400024,1536.400024,0
2013-10-08,1537.000000,1537.400024,1522.000000,1523.099976,1523.099976,0
2013-10-09,1522.699951,1523.099976,1513.599976,1519.800049,1519.800049,0
2013-10-10,1519.699951,1546.300049,1518.599976,1545.900024,1545.900024,0
2013-10-11,1546.099976,1557.400024,1546.099976,1557.400024,1557.400024,0
2013-10-13,null,null,null,null,null,null
2013-10-14,1557.400024,1562.800049,1552.400024,1562.800049,1562.800049,0
2013-10-15,1560.900024,1565.599976,1558.099976,1558.199951,1558.199951,0
2013-10-16,1559.300049,1571.800049,1557.000000,1570.300049,1570.300049,0
2013-10-17,1571.300049,1586.900024,1571.300049,1586.599976,1586.599976,0
2013-10-18,1586.199951,1598.099976,1586.199951,1598.099976,1598.099976,0
2013-10-20,null,null,null,null,null,null
2013-10-21,1597.699951,1601.000000,1597.500000,1599.699951,1599.699951,0
2013-10-22,1599.300049,1614.400024,1598.800049,1610.800049,1610.800049,0
2013-10-23,1611.000000,1613.000000,1597.699951,1601.599976,1601.599976,0
2013-10-24,1601.400024,1609.300049,1600.599976,1607.900024,1607.900024,0
2013-10-25,1608.300049,1608.699951,1603.699951,1608.000000,1608.000000,0
2013-10-27,null,null,null,null,null,null
2013-10-28,1608.199951,1613.000000,1607.199951,1610.199951,1610.199951,0
2013-10-29,1610.099976,1614.300049,1608.000000,1614.300049,1614.300049,0
2013-10-30,1613.500000,1618.900024,1604.699951,1611.900024,1611.900024,0
2013-10-31,1609.300049,1610.300049,1600.900024,1602.900024,1602.900024,0
2013-11-01,1602.000000,1602.400024,1592.800049,1597.900024,1597.900024,0
2013-11-03,null,null,null,null,null,null
2013-11-04,1598.300049,1604.699951,1596.800049,1603.800049,1603.800049,0
2013-11-05,1604.000000,1605.400024,1592.900024,1599.400024,1599.400024,0
2013-11-06,1599.300049,1611.099976,1598.900024,1607.699951,1607.699951,0
2013-11-07,1607.300049,1607.500000,1588.500000,1588.500000,1588.500000,0
2013-11-08,1590.800049,1597.199951,1582.000000,1596.300049,1596.300049,0
2013-11-10,null,null,null,null,null,null
2013-11-11,1596.500000,1601.800049,1596.199951,1600.800049,1600.800049,0
2013-11-12,1601.099976,1602.400024,1595.599976,1598.599976,1598.599976,0
2013-11-13,1597.900024,1603.599976,1589.099976,1601.599976,1601.599976,0
2013-11-14,1604.500000,1614.099976,1604.400024,1612.900024,1612.900024,0
2013-11-15,1612.599976,1622.500000,1611.800049,1621.500000,1621.500000,0
2013-11-17,null,null,null,null,null,null
2013-11-18,1622.400024,1629.900024,1620.300049,1622.800049,1622.800049,0
2013-11-19,1622.199951,1622.500000,1615.000000,1616.400024,1616.400024,0
2013-11-20,1616.800049,1620.900024,1606.800049,1611.300049,1611.300049,0
2013-11-21,1609.400024,1617.199951,1605.300049,1616.300049,1616.300049,0
2013-11-22,1617.900024,1624.099976,1616.500000,1623.199951,1623.199951,0
2013-11-24,null,null,null,null,null,null
2013-11-25,1624.300049,1627.000000,1623.500000,1623.699951,1623.699951,0
2013-11-26,1624.599976,1625.699951,1620.599976,1621.900024,1621.900024,0
2013-11-27,1622.500000,1626.699951,1621.199951,1624.800049,1624.800049,0
2013-11-29,1628.800049,1633.400024,1626.900024,1628.400024,1628.400024,0
2013-12-01,null,null,null,null,null,null
2013-12-02,1627.199951,1628.599976,1619.699951,1621.300049,1621.300049,0
2013-12-03,1620.699951,1621.900024,1610.300049,1613.300049,1613.300049,0
2013-12-04,1613.099976,1613.400024,1599.599976,1604.699951,1604.699951,0
2013-12-05,1606.400024,1606.599976,1598.800049,1598.900024,1598.900024,0
2013-12-06,1599.900024,1613.000000,1596.699951,1612.599976,1612.599976,0
2013-12-08,null,null,null,null,null,null
2013-12-09,1612.699951,1619.599976,1611.900024,1617.599976,1617.599976,0
2013-12-10,1618.199951,1619.800049,1614.199951,1614.199951,1614.199951,0
2013-12-11,1614.199951,1614.900024,1599.300049,1600.099976,1600.099976,0
2013-12-12,1600.099976,1600.300049,1586.599976,1588.699951,1588.699951,0
2013-12-13,1587.900024,1591.500000,1585.599976,1587.699951,1587.699951,0
2013-12-15,null,null,null,null,null,null
2013-12-16,1588.199951,1601.699951,1586.099976,1598.199951,1598.199951,0
2013-12-17,1598.000000,1600.300049,1591.699951,1592.800049,1592.800049,0
2013-12-18,1594.400024,1613.800049,1591.400024,1613.800049,1613.800049,0
2013-12-19,1609.800049,1619.500000,1609.599976,1618.400024,1618.400024,0
2013-12-20,1618.400024,1629.300049,1617.400024,1626.699951,1626.699951,0
2013-12-22,null,null,null,null,null,null
2013-12-23,1626.800049,1637.800049,1626.699951,1637.300049,1637.300049,0
2013-12-24,1636.400024,1640.099976,1635.800049,1639.699951,1639.699951,0
2013-12-26,1639.599976,1646.599976,1639.599976,1646.300049,1646.300049,0
2013-12-27,1645.900024,1656.400024,1645.900024,1654.199951,1654.199951,0
2013-12-29,null,null,null,null,null,null
2013-12-30,1652.900024,1657.000000,1652.599976,1656.199951,1656.199951,0
2013-12-31,1655.300049,1661.099976,1655.300049,1661.099976,1661.099976,0
2014-01-02,1660.000000,1660.699951,1643.000000,1645.199951,1645.199951,0
2014-01-03,1645.099976,1650.099976,1644.199951,1646.099976,1646.099976,0
2014-01-05,null,null,null,null,null,null
2014-01-06,1644.599976,1646.699951,1639.500000,1641.199951,1641.199951,0
2014-01-07,1641.599976,1649.199951,1638.900024,1647.699951,1647.699951,0
2014-01-08,1647.699951,1651.699951,1645.699951,1650.199951,1650.199951,0
2014-01-09,1648.800049,1651.300049,1641.599976,1646.400024,1646.400024,0
2014-01-10,1646.900024,1655.599976,1645.500000,1655.099976,1655.099976,0
2014-01-12,null,null,null,null,null,null
2014-01-13,1655.500000,1658.199951,1644.900024,1645.400024,1645.400024,0
2014-01-14,1646.199951,1651.699951,1636.199951,1651.699951,1651.699951,0
2014-01-15,1649.900024,1661.199951,1649.900024,1660.000000,1660.000000,0
2014-01-16,1660.099976,1661.699951,1655.900024,1659.300049,1659.300049,0
2014-01-17,1659.800049,1662.099976,1654.400024,1657.300049,1657.300049,0
2014-01-19,null,null,null,null,null,null
2014-01-21,1657.000000,1664.199951,1654.199951,1659.500000,1659.500000,0
2014-01-22,1659.900024,1662.500000,1658.800049,1661.699951,1661.699951,0
2014-01-23,1660.400024,1661.400024,1647.199951,1650.500000,1650.500000,0
2014-01-24,1651.300049,1651.500000,1618.099976,1618.400024,1618.400024,0
2014-01-26,null,null,null,null,null,null
2014-01-27,1618.400024,1618.800049,1600.599976,1604.900024,1604.900024,0
2014-01-28,1604.300049,1612.500000,1603.099976,1611.400024,1611.400024,0
2014-01-29,1610.300049,1620.300049,1600.699951,1603.699951,1603.699951,0
2014-01-30,1603.800049,1609.400024,1594.800049,1607.500000,1607.500000,0
2014-01-31,1607.500000,1608.800049,1588.699951,1598.500000,1598.500000,0
2014-02-02,null,null,null,null,null,null
2014-02-03,1598.500000,1598.599976,1570.599976,1571.900024,1571.900024,0
2014-02-04,1571.199951,1571.900024,1560.400024,1569.900024,1569.900024,0
2014-02-05,1570.199951,1575.099976,1564.199951,1572.400024,1572.400024,0
2014-02-06,1572.300049,1592.699951,1572.300049,1592.699951,1592.699951,0
2014-02-07,1592.199951,1612.599976,1592.000000,1611.800049,1611.800049,0
2014-02-09,null,null,null,null,null,null
2014-02-10,1611.400024,1616.800049,1611.400024,1616.800049,1616.800049,0
2014-02-11,1616.500000,1635.199951,1616.300049,1634.500000,1634.500000,0
2014-02-12,1633.199951,1642.400024,1633.199951,1637.699951,1637.699951,0
2014-02-13,1638.000000,1643.800049,1629.199951,1643.199951,1643.199951,0
2014-02-14,1643.500000,1652.199951,1642.099976,1650.099976,1650.099976,0
2014-02-16,null,null,null,null,null,null
2014-02-18,1653.699951,1662.000000,1653.500000,1660.500000,1660.500000,0
2014-02-19,1660.500000,1664.500000,1652.900024,1655.000000,1655.000000,0
2014-02-20,1653.599976,1657.699951,1645.699951,1656.000000,1656.000000,0
2014-02-21,1656.199951,1664.699951,1656.199951,1659.900024,1659.900024,0
2014-02-23,null,null,null,null,null,null
2014-02-24,1659.699951,1674.699951,1657.900024,1668.300049,1668.300049,0
2014-02-25,1668.800049,1674.300049,1665.199951,1669.400024,1669.400024,0
2014-02-26,1668.400024,1669.199951,1662.400024,1664.900024,1664.900024,0
2014-02-27,1665.199951,1669.400024,1658.800049,1668.400024,1668.400024,0
2014-02-28,1669.199951,1679.900024,1667.699951,1675.400024,1675.400024,0
2014-03-02,null,null,null,null,null,null
2014-03-03,1675.199951,1675.300049,1649.000000,1655.400024,1655.400024,0
2014-03-04,1654.000000,1678.900024,1653.000000,1677.900024,1677.900024,0
2014-03-05,1677.699951,1681.099976,1676.599976,1679.099976,1679.099976,0
2014-03-06,1679.000000,1690.000000,1678.699951,1686.099976,1686.099976,0
2014-03-07,1686.699951,1688.699951,1677.900024,1681.199951,1681.199951,0
2014-03-09,null,null,null,null,null,null
2014-03-10,1681.300049,1682.099976,1669.599976,1676.500000,1676.500000,0
2014-03-11,1676.599976,1682.400024,1670.400024,1672.199951,1672.199951,0
2014-03-12,1671.699951,1671.699951,1655.699951,1665.599976,1665.599976,0
2014-03-13,1665.900024,1671.500000,1647.900024,1651.699951,1651.699951,0
2014-03-14,1650.000000,1650.000000,1638.400024,1641.099976,1641.099976,0
2014-03-16,null,null,null,null,null,null
2014-03-17,1640.699951,1656.800049,1638.900024,1653.900024,1653.900024,0
2014-03-18,1653.500000,1666.800049,1652.400024,1665.500000,1665.500000,0
2014-03-19,1665.800049,1667.199951,1647.199951,1658.099976,1658.099976,0
2014-03-20,1653.199951,1655.300049,1641.000000,1654.300049,1654.300049,0
2014-03-21,1654.300049,1663.400024,1652.500000,1653.400024,1653.400024,0
2014-03-23,null,null,null,null,null,null
2014-03-24,1653.599976,1658.599976,1641.199951,1646.000000,1646.000000,0
2014-03-25,1647.400024,1660.000000,1646.099976,1655.699951,1655.699951,0
2014-03-26,1657.300049,1668.000000,1654.300049,1654.300049,1654.300049,0
2014-03-27,1654.900024,1657.099976,1648.400024,1653.099976,1653.099976,0
2014-03-28,1653.400024,1667.300049,1652.699951,1661.800049,1661.800049,0
2014-03-30,null,null,null,null,null,null
2014-03-31,1662.000000,1676.199951,1662.000000,1673.900024,1673.900024,0
2014-04-01,1673.300049,1683.800049,1672.400024,1683.699951,1683.699951,0
2014-04-02,1683.599976,1688.300049,1683.400024,1687.500000,1687.500000,0
2014-04-03,1687.300049,1689.599976,1681.900024,1685.099976,1685.099976,0
2014-04-04,1685.099976,1692.900024,1675.599976,1676.300049,1676.300049,0
2014-04-06,null,null,null,null,null,null
2014-04-07,1675.400024,1675.500000,1657.300049,1659.300049,1659.300049,0
2014-04-08,1658.400024,1665.599976,1653.400024,1663.800049,1663.800049,0
2014-04-09,1662.900024,1677.000000,1661.599976,1675.300049,1675.300049,0
2014-04-10,1677.699951,1680.400024,1655.099976,1656.099976,1656.099976,0
2014-04-11,1655.199951,1655.199951,1637.900024,1638.400024,1638.400024,0
2014-04-13,null,null,null,null,null,null
2014-04-14,1636.900024,1647.000000,1631.199951,1644.400024,1644.400024,0
2014-04-15,1645.199951,1650.800049,1632.800049,1646.699951,1646.699951,0
2014-04-16,1646.900024,1665.199951,1646.800049,1664.900024,1664.900024,0
2014-04-17,1665.500000,1671.199951,1664.599976,1669.800049,1669.800049,0
2014-04-20,null,null,null,null,null,null
2014-04-21,1669.400024,1672.400024,1668.099976,1672.400024,1672.400024,0
2014-04-22,1672.300049,1684.699951,1671.500000,1682.000000,1682.000000,0
2014-04-23,1683.099976,1684.099976,1678.800049,1679.300049,1679.300049,0
2014-04-24,1678.900024,1683.500000,1673.699951,1681.199951,1681.199951,0
2014-04-25,1681.199951,1682.500000,1668.199951,1670.800049,1670.800049,0
2014-04-27,null,null,null,null,null,null
2014-04-28,1669.599976,1678.400024,1663.500000,1672.699951,1672.699951,0
2014-04-29,1672.800049,1683.300049,1672.300049,1682.400024,1682.400024,0
2014-04-30,1683.099976,1689.000000,1679.800049,1687.699951,1687.699951,0
2014-05-01,1688.300049,1692.900024,1687.500000,1690.400024,1690.400024,0
2014-05-02,1690.199951,1694.099976,1686.599976,1689.000000,1689.000000,0
2014-05-04,null,null,null,null,null,null
2014-05-05,1689.400024,1690.199951,1677.900024,1689.800049,1689.800049,0
2014-05-06,1689.800049,1693.300049,1683.199951,1683.500000,1683.500000,0
2014-05-07,1681.900024,1684.000000,1673.099976,1684.000000,1684.000000,0
2014-05-08,1684.199951,1694.099976,1683.900024,1686.800049,1686.800049,0
2014-05-09,1685.400024,1687.099976,1677.000000,1683.400024,1683.400024,0
2014-05-11,null,null,null,null,null,null
2014-05-12,1683.199951,1695.199951,1682.199951,1694.900024,1694.900024,0
2014-05-13,1696.199951,1700.800049,1696.099976,1698.000000,1698.000000,0
2014-05-14,1697.800049,1699.699951,1693.599976,1694.800049,1694.800049,0
2014-05-15,1694.000000,1695.199951,1677.599976,1682.300049,1682.300049,0
2014-05-16,1681.099976,1683.699951,1676.000000,1683.699951,1683.699951,0
2014-05-18,null,null,null,null,null,null
2014-05-19,1683.500000,1686.199951,1678.199951,1685.900024,1685.900024,0
2014-05-20,1685.699951,1686.000000,1675.500000,1678.000000,1678.000000,0
2014-05-21,1676.900024,1687.699951,1676.400024,1686.500000,1686.500000,0
2014-05-22,1688.400024,1694.099976,1687.900024,1692.400024,1692.400024,0
2014-05-23,1692.900024,1698.000000,1691.500000,1697.900024,1697.900024,0
2014-05-25,null,null,null,null,null,null
2014-05-27,1703.099976,1708.699951,1703.000000,1707.699951,1707.699951,0
2014-05-28,1708.900024,1709.699951,1703.599976,1706.199951,1706.199951,0
2014-05-29,1705.500000,1713.300049,1705.400024,1713.300049,1713.300049,0
2014-05-30,1713.099976,1715.199951,1710.699951,1715.199951,1715.199951,0
2014-06-01,null,null,null,null,null,null
2014-06-02,1715.400024,1717.800049,1711.900024,1717.300049,1717.300049,0
2014-06-03,1717.699951,1718.099976,1712.699951,1715.800049,1715.800049,0
2014-06-04,1716.000000,1717.800049,1711.500000,1717.800049,1717.800049,0
2014-06-05,1717.400024,1728.300049,1715.500000,1725.599976,1725.599976,0
2014-06-06,1727.900024,1734.900024,1727.699951,1734.500000,1734.500000,0
2014-06-08,null,null,null,null,null,null
2014-06-09,1735.699951,1738.300049,1733.300049,1736.000000,1736.000000,0
2014-06-10,1736.300049,1737.099976,1730.900024,1735.300049,1735.300049,0
2014-06-11,1735.400024,1736.699951,1729.099976,1731.199951,1731.199951,0
2014-06-12,1730.099976,1731.900024,1723.699951,1725.500000,1725.500000,0
2014-06-13,1725.400024,1728.599976,1721.099976,1727.199951,1727.199951,0
2014-06-15,null,null,null,null,null,null
2014-06-16,1727.500000,1730.000000,1723.500000,1727.000000,1727.000000,0
2014-06-17,1727.300049,1729.500000,1722.800049,1728.699951,1728.699951,0
2014-06-18,1729.099976,1739.800049,1728.300049,1737.800049,1737.800049,0
2014-06-19,1740.199951,1750.000000,1740.099976,1748.400024,1748.400024,0
2014-06-20,1747.699951,1749.000000,1746.199951,1747.400024,1747.400024,0
2014-06-22,null,null,null,null,null,null
2014-06-23,1748.500000,1749.900024,1744.099976,1746.300049,1746.300049,0
2014-06-24,1746.199951,1748.199951,1737.599976,1737.800049,1737.800049,0
2014-06-25,1737.699951,1738.699951,1731.599976,1738.199951,1738.199951,0
2014-06-26,1738.500000,1740.900024,1729.099976,1737.300049,1737.300049,0
2014-06-27,1737.900024,1741.500000,1735.400024,1740.900024,1740.900024,0
2014-06-29,null,null,null,null,null,null
2014-06-30,1741.500000,1745.300049,1739.900024,1743.400024,1743.400024,0
2014-07-01,1743.699951,1758.000000,1743.500000,1754.800049,1754.800049,0
2014-07-02,1755.800049,1758.400024,1755.400024,1757.000000,1757.000000,0
2014-07-03,1757.300049,1764.400024,1755.599976,1764.099976,1764.099976,0
2014-07-06,null,null,null,null,null,null
2014-07-07,1763.099976,1763.199951,1753.400024,1754.800049,1754.800049,0
2014-07-08,1754.199951,1754.900024,1739.000000,1741.599976,1741.599976,0
2014-07-09,1740.800049,1747.099976,1738.400024,1746.099976,1746.099976,0
2014-07-10,1746.699951,1747.000000,1727.400024,1734.500000,1734.500000,0
2014-07-11,1733.500000,1737.199951,1730.800049,1736.000000,1736.000000,0
2014-07-13,null,null,null,null,null,null
2014-07-14,1736.400024,1749.000000,1736.300049,1747.000000,1747.000000,0
2014-07-15,1747.800049,1750.400024,1737.599976,1741.400024,1741.400024,0
2014-07-16,1741.300049,1752.199951,1740.800049,1751.500000,1751.500000,0
2014-07-17,1752.099976,1752.699951,1734.500000,1735.099976,1735.099976,0
2014-07-18,1733.699951,1745.900024,1731.099976,1744.300049,1744.300049,0
2014-07-20,null,null,null,null,null,null
2014-07-21,1745.199951,1746.000000,1735.500000,1740.099976,1740.099976,0
2014-07-22,1740.800049,1752.099976,1740.699951,1750.800049,1750.800049,0
2014-07-23,1751.199951,1755.300049,1750.300049,1754.099976,1754.099976,0
2014-07-24,1754.099976,1758.000000,1752.000000,1756.300049,1756.300049,0
2014-07-25,1756.699951,1758.099976,1745.099976,1748.199951,1748.199951,0
2014-07-27,null,null,null,null,null,null
2014-07-28,1747.699951,1749.699951,1740.400024,1748.199951,1748.199951,0
2014-07-29,1748.099976,1753.199951,1743.900024,1744.199951,1744.199951,0
2014-07-30,1744.099976,1747.000000,1736.000000,1740.199951,1740.199951,0
2014-07-31,1741.300049,1741.900024,1714.300049,1714.300049,1714.300049,0
2014-08-01,1713.599976,1713.599976,1701.000000,1705.699951,1705.699951,0
2014-08-03,null,null,null,null,null,null
2014-08-04,1704.599976,1712.199951,1700.800049,1710.099976,1710.099976,0
2014-08-05,1710.699951,1711.300049,1695.400024,1698.199951,1698.199951,0
2014-08-06,1698.099976,1698.099976,1687.099976,1693.099976,1693.099976,0
2014-08-07,1694.500000,1698.800049,1682.500000,1684.699951,1684.699951,0
2014-08-08,1683.300049,1690.599976,1675.500000,1690.599976,1690.599976,0
2014-08-10,null,null,null,null,null,null
2014-08-11,1691.000000,1706.099976,1690.800049,1701.599976,1701.599976,0
2014-08-12,1701.699951,1703.400024,1696.699951,1699.400024,1699.400024,0
2014-08-13,1699.000000,1709.500000,1698.900024,1708.699951,1708.699951,0
2014-08-14,1709.000000,1715.699951,1707.500000,1715.699951,1715.699951,0
2014-08-15,1715.099976,1724.300049,1707.500000,1714.199951,1714.199951,0
2014-08-17,null,null,null,null,null,null
2014-08-18,1715.000000,1727.599976,1714.699951,1727.400024,1727.400024,0
2014-08-19,1728.099976,1735.000000,1727.900024,1734.900024,1734.900024,0
2014-08-20,1734.500000,1735.800049,1729.599976,1735.800049,1735.800049,0
2014-08-21,1734.599976,1742.800049,1733.500000,1741.900024,1741.900024,0
2014-08-22,1741.900024,1742.099976,1732.599976,1735.900024,1735.900024,0
2014-08-24,null,null,null,null,null,null
2014-08-25,1735.199951,1747.199951,1734.900024,1745.199951,1745.199951,0
2014-08-26,1744.400024,1751.599976,1744.000000,1749.099976,1749.099976,0
2014-08-27,1748.199951,1751.599976,1747.699951,1750.699951,1750.699951,0
2014-08-28,1750.000000,1750.900024,1740.800049,1744.400024,1744.400024,0
2014-08-29,1744.199951,1748.699951,1741.500000,1748.699951,1748.699951,0
2014-08-31,null,null,null,null,null,null
2014-09-02,1748.300049,1750.800049,1743.300049,1747.199951,1747.199951,0
2014-09-03,1747.599976,1757.300049,1747.500000,1752.000000,1752.000000,0
2014-09-04,1752.400024,1757.300049,1744.599976,1748.599976,1748.599976,0
2014-09-05,1746.300049,1750.599976,1741.000000,1750.599976,1750.599976,0
2014-09-07,null,null,null,null,null,null
2014-09-08,1749.500000,1749.800049,1738.099976,1744.300049,1744.300049,0
2014-09-09,1741.300049,1741.900024,1731.000000,1733.199951,1733.199951,0
2014-09-10,1733.699951,1736.699951,1728.800049,1735.800049,1735.800049,0
2014-09-11,1737.099976,1737.699951,1729.400024,1737.000000,1737.000000,0
2014-09-12,1736.000000,1737.000000,1727.099976,1729.500000,1729.500000,0
2014-09-14,null,null,null,null,null,null
2014-09-15,1729.900024,1729.900024,1724.300049,1726.900024,1726.900024,0
2014-09-16,1727.000000,1736.400024,1721.599976,1732.599976,1732.599976,0
2014-09-17,1734.400024,1738.099976,1728.199951,1735.400024,1735.400024,0
2014-09-18,1731.199951,1743.000000,1731.199951,1742.699951,1742.699951,0
2014-09-19,1743.599976,1748.000000,1738.199951,1740.300049,1740.300049,0
2014-09-21,null,null,null,null,null,null
2014-09-22,1740.599976,1740.900024,1725.599976,1726.500000,1726.500000,0
2014-09-23,1727.599976,1729.000000,1716.000000,1716.199951,1716.199951,0
2014-09-24,1715.500000,1724.099976,1710.400024,1723.699951,1723.699951,0
2014-09-25,1723.300049,1724.699951,1702.400024,1703.099976,1703.099976,0
2014-09-26,1701.099976,1709.099976,1698.099976,1707.900024,1707.900024,0
2014-09-28,null,null,null,null,null,null
2014-09-29,1706.699951,1707.800049,1693.699951,1702.199951,1702.199951,0
2014-09-30,1702.300049,1705.800049,1694.599976,1698.400024,1698.400024,0
2014-10-01,1698.400024,1698.400024,1677.400024,1679.199951,1679.199951,0
2014-10-02,1680.599976,1681.199951,1657.500000,1668.000000,1668.000000,0
2014-10-03,1668.900024,1677.099976,1665.000000,1675.300049,1675.300049,0
2014-10-05,null,null,null,null,null,null
2014-10-06,1675.099976,1688.099976,1675.000000,1679.800049,1679.800049,0
2014-10-07,1683.500000,1683.699951,1661.400024,1661.400024,1661.400024,0
2014-10-08,1662.599976,1677.800049,1650.199951,1673.500000,1673.500000,0
2014-10-09,1676.599976,1683.599976,1650.800049,1652.900024,1652.900024,0
2014-10-10,1650.800049,1650.800049,1626.500000,1626.699951,1626.699951,0
2014-10-12,null,null,null,null,null,null
2014-10-13,1627.800049,1635.000000,1613.599976,1613.599976,1613.599976,0
2014-10-14,1615.500000,1621.400024,1604.099976,1610.699951,1610.699951,0
2014-10-15,1609.300049,1611.199951,1574.400024,1595.199951,1595.199951,0
2014-10-16,1597.699951,1601.000000,1571.800049,1592.599976,1592.599976,0
2014-10-17,1593.500000,1619.099976,1590.699951,1613.599976,1613.599976,0
2014-10-19,null,null,null,null,null,null
2014-10-20,1612.300049,1627.400024,1612.199951,1626.099976,1626.099976,0
2014-10-21,1626.500000,1651.199951,1623.900024,1651.099976,1651.099976,0
2014-10-22,1650.000000,1658.699951,1646.400024,1647.199951,1647.199951,0
2014-10-23,1646.300049,1665.099976,1640.199951,1660.000000,1660.000000,0
2014-10-24,1660.099976,1668.199951,1658.500000,1667.900024,1667.900024,0
2014-10-26,null,null,null,null,null,null
2014-10-27,1668.099976,1674.099976,1658.400024,1666.800049,1666.800049,0
2014-10-28,1666.099976,1684.500000,1665.699951,1684.500000,1684.500000,0
2014-10-29,1684.099976,1692.599976,1674.000000,1686.400024,1686.400024,0
2014-10-30,1680.500000,1690.800049,1674.400024,1689.199951,1689.199951,0
2014-10-31,1688.199951,1708.300049,1688.199951,1708.099976,1708.099976,0
2014-11-02,null,null,null,null,null,null
2014-11-03,1706.199951,1706.699951,1697.599976,1699.099976,1699.099976,0
2014-11-04,1699.500000,1706.300049,1691.800049,1698.199951,1698.199951,0
2014-11-05,1697.900024,1706.500000,1694.800049,1706.500000,1706.500000,0
2014-11-06,1705.699951,1707.500000,1698.300049,1707.500000,1707.500000,0
2014-11-07,1704.699951,1710.500000,1702.800049,1707.000000,1707.000000,0
2014-11-09,null,null,null,null,null,null
2014-11-10,1709.500000,1714.599976,1708.199951,1714.599976,1714.599976,0
2014-11-11,1713.199951,1719.699951,1712.599976,1716.800049,1716.800049,0
2014-11-12,1718.500000,1720.300049,1710.099976,1715.000000,1715.000000,0
2014-11-13,1712.599976,1721.000000,1711.800049,1716.199951,1716.199951,0
2014-11-14,1715.400024,1719.300049,1712.099976,1717.199951,1717.199951,0
2014-11-16,null,null,null,null,null,null
2014-11-17,1718.500000,1718.500000,1710.300049,1715.000000,1715.000000,0
2014-11-18,1714.500000,1730.000000,1714.199951,1728.199951,1728.199951,0
2014-11-19,1727.599976,1728.300049,1719.300049,1724.699951,1724.699951,0
2014-11-20,1724.199951,1726.000000,1717.500000,1725.500000,1725.500000,0
2014-11-21,1725.300049,1741.500000,1724.699951,1737.199951,1737.199951,0
2014-11-23,null,null,null,null,null,null
2014-11-24,1735.699951,1741.599976,1735.699951,1740.099976,1740.099976,0
2014-11-25,1740.199951,1746.199951,1739.000000,1742.800049,1742.800049,0
2014-11-26,1742.300049,1748.000000,1742.099976,1748.000000,1748.000000,0
2014-11-28,1743.800049,1744.500000,1737.099976,1739.500000,1739.500000,0
2014-11-30,null,null,null,null,null,null
2014-12-01,1738.000000,1739.199951,1727.000000,1729.900024,1729.900024,0
2014-12-02,1730.400024,1736.099976,1729.500000,1736.000000,1736.000000,0
2014-12-03,1735.000000,1740.000000,1733.800049,1739.699951,1739.699951,0
2014-12-04,1738.599976,1742.199951,1731.599976,1736.599976,1736.599976,0
2014-12-05,1734.699951,1741.099976,1733.800049,1738.500000,1738.500000,0
2014-12-07,null,null,null,null,null,null
2014-12-08,1737.400024,1739.099976,1725.199951,1726.500000,1726.500000,0
2014-12-09,1727.400024,1727.599976,1709.000000,1722.000000,1722.000000,0
2014-12-10,1719.599976,1720.300049,1698.400024,1698.400024,1698.400024,0
2014-12-11,1700.500000,1710.800049,1694.000000,1699.099976,1699.099976,0
2014-12-12,1700.599976,1702.000000,1674.500000,1675.000000,1675.000000,0
2014-12-14,null,null,null,null,null,null
2014-12-15,1675.599976,1679.000000,1653.199951,1654.599976,1654.599976,0
2014-12-16,1655.800049,1676.099976,1647.500000,1655.500000,1655.500000,0
2014-12-17,1656.599976,1674.199951,1648.699951,1672.500000,1672.500000,0
2014-12-18,1668.800049,1707.099976,1668.800049,1706.300049,1706.300049,0
2014-12-19,1707.000000,1719.500000,1707.000000,1717.000000,1717.000000,0
2014-12-21,null,null,null,null,null,null
2014-12-22,1715.800049,1723.300049,1715.800049,1723.300049,1723.300049,0
2014-12-23,1721.900024,1725.900024,1720.800049,1724.099976,1724.099976,0
2014-12-24,1723.800049,1729.199951,1723.699951,1726.199951,1726.199951,0
2014-12-26,1726.199951,1731.500000,1726.000000,1729.400024,1729.400024,0
2014-12-28,null,null,null,null,null,null
2014-12-29,1729.599976,1733.300049,1727.400024,1731.699951,1731.699951,0
2014-12-30,1730.599976,1730.900024,1720.400024,1721.000000,1721.000000,0
2014-12-31,1720.599976,1723.000000,1709.000000,1709.699951,1709.699951,0
2015-01-02,1709.500000,1712.199951,1697.300049,1704.699951,1704.699951,0
2015-01-04,null,null,null,null,null,null
2015-01-05,1700.500000,1702.500000,1669.699951,1671.300049,1671.300049,0
2015-01-06,1671.300049,1672.800049,1649.800049,1654.400024,1654.400024,0
2015-01-07,1652.699951,1665.500000,1651.300049,1662.199951,1662.199951,0
2015-01-08,1664.000000,1695.099976,1664.000000,1694.199951,1694.199951,0
2015-01-09,1694.099976,1696.800049,1679.400024,1683.800049,1683.800049,0
2015-01-11,null,null,null,null,null,null
2015-01-12,1685.400024,1687.199951,1670.800049,1676.699951,1676.699951,0
2015-01-13,1677.199951,1695.199951,1671.099976,1678.199951,1678.199951,0
2015-01-14,1678.599976,1678.800049,1653.400024,1665.400024,1665.400024,0
2015-01-15,1665.099976,1679.500000,1654.900024,1662.400024,1662.400024,0
2015-01-16,1663.699951,1677.199951,1658.400024,1675.199951,1675.199951,0
2015-01-18,null,null,null,null,null,null
2015-01-20,1680.500000,1690.199951,1676.199951,1685.300049,1685.300049,0
2015-01-21,1684.300049,1696.800049,1681.199951,1694.300049,1694.300049,0
2015-01-22,1694.500000,1710.500000,1690.699951,1710.500000,1710.500000,0
2015-01-23,1707.099976,1714.699951,1705.599976,1707.699951,1707.699951,0
2015-01-25,null,null,null,null,null,null
2015-01-26,1704.900024,1713.400024,1701.699951,1712.599976,1712.599976,0
2015-01-27,1711.900024,1717.900024,1698.400024,1705.599976,1705.599976,0
2015-01-28,1704.400024,1710.099976,1686.599976,1689.199951,1689.199951,0
2015-01-29,1686.800049,1693.800049,1676.199951,1693.800049,1693.800049,0
2015-01-30,1692.699951,1695.300049,1677.400024,1677.500000,1677.500000,0
2015-02-01,null,null,null,null,null,null
2015-02-02,1678.800049,1694.400024,1671.699951,1694.400024,1694.400024,0
2015-02-03,1693.199951,1717.699951,1690.900024,1715.199951,1715.199951,0
2015-02-04,1716.800049,1722.199951,1711.599976,1715.099976,1715.099976,0
2015-02-05,1713.199951,1729.699951,1710.699951,1727.500000,1727.500000,0
2015-02-06,1729.099976,1730.500000,1716.699951,1720.599976,1720.599976,0
2015-02-08,null,null,null,null,null,null
2015-02-09,1719.000000,1720.800049,1711.599976,1714.199951,1714.199951,0
2015-02-10,1713.500000,1726.300049,1711.500000,1725.800049,1725.800049,0
2015-02-11,1724.900024,1725.300049,1715.599976,1721.599976,1721.599976,0
2015-02-12,1722.000000,1742.699951,1721.400024,1741.199951,1741.199951,0
2015-02-13,1741.800049,1752.199951,1741.800049,1752.199951,1752.199951,0
2015-02-15,null,null,null,null,null,null
2015-02-17,1751.199951,1755.699951,1747.300049,1754.800049,1754.800049,0
2015-02-18,1755.099976,1761.300049,1753.900024,1759.000000,1759.000000,0
2015-02-19,1760.599976,1763.699951,1755.199951,1760.800049,1760.800049,0
2015-02-20,1760.000000,1768.699951,1752.000000,1768.099976,1768.099976,0
2015-02-22,null,null,null,null,null,null
2015-02-23,1768.400024,1770.400024,1764.800049,1770.400024,1770.400024,0
2015-02-24,1770.000000,1777.199951,1765.900024,1774.900024,1774.900024,0
2015-02-25,1775.699951,1779.800049,1773.300049,1776.900024,1776.900024,0
2015-02-26,1777.400024,1780.300049,1769.800049,1774.000000,1774.000000,0
2015-02-27,1773.300049,1777.199951,1771.400024,1772.900024,1772.900024,0
2015-03-01,null,null,null,null,null,null
2015-03-02,1771.000000,1776.699951,1770.099976,1776.699951,1776.699951,0
2015-03-03,1776.400024,1778.800049,1764.599976,1768.599976,1768.599976,0
2015-03-04,1767.900024,1768.099976,1752.599976,1760.900024,1760.900024,0
2015-03-05,1761.099976,1766.599976,1759.599976,1763.699951,1763.699951,0
2015-03-06,1763.900024,1766.099976,1739.900024,1742.000000,1742.000000,0
2015-03-08,null,null,null,null,null,null
2015-03-09,1741.800049,1744.500000,1737.599976,1741.800049,1741.800049,0
2015-03-10,1741.800049,1742.099976,1712.000000,1712.599976,1712.599976,0
2015-03-11,1711.599976,1715.599976,1708.699951,1710.800049,1710.800049,0
2015-03-12,1710.500000,1729.300049,1710.199951,1728.599976,1728.599976,0
2015-03-13,1728.400024,1730.099976,1711.599976,1719.800049,1719.800049,0
2015-03-15,null,null,null,null,null,null
2015-03-16,1718.800049,1740.400024,1717.900024,1740.099976,1740.099976,0
2015-03-17,1740.000000,1743.500000,1730.000000,1736.599976,1736.599976,0
2015-03-18,1736.199951,1772.099976,1733.900024,1754.099976,1754.099976,0
2015-03-19,1763.800049,1769.000000,1748.400024,1751.300049,1751.300049,0
2015-03-20,1753.199951,1780.599976,1752.199951,1774.599976,1774.599976,0
2015-03-22,null,null,null,null,null,null
2015-03-23,1776.500000,1783.199951,1772.300049,1778.000000,1778.000000,0
2015-03-24,1779.699951,1783.400024,1772.400024,1772.400024,1772.400024,0
2015-03-25,1772.599976,1777.599976,1755.300049,1756.500000,1756.500000,0
2015-03-26,1755.099976,1755.699951,1735.900024,1744.900024,1744.900024,0
2015-03-27,1743.599976,1747.000000,1739.099976,1744.800049,1744.800049,0
2015-03-29,null,null,null,null,null,null
2015-03-30,1744.400024,1758.699951,1741.500000,1757.300049,1757.300049,0
2015-03-31,1757.400024,1760.000000,1740.199951,1740.800049,1740.800049,0
2015-04-01,1740.300049,1743.699951,1730.599976,1738.199951,1738.199951,0
2015-04-02,1738.599976,1752.099976,1738.500000,1749.300049,1749.300049,0
2015-04-05,null,null,null,null,null,null
2015-04-06,1756.000000,1765.800049,1752.000000,1764.500000,1764.500000,0
2015-04-07,1759.699951,1771.900024,1759.699951,1764.199951,1764.199951,0
2015-04-08,1762.400024,1773.400024,1760.599976,1766.400024,1766.400024,0
2015-04-09,1765.699951,1771.900024,1762.599976,1771.900024,1771.900024,0
2015-04-10,1771.199951,1779.500000,1769.099976,1779.500000,1779.500000,0
2015-04-12,null,null,null,null,null,null
2015-04-13,1778.800049,1780.900024,1772.099976,1772.099976,1772.099976,0
2015-04-14,1772.800049,1779.900024,1770.599976,1779.900024,1779.900024,0
2015-04-15,1777.699951,1791.500000,1775.400024,1783.800049,1783.800049,0
2015-04-16,1787.900024,1794.300049,1783.599976,1786.599976,1786.599976,0
2015-04-17,1789.099976,1790.900024,1765.000000,1769.000000,1769.000000,0
2015-04-19,null,null,null,null,null,null
2015-04-20,1770.300049,1780.800049,1767.599976,1779.099976,1779.099976,0
2015-04-21,1778.699951,1787.300049,1778.699951,1782.000000,1782.000000,0
2015-04-22,1781.599976,1787.800049,1776.599976,1786.800049,1786.800049,0
2015-04-23,1786.500000,1796.900024,1782.400024,1792.300049,1792.300049,0
2015-04-24,1792.800049,1801.699951,1791.900024,1799.900024,1799.900024,0
2015-04-26,null,null,null,null,null,null
2015-04-27,1800.000000,1809.300049,1796.099976,1801.599976,1801.599976,0
2015-04-28,1801.500000,1803.900024,1790.500000,1803.400024,1803.400024,0
2015-04-29,1802.800049,1804.199951,1791.500000,1795.900024,1795.900024,0
2015-04-30,1793.599976,1793.599976,1775.900024,1778.400024,1778.400024,0
2015-05-01,1778.699951,1787.400024,1777.000000,1787.400024,1787.400024,0
2015-05-03,null,null,null,null,null,null
2015-05-04,1786.199951,1794.599976,1784.500000,1790.800049,1790.800049,0
2015-05-05,1790.900024,1792.599976,1772.599976,1773.400024,1773.400024,0
2015-05-06,1772.500000,1781.000000,1766.300049,1772.800049,1772.800049,0
2015-05-07,1770.099976,1771.800049,1761.400024,1769.300049,1769.300049,0
2015-05-08,1770.800049,1796.900024,1770.199951,1794.699951,1794.699951,0
2015-05-10,null,null,null,null,null,null
2015-05-11,1796.000000,1797.800049,1788.500000,1789.099976,1789.099976,0
2015-05-12,1788.900024,1791.099976,1777.000000,1784.900024,1784.900024,0
2015-05-13,1783.599976,1797.500000,1783.099976,1790.000000,1790.000000,0
2015-05-14,1789.199951,1804.400024,1788.000000,1803.400024,1803.400024,0
2015-05-15,1805.199951,1808.099976,1800.300049,1807.099976,1807.099976,0
2015-05-17,null,null,null,null,null,null
2015-05-18,1807.000000,1808.699951,1802.000000,1808.699951,1808.699951,0
2015-05-19,1807.500000,1809.099976,1802.300049,1803.699951,1803.699951,0
2015-05-20,1805.500000,1810.300049,1801.300049,1804.000000,1804.000000,0
2015-05-21,1804.599976,1812.900024,1804.599976,1810.800049,1810.800049,0
2015-05-22,1810.900024,1813.900024,1802.599976,1803.500000,1803.500000,0
2015-05-24,null,null,null,null,null,null
2015-05-26,1801.699951,1801.699951,1777.599976,1781.099976,1781.099976,0
2015-05-27,1780.400024,1796.000000,1779.000000,1793.599976,1793.599976,0
2015-05-28,1795.599976,1797.300049,1784.800049,1791.400024,1791.400024,0
2015-05-29,1794.000000,1795.699951,1777.800049,1779.300049,1779.300049,0
2015-05-31,null,null,null,null,null,null
2015-06-01,1778.400024,1786.199951,1774.199951,1778.300049,1778.300049,0
2015-06-02,1778.500000,1788.699951,1774.699951,1782.400024,1782.400024,0
2015-06-03,1783.099976,1794.800049,1781.000000,1789.900024,1789.900024,0
2015-06-04,1789.900024,1789.900024,1773.199951,1775.400024,1775.400024,0
2015-06-05,1772.800049,1773.500000,1754.400024,1760.400024,1760.400024,0
2015-06-07,null,null,null,null,null,null
2015-06-08,1761.400024,1763.099976,1752.199951,1752.199951,1752.199951,0
2015-06-09,1755.500000,1757.500000,1745.000000,1751.699951,1751.699951,0
2015-06-10,1753.400024,1780.000000,1753.000000,1776.699951,1776.699951,0
2015-06-11,1776.800049,1785.099976,1776.199951,1779.500000,1779.500000,0
2015-06-12,1780.800049,1781.400024,1765.599976,1770.199951,1770.199951,0
2015-06-14,null,null,null,null,null,null
2015-06-15,1767.500000,1768.199951,1751.000000,1757.099976,1757.099976,0
2015-06-16,1757.900024,1764.599976,1752.400024,1763.699951,1763.699951,0
2015-06-17,1764.599976,1771.199951,1756.099976,1762.099976,1762.099976,0
2015-06-18,1768.300049,1782.800049,1763.699951,1780.599976,1780.599976,0
2015-06-19,1780.400024,1784.000000,1774.900024,1774.900024,1774.900024,0
2015-06-21,null,null,null,null,null,null
2015-06-22,1775.800049,1799.500000,1775.800049,1796.099976,1796.099976,0
2015-06-23,1795.300049,1798.599976,1793.300049,1796.000000,1796.000000,0
2015-06-24,1796.800049,1799.199951,1785.699951,1785.699951,1785.699951,0
2015-06-25,1786.199951,1788.599976,1781.500000,1781.500000,1781.500000,0
2015-06-26,1781.699951,1783.300049,1773.900024,1776.199951,1776.199951,0
2015-06-28,null,null,null,null,null,null
2015-06-29,1773.099976,1773.199951,1737.599976,1737.599976,1737.599976,0
2015-06-30,1739.199951,1747.900024,1732.699951,1735.599976,1735.599976,0
2015-07-01,1735.400024,1750.900024,1734.800049,1747.199951,1747.199951,0
2015-07-02,1745.699951,1751.500000,1744.000000,1747.300049,1747.300049,0
2015-07-05,null,null,null,null,null,null
2015-07-06,1739.900024,1740.599976,1721.800049,1729.500000,1729.500000,0
2015-07-07,1730.000000,1731.400024,1706.599976,1725.000000,1725.000000,0
2015-07-08,1726.199951,1726.199951,1706.900024,1706.900024,1706.900024,0
2015-07-09,1706.300049,1730.099976,1701.599976,1717.500000,1717.500000,0
2015-07-10,1717.900024,1744.800049,1717.699951,1743.300049,1743.300049,0
2015-07-12,null,null,null,null,null,null
2015-07-13,1743.900024,1759.300049,1743.800049,1758.699951,1758.699951,0
2015-07-14,1759.300049,1771.599976,1759.199951,1769.400024,1769.400024,0
2015-07-15,1771.000000,1772.599976,1765.800049,1768.099976,1768.099976,0
2015-07-16,1768.599976,1781.900024,1767.800049,1781.900024,1781.900024,0
2015-07-17,1781.300049,1783.099976,1776.500000,1780.800049,1780.800049,0
2015-07-19,null,null,null,null,null,null
2015-07-20,1779.500000,1783.599976,1778.300049,1782.199951,1782.199951,0
2015-07-21,1782.000000,1783.000000,1776.099976,1777.900024,1777.900024,0
2015-07-22,1776.599976,1776.699951,1764.199951,1766.599976,1766.599976,0
2015-07-23,1767.699951,1772.800049,1761.500000,1762.800049,1762.800049,0
2015-07-24,1762.400024,1762.900024,1744.199951,1745.500000,1745.500000,0
2015-07-26,null,null,null,null,null,null
2015-07-27,1744.500000,1746.500000,1730.699951,1733.599976,1733.599976,0
2015-07-28,1731.199951,1749.699951,1729.599976,1747.099976,1747.099976,0
2015-07-29,1749.699951,1761.400024,1748.300049,1760.699951,1760.699951,0
2015-07-30,1759.300049,1761.699951,1749.900024,1759.800049,1759.800049,0
2015-07-31,1761.099976,1770.800049,1761.099976,1765.599976,1765.599976,0
2015-08-02,null,null,null,null,null,null
2015-08-03,1762.500000,1764.599976,1755.199951,1761.199951,1761.199951,0
2015-08-04,1759.599976,1762.900024,1754.099976,1758.900024,1758.900024,0
2015-08-05,1755.300049,1769.800049,1754.300049,1762.800049,1762.800049,0
2015-08-06,1765.099976,1766.099976,1749.599976,1752.699951,1752.699951,0
2015-08-07,1752.400024,1753.300049,1742.900024,1747.300049,1747.300049,0
2015-08-09,null,null,null,null,null,null
2015-08-10,1747.099976,1769.300049,1746.099976,1766.599976,1766.599976,0
2015-08-11,1769.199951,1770.000000,1744.400024,1749.599976,1749.599976,0
2015-08-12,1748.699951,1749.099976,1724.099976,1742.400024,1742.400024,0
2015-08-13,1740.099976,1747.099976,1738.800049,1741.400024,1741.400024,0
2015-08-14,1742.300049,1744.800049,1738.199951,1743.900024,1743.900024,0
2015-08-16,null,null,null,null,null,null
2015-08-17,1744.199951,1749.500000,1735.000000,1749.099976,1749.099976,0
2015-08-18,1749.099976,1750.000000,1742.699951,1744.199951,1744.199951,0
2015-08-19,1743.800049,1745.300049,1721.900024,1726.000000,1726.000000,0
2015-08-20,1727.900024,1728.900024,1697.300049,1697.300049,1697.300049,0
2015-08-21,1697.699951,1697.699951,1651.000000,1651.000000,1651.000000,0
2015-08-23,null,null,null,null,null,null
2015-08-24,1651.699951,1651.699951,1571.099976,1589.500000,1589.500000,0
2015-08-25,1589.000000,1624.400024,1582.400024,1583.900024,1583.900024,0
2015-08-26,1589.000000,1616.500000,1580.800049,1616.500000,1616.500000,0
2015-08-27,1614.599976,1652.500000,1614.500000,1650.500000,1650.500000,0
2015-08-28,1652.000000,1659.099976,1650.099976,1658.099976,1658.099976,0
2015-08-30,null,null,null,null,null,null
2015-08-31,1657.000000,1657.599976,1641.300049,1645.400024,1645.400024,0
2015-09-01,1645.800049,1646.099976,1596.500000,1600.699951,1600.699951,0
2015-09-02,1599.400024,1615.900024,1597.400024,1615.699951,1615.699951,0
2015-09-03,1616.900024,1636.400024,1615.500000,1622.900024,1622.900024,0
2015-09-04,1625.000000,1625.000000,1592.099976,1595.699951,1595.699951,0
2015-09-06,null,null,null,null,null,null
2015-09-08,1599.000000,1628.199951,1598.400024,1627.099976,1627.099976,0
2015-09-09,1628.000000,1654.699951,1627.300049,1628.199951,1628.199951,0
2015-09-10,1628.300049,1633.599976,1617.099976,1625.400024,1625.400024,0
2015-09-11,1626.500000,1629.199951,1616.900024,1627.000000,1627.000000,0
2015-09-13,null,null,null,null,null,null
2015-09-14,1629.900024,1632.400024,1618.500000,1620.300049,1620.300049,0
2015-09-15,1621.599976,1636.199951,1618.800049,1634.000000,1634.000000,0
2015-09-16,1635.500000,1654.199951,1635.199951,1653.800049,1653.800049,0
2015-09-17,1655.000000,1672.400024,1652.900024,1652.900024,1652.900024,0
2015-09-18,1655.800049,1656.000000,1625.300049,1630.699951,1630.699951,0
2015-09-20,null,null,null,null,null,null
2015-09-21,1626.699951,1637.500000,1624.500000,1628.900024,1628.900024,0
2015-09-22,1629.000000,1630.199951,1594.500000,1600.800049,1600.800049,0
2015-09-23,1600.400024,1606.099976,1594.699951,1596.699951,1596.699951,0
2015-09-24,1596.699951,1597.000000,1574.300049,1587.400024,1587.400024,0
2015-09-25,1583.800049,1605.699951,1582.699951,1594.699951,1594.699951,0
2015-09-27,null,null,null,null,null,null
2015-09-28,1595.500000,1596.000000,1559.500000,1560.000000,1560.000000,0
2015-09-29,1560.199951,1560.300049,1545.500000,1550.400024,1550.400024,0
2015-09-30,1551.400024,1582.500000,1551.099976,1581.900024,1581.900024,0
2015-10-01,1582.099976,1593.800049,1576.500000,1588.000000,1588.000000,0
2015-10-02,1587.000000,1607.099976,1573.300049,1607.099976,1607.099976,0
2015-10-04,null,null,null,null,null,null
2015-10-05,1605.199951,1637.599976,1605.199951,1637.500000,1637.500000,0
2015-10-06,1636.699951,1646.400024,1636.699951,1641.000000,1641.000000,0
2015-10-07,1641.599976,1659.000000,1641.199951,1653.500000,1653.500000,0
2015-10-08,1653.199951,1665.900024,1648.599976,1663.599976,1663.599976,0
2015-10-09,1665.000000,1677.400024,1664.900024,1673.800049,1673.800049,0
2015-10-11,null,null,null,null,null,null
2015-10-12,1673.900024,1676.300049,1670.300049,1674.400024,1674.400024,0
2015-10-13,1673.400024,1673.500000,1659.599976,1661.099976,1661.099976,0
2015-10-14,1661.099976,1663.099976,1652.900024,1653.000000,1653.000000,0
2015-10-15,1655.400024,1675.900024,1654.900024,1675.800049,1675.800049,0
2015-10-16,1675.300049,1683.599976,1675.199951,1683.599976,1683.599976,0
2015-10-18,null,null,null,null,null,null
2015-10-19,1682.599976,1684.400024,1674.300049,1679.900024,1679.900024,0
2015-10-20,1679.800049,1683.000000,1675.000000,1677.500000,1677.500000,0
2015-10-21,1677.400024,1684.300049,1671.099976,1672.900024,1672.900024,0
2015-10-22,1671.900024,1689.400024,1669.599976,1689.300049,1689.300049,0
2015-10-23,1687.699951,1708.500000,1687.199951,1706.599976,1706.599976,0
2015-10-25,null,null,null,null,null,null
2015-10-26,1705.699951,1709.400024,1703.400024,1705.000000,1705.000000,0
2015-10-27,1704.699951,1705.099976,1692.000000,1696.199951,1696.199951,0
2015-10-28,1695.199951,1714.099976,1694.500000,1714.099976,1714.099976,0
2015-10-29,1709.099976,1710.099976,1701.900024,1706.599976,1706.599976,0
2015-10-30,1707.699951,1712.699951,1704.099976,1705.800049,1705.800049,0
2015-11-01,null,null,null,null,null,null
2015-11-02,1705.699951,1715.199951,1698.900024,1715.199951,1715.199951,0
2015-11-03,1714.400024,1721.199951,1708.500000,1717.400024,1717.400024,0
2015-11-04,1718.300049,1723.800049,1710.500000,1713.900024,1713.900024,0
2015-11-05,1713.900024,1717.699951,1705.199951,1710.800049,1710.800049,0
2015-11-06,1710.599976,1711.699951,1696.099976,1704.400024,1704.400024,0
2015-11-08,null,null,null,null,null,null
2015-11-09,1703.699951,1707.500000,1686.900024,1691.599976,1691.599976,0
2015-11-10,1692.099976,1693.099976,1683.699951,1690.500000,1690.500000,0
2015-11-11,1691.300049,1698.800049,1690.400024,1691.900024,1691.900024,0
2015-11-12,1692.900024,1694.400024,1671.500000,1671.500000,1671.500000,0
2015-11-13,1673.199951,1673.400024,1654.300049,1654.300049,1654.300049,0
2015-11-15,null,null,null,null,null,null
2015-11-16,1655.300049,1667.500000,1649.500000,1667.500000,1667.500000,0
2015-11-17,1666.699951,1683.800049,1666.699951,1676.099976,1676.099976,0
2015-11-18,1675.900024,1692.800049,1673.699951,1691.599976,1691.599976,0
2015-11-19,1692.400024,1703.099976,1692.400024,1700.599976,1700.599976,0
2015-11-20,1700.000000,1708.800049,1697.800049,1702.800049,1702.800049,0
2015-11-22,null,null,null,null,null,null
2015-11-23,1701.400024,1703.500000,1695.099976,1697.300049,1697.300049,0
2015-11-24,1697.699951,1698.599976,1684.699951,1695.500000,1695.500000,0
2015-11-25,1696.099976,1701.800049,1694.800049,1697.800049,1697.800049,0
2015-11-27,1703.199951,1703.699951,1697.099976,1700.300049,1700.300049,0
2015-11-29,null,null,null,null,null,null
2015-11-30,1699.900024,1701.000000,1694.300049,1694.400024,1694.400024,0
2015-12-01,1694.500000,1711.500000,1694.400024,1710.099976,1710.099976,0
2015-12-02,1711.000000,1712.400024,1696.199951,1696.199951,1696.199951,0
2015-12-03,1697.500000,1701.199951,1678.199951,1678.199951,1678.199951,0
2015-12-04,1682.099976,1695.599976,1673.000000,1694.800049,1694.800049,0
2015-12-06,null,null,null,null,null,null
2015-12-07,1694.500000,1698.699951,1680.900024,1686.599976,1686.599976,0
2015-12-08,1685.500000,1685.900024,1664.199951,1670.699951,1670.699951,0
2015-12-09,1671.300049,1683.699951,1660.599976,1664.400024,1664.400024,0
2015-12-10,1666.500000,1671.099976,1660.800049,1663.900024,1663.900024,0
2015-12-11,1663.300049,1664.099976,1636.300049,1637.800049,1637.800049,0
2015-12-13,null,null,null,null,null,null
2015-12-14,1636.500000,1637.699951,1619.699951,1632.300049,1632.300049,0
2015-12-15,1631.800049,1652.099976,1629.699951,1646.699951,1646.699951,0
2015-12-16,1647.300049,1669.500000,1647.300049,1668.699951,1668.699951,0
2015-12-17,1667.000000,1677.599976,1654.800049,1655.199951,1655.199951,0
2015-12-18,1655.500000,1658.199951,1633.800049,1633.800049,1633.800049,0
2015-12-20,null,null,null,null,null,null
2015-12-21,1634.300049,1645.199951,1632.099976,1638.900024,1638.900024,0
2015-12-22,1638.800049,1651.500000,1638.599976,1650.199951,1650.199951,0
2015-12-23,1649.900024,1673.099976,1649.699951,1671.500000,1671.500000,0
2015-12-24,1672.400024,1676.800049,1672.400024,1674.000000,1674.000000,0
2015-12-27,null,null,null,null,null,null
2015-12-28,1674.000000,1674.699951,1664.300049,1670.400024,1670.400024,0
2015-12-29,1670.000000,1688.300049,1669.900024,1685.599976,1685.599976,0
2015-12-30,1686.199951,1688.000000,1676.400024,1676.400024,1676.400024,0
2015-12-31,1676.599976,1677.199951,1662.800049,1662.800049,1662.800049,0
2016-01-03,null,null,null,null,null,null
2016-01-04,1663.099976,1663.199951,1617.900024,1630.900024,1630.900024,0
2016-01-05,1631.800049,1634.900024,1624.900024,1630.599976,1630.599976,0
2016-01-06,1632.000000,1632.500000,1606.199951,1610.199951,1610.199951,0
2016-01-07,1611.000000,1611.300049,1576.300049,1576.300049,1576.300049,0
2016-01-08,1579.300049,1585.099976,1560.300049,1561.500000,1561.500000,0
2016-01-10,null,null,null,null,null,null
2016-01-11,1562.699951,1569.300049,1547.699951,1557.599976,1557.599976,0
2016-01-12,1557.400024,1571.400024,1551.699951,1561.699951,1561.699951,0
2016-01-13,1562.900024,1578.000000,1543.099976,1544.300049,1544.300049,0
2016-01-14,1544.900024,1555.800049,1526.099976,1549.099976,1549.099976,0
2016-01-15,1550.199951,1552.900024,1509.699951,1521.000000,1521.000000,0
2016-01-17,null,null,null,null,null,null
2016-01-18,1519.099976,1520.500000,1513.900024,1514.099976,1514.099976,0
2016-01-19,1514.099976,1532.099976,1512.699951,1520.500000,1520.500000,0
2016-01-20,1520.900024,1521.199951,1468.400024,1491.699951,1491.699951,0
2016-01-21,1491.599976,1509.199951,1482.500000,1497.900024,1497.900024,0
2016-01-22,1499.800049,1538.599976,1499.599976,1536.800049,1536.800049,0
2016-01-24,null,null,null,null,null,null
2016-01-25,1535.300049,1540.099976,1521.099976,1521.199951,1521.199951,0
2016-01-26,1521.400024,1537.400024,1511.199951,1535.800049,1535.800049,0
2016-01-27,1536.199951,1548.199951,1527.099976,1531.400024,1531.400024,0
2016-01-28,1532.000000,1540.900024,1520.599976,1532.699951,1532.699951,0
2016-01-29,1532.599976,1563.400024,1529.900024,1562.199951,1562.199951,0
2016-01-31,null,null,null,null,null,null
2016-02-01,1562.699951,1570.900024,1553.400024,1566.599976,1566.599976,0
2016-02-02,1567.000000,1567.500000,1537.300049,1538.900024,1538.900024,0
2016-02-03,1540.199951,1544.900024,1516.900024,1540.900024,1540.900024,0
2016-02-04,1542.500000,1556.699951,1538.500000,1548.900024,1548.900024,0
2016-02-05,1549.500000,1550.000000,1520.300049,1523.900024,1523.900024,0
2016-02-07,null,null,null,null,null,null
2016-02-08,1523.800049,1526.800049,1488.300049,1498.500000,1498.500000,0
2016-02-09,1500.099976,1500.099976,1477.599976,1488.500000,1488.500000,0
2016-02-10,1487.199951,1504.300049,1481.500000,1486.800049,1486.800049,0
2016-02-11,1490.500000,1492.699951,1459.800049,1468.900024,1468.900024,0
2016-02-12,1468.300049,1486.900024,1460.300049,1486.500000,1486.500000,0
2016-02-14,null,null,null,null,null,null
2016-02-15,1486.500000,1507.400024,1486.300049,1504.000000,1504.000000,0
2016-02-16,1504.500000,1519.900024,1503.099976,1519.900024,1519.900024,0
2016-02-17,1519.500000,1545.900024,1516.800049,1544.300049,1544.300049,0
2016-02-18,1544.500000,1551.900024,1540.800049,1543.500000,1543.500000,0
2016-02-19,1543.699951,1543.800049,1527.699951,1538.199951,1538.199951,0
2016-02-21,null,null,null,null,null,null
2016-02-22,1539.400024,1558.599976,1538.000000,1558.000000,1558.000000,0
2016-02-23,1558.000000,1560.199951,1539.000000,1540.699951,1540.699951,0
2016-02-24,1539.800049,1539.800049,1513.400024,1534.699951,1534.699951,0
2016-02-25,1533.900024,1554.099976,1533.400024,1553.900024,1553.900024,0
2016-02-26,1553.800049,1564.300049,1553.199951,1554.500000,1554.500000,0
2016-02-28,null,null,null,null,null,null
2016-02-29,1554.400024,1559.400024,1547.000000,1547.199951,1547.199951,0
2016-03-01,1548.000000,1576.099976,1546.599976,1575.300049,1575.300049,0
2016-03-02,1575.599976,1590.300049,1575.599976,1588.099976,1588.099976,0
2016-03-03,1589.900024,1599.199951,1588.699951,1598.300049,1598.300049,0
2016-03-04,1598.500000,1612.300049,1597.800049,1608.000000,1608.000000,0
2016-03-06,null,null,null,null,null,null
2016-03-07,1608.099976,1611.400024,1597.300049,1607.599976,1607.599976,0
2016-03-08,1609.099976,1609.500000,1591.500000,1593.699951,1593.699951,0
2016-03-09,1592.199951,1600.699951,1588.800049,1598.500000,1598.500000,0
2016-03-10,1597.599976,1612.000000,1588.800049,1597.099976,1597.099976,0
2016-03-11,1598.000000,1626.199951,1595.800049,1626.199951,1626.199951,0
2016-03-13,null,null,null,null,null,null
2016-03-14,1626.099976,1631.199951,1622.199951,1627.500000,1627.500000,0
2016-03-15,1627.000000,1627.000000,1613.400024,1619.199951,1619.199951,0
2016-03-16,1618.400024,1632.099976,1612.800049,1621.500000,1621.500000,0
2016-03-17,1629.000000,1646.000000,1628.900024,1643.000000,1643.000000,0
2016-03-18,1643.099976,1647.300049,1639.400024,1645.599976,1645.599976,0
2016-03-20,null,null,null,null,null,null
2016-03-21,1644.199951,1646.000000,1637.800049,1643.699951,1643.699951,0
2016-03-22,1642.000000,1646.000000,1635.699951,1643.599976,1643.599976,0
2016-03-23,1642.500000,1643.099976,1630.599976,1631.300049,1631.300049,0
2016-03-24,1631.400024,1631.500000,1614.800049,1622.199951,1622.199951,0
2016-03-27,null,null,null,null,null,null
2016-03-28,1623.199951,1629.599976,1622.400024,1627.599976,1627.599976,0
2016-03-29,1627.000000,1641.900024,1620.099976,1635.900024,1635.900024,0
2016-03-30,1641.099976,1657.800049,1639.800049,1652.900024,1652.900024,0
2016-03-31,1651.500000,1653.599976,1646.199951,1648.099976,1648.099976,0
2016-04-01,1646.900024,1646.900024,1624.000000,1640.099976,1640.099976,0
2016-04-03,null,null,null,null,null,null
2016-04-04,1642.300049,1646.300049,1639.000000,1640.800049,1640.800049,0
2016-04-05,1639.800049,1640.000000,1617.000000,1618.500000,1618.500000,0
2016-04-06,1619.000000,1635.400024,1617.400024,1633.400024,1633.400024,0
2016-04-07,1635.199951,1639.199951,1616.800049,1621.699951,1621.699951,0
2016-04-08,1618.800049,1638.199951,1617.099976,1632.199951,1632.199951,0
2016-04-10,null,null,null,null,null,null
2016-04-11,1631.699951,1643.699951,1628.300049,1632.099976,1632.099976,0
2016-04-12,1630.699951,1647.800049,1629.300049,1644.199951,1644.199951,0
2016-04-13,1646.900024,1666.300049,1646.800049,1666.199951,1666.199951,0
2016-04-14,1666.900024,1674.500000,1666.699951,1672.000000,1672.000000,0
2016-04-15,1670.300049,1672.000000,1668.500000,1670.500000,1670.500000,0
2016-04-17,null,null,null,null,null,null
2016-04-18,1670.199951,1675.300049,1659.800049,1675.300049,1675.300049,0
2016-04-19,1675.599976,1694.699951,1675.599976,1692.900024,1692.900024,0
2016-04-20,1693.400024,1697.400024,1689.699951,1695.099976,1695.099976,0
2016-04-21,1694.000000,1698.199951,1688.000000,1690.500000,1690.500000,0
2016-04-22,1688.400024,1690.800049,1680.300049,1686.199951,1686.199951,0
2016-04-24,null,null,null,null,null,null
2016-04-25,1686.500000,1686.500000,1676.900024,1682.699951,1682.699951,0
2016-04-26,1681.300049,1689.699951,1679.800049,1685.699951,1685.699951,0
2016-04-27,1685.300049,1688.000000,1678.599976,1686.000000,1686.000000,0
2016-04-28,1687.800049,1692.400024,1677.300049,1677.300049,1677.300049,0
2016-04-29,1679.199951,1682.199951,1663.699951,1670.800049,1670.800049,0
2016-05-01,null,null,null,null,null,null
2016-05-02,1670.800049,1676.900024,1664.900024,1675.599976,1675.599976,0
2016-05-03,1676.000000,1679.099976,1654.300049,1658.599976,1658.599976,0
2016-05-04,1657.500000,1657.599976,1641.000000,1644.000000,1644.000000,0
2016-05-05,1644.099976,1647.500000,1638.500000,1641.199951,1641.199951,0
2016-05-06,1641.699951,1643.199951,1633.199951,1643.199951,1643.199951,0
2016-05-08,null,null,null,null,null,null
2016-05-09,1642.300049,1647.699951,1640.199951,1642.900024,1642.900024,0
2016-05-10,1643.099976,1662.300049,1642.099976,1662.300049,1662.300049,0
2016-05-11,1662.800049,1664.500000,1653.000000,1653.400024,1653.400024,0
2016-05-12,1651.800049,1659.099976,1642.699951,1649.900024,1649.900024,0
2016-05-13,1648.500000,1648.599976,1635.099976,1635.900024,1635.900024,0
2016-05-15,null,null,null,null,null,null
2016-05-16,1636.300049,1650.599976,1635.199951,1648.500000,1648.500000,0
2016-05-17,1649.099976,1655.199951,1637.599976,1641.599976,1641.599976,0
2016-05-18,1640.400024,1648.000000,1632.400024,1641.199951,1641.199951,0
2016-05-19,1638.800049,1639.599976,1620.599976,1627.599976,1627.599976,0
2016-05-20,1627.599976,1642.400024,1627.300049,1639.900024,1639.900024,0
2016-05-22,null,null,null,null,null,null
2016-05-23,1639.800049,1641.400024,1635.599976,1635.599976,1635.599976,0
2016-05-24,1635.800049,1655.300049,1631.900024,1654.400024,1654.400024,0
2016-05-25,1654.900024,1671.800049,1654.900024,1668.900024,1668.900024,0
2016-05-26,1670.699951,1675.599976,1669.900024,1672.099976,1672.099976,0
2016-05-27,1672.599976,1676.099976,1670.900024,1676.099976,1676.099976,0
2016-05-29,null,null,null,null,null,null
2016-05-31,1677.300049,1681.699951,1670.000000,1674.599976,1674.599976,0
2016-06-01,1673.300049,1674.099976,1664.099976,1672.900024,1672.900024,0
2016-06-02,1672.400024,1673.800049,1664.000000,1673.800049,1673.800049,0
2016-06-03,1673.099976,1681.800049,1670.000000,1678.599976,1678.599976,0
2016-06-05,null,null,null,null,null,null
2016-06-06,1677.000000,1688.300049,1675.500000,1686.400024,1686.400024,0
2016-06-07,1686.900024,1697.599976,1686.199951,1694.300049,1694.300049,0
2016-06-08,1694.699951,1700.800049,1693.800049,1699.300049,1699.300049,0
2016-06-09,1698.300049,1698.900024,1684.400024,1688.699951,1688.699951,0
2016-06-10,1686.900024,1686.900024,1660.800049,1665.199951,1665.199951,0
2016-06-12,null,null,null,null,null,null
2016-06-13,1661.699951,1661.800049,1644.699951,1645.599976,1645.599976,0
2016-06-14,1644.000000,1644.300049,1624.800049,1630.500000,1630.500000,0
2016-06-15,1629.699951,1642.199951,1629.000000,1633.800049,1633.800049,0
2016-06-16,1634.000000,1634.699951,1611.000000,1628.099976,1628.099976,0
2016-06-17,1633.800049,1640.400024,1631.199951,1635.800049,1635.800049,0
2016-06-19,null,null,null,null,null,null
2016-06-20,1641.599976,1672.300049,1641.500000,1664.099976,1664.099976,0
2016-06-21,1663.400024,1670.900024,1662.800049,1668.800049,1668.800049,0
2016-06-22,1667.400024,1677.800049,1666.500000,1667.900024,1667.900024,0
2016-06-23,1670.300049,1692.900024,1669.900024,1691.800049,1691.800049,0
2016-06-24,1690.300049,1690.900024,1606.000000,1608.800049,1608.800049,0
2016-06-26,null,null,null,null,null,null
2016-06-27,1604.900024,1607.199951,1566.699951,1571.800049,1571.800049,0
2016-06-28,1571.699951,1600.900024,1569.699951,1599.099976,1599.099976,0
2016-06-29,1601.800049,1634.800049,1601.199951,1634.400024,1634.400024,0
2016-06-30,1635.699951,1653.199951,1631.099976,1653.199951,1653.199951,0
2016-07-01,1653.099976,1663.599976,1652.300049,1660.300049,1660.300049,0
2016-07-03,null,null,null,null,null,null
2016-07-05,1660.300049,1660.400024,1640.599976,1645.500000,1645.500000,0
2016-07-06,1642.500000,1642.699951,1625.699951,1640.699951,1640.699951,0
2016-07-07,1641.500000,1652.199951,1638.699951,1643.900024,1643.900024,0
2016-07-08,1643.500000,1664.099976,1640.599976,1662.300049,1662.300049,0
2016-07-10,null,null,null,null,null,null
2016-07-11,1663.500000,1678.800049,1663.500000,1676.199951,1676.199951,0
2016-07-12,1677.300049,1693.699951,1677.199951,1690.699951,1690.699951,0
2016-07-13,1691.500000,1697.000000,1691.199951,1694.400024,1694.400024,0
2016-07-14,1693.400024,1706.800049,1693.199951,1703.199951,1703.199951,0
2016-07-15,1704.000000,1706.500000,1697.599976,1700.599976,1700.599976,0
2016-07-17,null,null,null,null,null,null
2016-07-18,1700.599976,1705.500000,1698.599976,1703.900024,1703.900024,0
2016-07-19,1704.300049,1704.699951,1696.300049,1698.699951,1698.699951,0
2016-07-20,1698.300049,1708.199951,1697.300049,1707.300049,1707.300049,0
2016-07-21,1708.199951,1710.800049,1703.699951,1705.400024,1705.400024,0
2016-07-22,1705.800049,1707.699951,1702.199951,1707.000000,1707.000000,0
2016-07-24,null,null,null,null,null,null
2016-07-25,1707.699951,1710.500000,1700.500000,1703.900024,1703.900024,0
2016-07-26,1704.000000,1710.199951,1700.900024,1706.000000,1706.000000,0
2016-07-27,1707.199951,1712.500000,1701.300049,1706.400024,1706.400024,0
2016-07-28,1710.800049,1712.400024,1703.500000,1707.599976,1707.599976,0
2016-07-29,1707.699951,1723.300049,1707.699951,1721.800049,1721.800049,0
2016-07-31,null,null,null,null,null,null
2016-08-01,1719.900024,1724.000000,1715.300049,1717.699951,1717.699951,0
2016-08-02,1715.900024,1716.400024,1702.099976,1706.500000,1706.500000,0
2016-08-03,1705.099976,1705.099976,1696.800049,1703.400024,1703.400024,0
2016-08-04,1703.699951,1709.699951,1703.400024,1707.699951,1707.699951,0
2016-08-05,1707.800049,1717.400024,1706.300049,1716.699951,1716.699951,0
2016-08-07,null,null,null,null,null,null
2016-08-08,1718.000000,1723.000000,1717.900024,1719.900024,1719.900024,0
2016-08-09,1720.500000,1731.500000,1719.500000,1728.500000,1728.500000,0
2016-08-10,1728.000000,1733.000000,1726.000000,1727.500000,1727.500000,0
2016-08-11,1728.199951,1736.000000,1725.099976,1735.800049,1735.800049,0
2016-08-12,1734.800049,1738.199951,1732.500000,1736.099976,1736.099976,0
2016-08-14,null,null,null,null,null,null
2016-08-15,1734.000000,1741.199951,1733.599976,1739.400024,1739.400024,0
2016-08-16,1738.800049,1742.000000,1730.900024,1730.900024,1730.900024,0
2016-08-17,1732.599976,1733.900024,1724.400024,1731.599976,1731.599976,0
2016-08-18,1732.400024,1738.300049,1731.199951,1736.800049,1736.800049,0
2016-08-19,1738.000000,1738.199951,1725.699951,1731.900024,1731.900024,0
2016-08-21,null,null,null,null,null,null
2016-08-22,1730.900024,1733.900024,1726.500000,1732.599976,1732.599976,0
2016-08-23,1731.500000,1742.500000,1731.500000,1738.599976,1738.599976,0
2016-08-24,1738.199951,1740.199951,1729.599976,1731.199951,1731.199951,0
2016-08-25,1731.199951,1731.900024,1725.599976,1727.300049,1727.300049,0
2016-08-26,1727.000000,1738.699951,1715.699951,1726.099976,1726.099976,0
2016-08-28,null,null,null,null,null,null
2016-08-29,1720.500000,1728.699951,1718.199951,1725.599976,1725.599976,0
2016-08-30,1726.800049,1728.300049,1719.599976,1723.699951,1723.699951,0
2016-08-31,1724.500000,1726.099976,1715.800049,1719.500000,1719.500000,0
2016-09-01,1720.500000,1724.900024,1715.599976,1723.599976,1723.599976,0
2016-09-02,1723.199951,1737.400024,1722.500000,1734.599976,1734.599976,0
2016-09-04,null,null,null,null,null,null
2016-09-06,1737.500000,1746.800049,1737.300049,1745.900024,1745.900024,0
2016-09-07,1746.199951,1749.099976,1743.300049,1747.500000,1747.500000,0
2016-09-08,1746.500000,1750.099976,1740.500000,1744.400024,1744.400024,0
2016-09-09,1742.599976,1743.599976,1707.900024,1707.900024,1707.900024,0
2016-09-11,null,null,null,null,null,null
2016-09-12,1706.500000,1719.099976,1693.300049,1715.800049,1715.800049,0
2016-09-13,1718.199951,1718.500000,1690.099976,1694.800049,1694.800049,0
2016-09-14,1692.699951,1702.500000,1690.500000,1692.500000,1692.500000,0
2016-09-15,1692.300049,1708.000000,1688.800049,1704.800049,1704.800049,0
2016-09-16,1706.400024,1707.500000,1691.599976,1696.300049,1696.300049,0
2016-09-18,null,null,null,null,null,null
2016-09-19,1695.599976,1710.199951,1695.500000,1703.099976,1703.099976,0
2016-09-20,1701.599976,1710.599976,1701.500000,1703.199951,1703.199951,0
2016-09-21,1703.500000,1725.699951,1702.199951,1721.699951,1721.699951,0
2016-09-22,1725.199951,1743.400024,1725.199951,1740.599976,1740.599976,0
2016-09-23,1739.000000,1739.000000,1729.300049,1729.699951,1729.699951,0
2016-09-25,null,null,null,null,null,null
2016-09-26,1729.900024,1730.300049,1714.199951,1714.900024,1714.900024,0
2016-09-27,1714.300049,1722.000000,1708.900024,1719.900024,1719.900024,0
2016-09-28,1721.000000,1728.099976,1715.000000,1725.599976,1725.599976,0
2016-09-29,1727.699951,1733.199951,1716.800049,1719.800049,1719.800049,0
2016-09-30,1719.900024,1729.199951,1707.800049,1725.699951,1725.699951,0
2016-10-02,null,null,null,null,null,null
2016-10-03,1724.800049,1728.400024,1719.699951,1722.800049,1722.800049,0
2016-10-04,1723.000000,1727.099976,1714.699951,1717.800049,1717.800049,0
2016-10-05,1718.199951,1724.000000,1715.900024,1721.099976,1721.099976,0
2016-10-06,1721.800049,1723.500000,1713.300049,1718.400024,1718.400024,0
2016-10-07,1717.800049,1720.099976,1705.900024,1712.400024,1712.400024,0
2016-10-09,null,null,null,null,null,null
2016-10-11,1718.599976,1719.199951,1695.900024,1700.300049,1700.300049,0
2016-10-12,1700.599976,1701.300049,1693.099976,1695.500000,1695.500000,0
2016-10-13,1695.099976,1695.800049,1678.400024,1689.599976,1689.599976,0
2016-10-14,1690.699951,1704.199951,1689.300049,1693.699951,1693.699951,0
2016-10-16,null,null,null,null,null,null
2016-10-17,1692.599976,1693.800049,1687.800049,1687.800049,1687.800049,0
2016-10-18,1689.000000,1704.199951,1688.800049,1701.099976,1701.099976,0
2016-10-19,1701.500000,1708.400024,1700.900024,1706.699951,1706.699951,0
2016-10-20,1706.599976,1708.699951,1699.500000,1704.000000,1704.000000,0
2016-10-21,1704.099976,1704.199951,1695.099976,1701.199951,1701.199951,0
2016-10-23,null,null,null,null,null,null
2016-10-24,1701.400024,1710.199951,1699.800049,1706.199951,1706.199951,0
2016-10-25,1706.000000,1709.800049,1700.599976,1701.199951,1701.199951,0
2016-10-26,1703.099976,1703.699951,1694.900024,1699.900024,1699.900024,0
2016-10-27,1699.199951,1702.300049,1693.500000,1694.699951,1694.699951,0
2016-10-28,1693.500000,1698.599976,1690.500000,1691.000000,1691.000000,0
2016-10-30,null,null,null,null,null,null
2016-10-31,1693.599976,1694.900024,1689.000000,1690.900024,1690.900024,0
2016-11-01,1691.599976,1696.199951,1678.699951,1684.000000,1684.000000,0
2016-11-02,1685.199951,1685.300049,1671.000000,1672.800049,1672.800049,0
2016-11-03,1671.900024,1675.400024,1666.099976,1667.000000,1667.000000,0
2016-11-04,1667.599976,1667.599976,1658.199951,1660.099976,1660.099976,0
2016-11-06,null,null,null,null,null,null
2016-11-07,1657.599976,1686.599976,1657.099976,1685.599976,1685.599976,0
2016-11-08,1686.400024,1694.500000,1681.300049,1691.699951,1691.699951,0
2016-11-09,1690.599976,1698.000000,1674.900024,1696.500000,1696.500000,0
2016-11-10,1694.599976,1712.699951,1692.900024,1701.300049,1701.300049,0
2016-11-13,null,null,null,null,null,null
2016-11-14,1696.199951,1699.000000,1688.800049,1692.300049,1692.300049,0
2016-11-15,1693.699951,1702.500000,1692.000000,1701.800049,1701.800049,0
2016-11-16,1702.199951,1705.800049,1696.599976,1698.400024,1698.400024,0
2016-11-17,1700.199951,1707.000000,1698.900024,1707.000000,1707.000000,0
2016-11-18,1703.599976,1705.199951,1696.900024,1697.400024,1697.400024,0
2016-11-20,null,null,null,null,null,null
2016-11-21,1697.699951,1711.800049,1697.500000,1710.500000,1710.500000,0
2016-11-22,1710.800049,1716.000000,1709.900024,1713.099976,1713.099976,0
2016-11-23,1714.199951,1716.300049,1704.300049,1709.699951,1709.699951,0
2016-11-25,1712.800049,1721.199951,1712.800049,1720.800049,1720.800049,0
2016-11-27,null,null,null,null,null,null
2016-11-28,1720.900024,1725.300049,1712.900024,1713.000000,1713.000000,0
2016-11-29,1714.300049,1719.900024,1709.500000,1715.400024,1715.400024,0
2016-11-30,1716.599976,1721.500000,1711.500000,1712.099976,1712.099976,0
2016-12-01,1711.800049,1715.900024,1707.900024,1708.599976,1708.599976,0
2016-12-02,1710.000000,1713.300049,1704.800049,1708.900024,1708.900024,0
2016-12-04,null,null,null,null,null,null
2016-12-05,1706.800049,1722.300049,1704.699951,1718.099976,1718.099976,0
2016-12-06,1720.300049,1727.800049,1719.900024,1727.800049,1727.800049,0
2016-12-07,1727.300049,1749.300049,1727.199951,1749.300049,1749.300049,0
2016-12-08,1749.400024,1756.199951,1748.400024,1752.900024,1752.900024,0
2016-12-09,1753.800049,1760.699951,1753.099976,1760.099976,1760.099976,0
2016-12-11,null,null,null,null,null,null
2016-12-12,1760.400024,1765.300049,1758.300049,1760.300049,1760.300049,0
2016-12-13,1762.000000,1776.400024,1760.800049,1774.000000,1774.000000,0
2016-12-14,1773.300049,1775.300049,1752.599976,1763.699951,1763.699951,0
2016-12-15,1754.300049,1759.599976,1748.599976,1754.500000,1754.500000,0
2016-12-16,1755.599976,1760.099976,1754.699951,1754.699951,1754.699951,0
2016-12-18,null,null,null,null,null,null
2016-12-19,1757.000000,1761.400024,1755.400024,1758.800049,1758.800049,0
2016-12-20,1757.400024,1762.800049,1755.699951,1761.400024,1761.400024,0
2016-12-21,1762.400024,1764.099976,1760.000000,1760.099976,1760.099976,0
2016-12-22,1759.699951,1760.599976,1754.900024,1757.800049,1757.800049,0
2016-12-23,1757.000000,1759.199951,1755.900024,1759.199951,1759.199951,0
2016-12-25,null,null,null,null,null,null
2016-12-27,1758.099976,1763.099976,1757.300049,1760.599976,1760.599976,0
2016-12-28,1760.800049,1761.900024,1750.500000,1750.500000,1750.500000,0
2016-12-29,1751.900024,1753.599976,1750.500000,1753.000000,1753.000000,0
2016-12-30,1753.000000,1758.000000,1747.500000,1751.199951,1751.199951,0
2017-01-01,null,null,null,null,null,null
2017-01-03,1749.000000,1760.400024,1747.900024,1758.000000,1758.000000,0
2017-01-04,1759.000000,1774.900024,1759.000000,1774.000000,1774.000000,0
2017-01-05,1774.400024,1783.000000,1774.199951,1782.500000,1782.500000,0
2017-01-06,1782.500000,1783.599976,1775.599976,1783.099976,1783.099976,0
2017-01-08,null,null,null,null,null,null
2017-01-09,1780.000000,1781.500000,1775.900024,1776.900024,1776.900024,0
2017-01-10,1778.699951,1782.900024,1776.199951,1779.599976,1779.599976,0
2017-01-11,1777.800049,1785.500000,1774.599976,1778.199951,1778.199951,0
2017-01-12,1785.199951,1789.300049,1775.699951,1783.400024,1783.400024,0
2017-01-13,1780.699951,1790.099976,1779.699951,1788.199951,1788.199951,0
2017-01-15,null,null,null,null,null,null
2017-01-17,1783.000000,1787.900024,1781.400024,1782.900024,1782.900024,0
2017-01-18,1784.000000,1785.699951,1778.800049,1785.699951,1785.699951,0
2017-01-19,1780.400024,1783.099976,1774.800049,1776.000000,1776.000000,0
2017-01-20,1777.900024,1785.000000,1776.199951,1782.699951,1782.699951,0
2017-01-22,null,null,null,null,null,null
2017-01-23,1785.000000,1786.900024,1777.500000,1781.400024,1781.400024,0
2017-01-24,1783.800049,1790.699951,1779.800049,1790.599976,1790.599976,0
2017-01-25,1789.400024,1807.500000,1789.199951,1805.800049,1805.800049,0
2017-01-26,1806.699951,1810.800049,1803.099976,1803.800049,1803.800049,0
2017-01-27,1804.400024,1806.000000,1801.300049,1803.400024,1803.400024,0
2017-01-29,null,null,null,null,null,null
2017-01-30,1803.800049,1804.300049,1785.199951,1792.099976,1792.099976,0
2017-01-31,1792.199951,1794.300049,1786.199951,1792.400024,1792.400024,0
2017-02-01,1791.900024,1799.900024,1789.900024,1793.400024,1793.400024,0
2017-02-02,1794.199951,1797.400024,1790.699951,1795.099976,1795.099976,0
2017-02-03,1792.900024,1806.000000,1792.300049,1805.500000,1805.500000,0
2017-02-05,null,null,null,null,null,null
2017-02-06,1804.599976,1806.400024,1796.800049,1798.199951,1798.199951,0
2017-02-07,1799.800049,1800.699951,1794.699951,1797.300049,1797.300049,0
2017-02-08,1797.400024,1802.300049,1794.900024,1802.300049,1802.300049,0
2017-02-09,1801.800049,1808.699951,1798.699951,1807.500000,1807.500000,0
2017-02-10,1806.599976,1817.199951,1806.500000,1814.699951,1814.699951,0
2017-02-12,null,null,null,null,null,null
2017-02-13,1814.900024,1825.300049,1814.099976,1823.300049,1823.300049,0
2017-02-14,1823.599976,1824.699951,1816.400024,1823.599976,1823.599976,0
2017-02-15,1824.800049,1835.900024,1824.099976,1833.599976,1833.599976,0
2017-02-16,1835.099976,1838.199951,1832.199951,1836.599976,1836.599976,0
2017-02-17,1836.500000,1836.599976,1830.300049,1836.500000,1836.500000,0
2017-02-19,null,null,null,null,null,null
2017-02-21,1836.400024,1844.000000,1833.699951,1843.099976,1843.099976,0
2017-02-22,1843.000000,1845.099976,1839.300049,1842.400024,1842.400024,0
2017-02-23,1843.000000,1848.599976,1840.599976,1845.400024,1845.400024,0
2017-02-24,1844.699951,1844.800049,1833.300049,1840.800049,1840.800049,0
2017-02-26,null,null,null,null,null,null
2017-02-27,1840.199951,1841.599976,1836.199951,1841.599976,1841.599976,0
2017-02-28,1839.099976,1841.300049,1834.599976,1838.699951,1838.699951,0
2017-03-01,1834.599976,1859.000000,1833.699951,1856.300049,1856.300049,0
2017-03-02,1856.500000,1858.300049,1847.199951,1848.800049,1848.800049,0
2017-03-03,1847.800049,1852.099976,1844.000000,1849.000000,1849.000000,0
2017-03-05,null,null,null,null,null,null
2017-03-06,1851.400024,1852.099976,1841.500000,1845.699951,1845.699951,0
2017-03-07,1844.599976,1846.000000,1838.599976,1840.599976,1840.599976,0
2017-03-08,1840.199951,1841.199951,1833.800049,1834.699951,1834.699951,0
2017-03-09,1834.199951,1838.900024,1831.800049,1835.900024,1835.900024,0
2017-03-10,1835.599976,1848.599976,1835.500000,1845.900024,1845.900024,0
2017-03-12,null,null,null,null,null,null
2017-03-13,1846.400024,1850.000000,1846.000000,1850.000000,1850.000000,0
2017-03-14,1849.000000,1849.099976,1838.300049,1843.000000,1843.000000,0
2017-03-15,1841.599976,1862.099976,1840.599976,1854.199951,1854.199951,0
2017-03-16,1860.900024,1866.699951,1860.000000,1864.099976,1864.099976,0
2017-03-17,1864.099976,1867.699951,1862.000000,1863.099976,1863.099976,0
2017-03-19,null,null,null,null,null,null
2017-03-20,1863.400024,1865.400024,1858.000000,1860.500000,1860.500000,0
2017-03-21,1860.000000,1868.800049,1845.500000,1846.400024,1846.400024,0
2017-03-22,1846.400024,1846.400024,1835.699951,1842.599976,1842.599976,0
2017-03-23,1842.199951,1851.000000,1841.000000,1845.000000,1845.000000,0
2017-03-24,1844.599976,1851.599976,1842.900024,1845.800049,1845.800049,0
2017-03-26,null,null,null,null,null,null
2017-03-27,1848.000000,1848.099976,1833.800049,1845.199951,1845.199951,0
2017-03-28,1844.199951,1858.900024,1844.099976,1858.900024,1858.900024,0
2017-03-29,1855.099976,1858.699951,1851.599976,1856.800049,1856.800049,0
2017-03-30,1857.699951,1861.300049,1854.800049,1860.000000,1860.000000,0
2017-03-31,1857.199951,1858.500000,1852.000000,1853.699951,1853.699951,0
2017-04-02,null,null,null,null,null,null
2017-04-03,1853.599976,1855.199951,1842.500000,1849.000000,1849.000000,0
2017-04-04,1849.699951,1850.099976,1844.099976,1850.000000,1850.000000,0
2017-04-05,1850.699951,1860.300049,1846.000000,1846.000000,1846.000000,0
2017-04-06,1846.500000,1848.599976,1839.699951,1846.599976,1846.599976,0
2017-04-07,1846.699951,1847.800049,1842.300049,1845.500000,1845.500000,0
2017-04-09,null,null,null,null,null,null
2017-04-10,1844.599976,1850.500000,1843.400024,1846.800049,1846.800049,0
2017-04-11,1846.800049,1849.300049,1837.400024,1847.900024,1847.900024,0
2017-04-12,1846.699951,1849.400024,1840.500000,1843.000000,1843.000000,0
2017-04-13,1844.599976,1845.099976,1832.300049,1833.099976,1833.099976,0
2017-04-16,null,null,null,null,null,null
2017-04-17,1832.400024,1846.099976,1832.400024,1846.099976,1846.099976,0
2017-04-18,1844.699951,1845.000000,1834.500000,1837.300049,1837.300049,0
2017-04-19,1838.300049,1842.500000,1833.099976,1835.000000,1835.000000,0
2017-04-20,1834.800049,1847.099976,1834.699951,1846.699951,1846.699951,0
2017-04-21,1845.900024,1847.800049,1841.000000,1842.099976,1842.099976,0
2017-04-23,null,null,null,null,null,null
2017-04-24,1847.900024,1873.199951,1846.000000,1871.699951,1871.699951,0
2017-04-25,1871.800049,1883.800049,1871.800049,1882.000000,1882.000000,0
2017-04-26,1883.099976,1887.900024,1881.599976,1882.400024,1882.400024,0
2017-04-27,1883.099976,1884.400024,1878.199951,1881.099976,1881.099976,0
2017-04-28,1881.199951,1883.000000,1878.300049,1878.300049,1878.300049,0
2017-04-30,null,null,null,null,null,null
2017-05-01,1878.900024,1884.500000,1878.099976,1882.500000,1882.500000,0
2017-05-02,1881.699951,1887.400024,1881.599976,1886.199951,1886.199951,0
2017-05-03,1887.800049,1887.800049,1878.699951,1883.099976,1883.099976,0
2017-05-04,1881.199951,1888.300049,1880.099976,1886.500000,1886.500000,0
2017-05-05,1887.800049,1897.800049,1885.500000,1896.800049,1896.800049,0
2017-05-07,null,null,null,null,null,null
2017-05-08,1897.699951,1901.300049,1893.900024,1897.300049,1897.300049,0
2017-05-09,1896.699951,1896.800049,1890.800049,1893.400024,1893.400024,0
2017-05-10,1893.800049,1895.900024,1892.000000,1895.900024,1895.900024,0
2017-05-11,1895.000000,1896.199951,1884.599976,1891.199951,1891.199951,0
2017-05-12,1890.599976,1893.599976,1889.500000,1893.000000,1893.000000,0
2017-05-14,null,null,null,null,null,null
2017-05-15,1892.000000,1902.400024,1892.000000,1901.599976,1901.599976,0
2017-05-16,1902.400024,1908.099976,1901.800049,1906.199951,1906.199951,0
2017-05-17,1906.199951,1907.300049,1882.599976,1882.599976,1882.599976,0
2017-05-18,1881.800049,1883.199951,1873.000000,1881.000000,1881.000000,0
2017-05-19,1879.800049,1899.199951,1878.900024,1894.800049,1894.800049,0
2017-05-21,null,null,null,null,null,null
2017-05-22,1896.199951,1904.900024,1894.800049,1904.900024,1904.900024,0
2017-05-23,1904.199951,1908.199951,1902.699951,1906.699951,1906.699951,0
2017-05-24,1904.599976,1910.300049,1903.800049,1907.800049,1907.800049,0
2017-05-25,1910.500000,1916.199951,1909.099976,1914.599976,1914.599976,0
2017-05-26,1914.000000,1914.000000,1909.500000,1912.199951,1912.199951,0
2017-05-28,null,null,null,null,null,null
2017-05-30,1909.900024,1911.699951,1907.900024,1909.900024,1909.900024,0
2017-05-31,1908.900024,1914.900024,1907.099976,1911.699951,1911.699951,0
2017-06-01,1911.000000,1923.099976,1910.900024,1923.099976,1923.099976,0
2017-06-02,1923.099976,1936.300049,1923.000000,1935.199951,1935.199951,0
2017-06-04,null,null,null,null,null,null
2017-06-05,1934.400024,1934.800049,1930.500000,1931.699951,1931.699951,0
2017-06-06,1931.199951,1932.199951,1924.900024,1926.099976,1926.099976,0
2017-06-07,1926.099976,1930.900024,1922.599976,1927.099976,1927.099976,0
2017-06-08,1926.400024,1927.099976,1920.599976,1924.199951,1924.199951,0
2017-06-09,1921.400024,1930.300049,1916.300049,1922.800049,1922.800049,0
2017-06-11,null,null,null,null,null,null
2017-06-12,1923.400024,1924.699951,1914.400024,1918.699951,1918.699951,0
2017-06-13,1918.900024,1929.099976,1918.800049,1928.699951,1928.699951,0
2017-06-14,1929.199951,1936.400024,1922.599976,1930.500000,1930.500000,0
2017-06-15,1926.500000,1926.900024,1908.099976,1916.500000,1916.500000,0
2017-06-16,1916.800049,1923.199951,1916.300049,1923.199951,1923.199951,0
2017-06-18,null,null,null,null,null,null
2017-06-19,1922.900024,1936.599976,1922.599976,1936.500000,1936.500000,0
2017-06-20,1936.000000,1937.500000,1922.500000,1922.500000,1922.500000,0
2017-06-21,1923.199951,1924.000000,1917.599976,1920.000000,1920.000000,0
2017-06-22,1921.199951,1924.900024,1919.300049,1921.500000,1921.500000,0
2017-06-23,1921.800049,1926.699951,1919.099976,1925.000000,1925.000000,0
2017-06-25,null,null,null,null,null,null
2017-06-26,1925.099976,1935.099976,1924.699951,1927.500000,1927.500000,0
2017-06-27,1926.500000,1928.900024,1917.599976,1917.599976,1917.599976,0
2017-06-28,1919.199951,1933.300049,1916.699951,1931.699951,1931.699951,0
2017-06-29,1933.300049,1938.699951,1914.000000,1919.599976,1919.599976,0
2017-06-30,1919.699951,1923.400024,1915.300049,1916.400024,1916.400024,0
2017-07-02,null,null,null,null,null,null
2017-07-03,1917.500000,1925.599976,1915.699951,1920.599976,1920.599976,0
2017-07-05,1919.199951,1922.300049,1914.500000,1920.300049,1920.300049,0
2017-07-06,1921.099976,1921.400024,1908.599976,1909.000000,1909.000000,0
2017-07-07,1908.300049,1914.400024,1905.300049,1913.199951,1913.199951,0
2017-07-09,null,null,null,null,null,null
2017-07-10,1914.900024,1920.099976,1913.500000,1917.099976,1917.099976,0
2017-07-11,1917.800049,1919.800049,1910.199951,1915.699951,1915.699951,0
2017-07-12,1918.300049,1934.500000,1917.000000,1932.900024,1932.900024,0
2017-07-13,1933.599976,1938.199951,1933.300049,1936.900024,1936.900024,0
2017-07-14,1938.000000,1951.199951,1937.599976,1948.099976,1948.099976,0
2017-07-16,null,null,null,null,null,null
2017-07-17,1949.599976,1950.900024,1947.099976,1948.599976,1948.599976,0
2017-07-18,1947.900024,1951.199951,1944.000000,1949.699951,1949.699951,0
2017-07-19,1948.099976,1958.599976,1948.000000,1958.599976,1958.599976,0
2017-07-20,1958.800049,1964.699951,1958.300049,1963.300049,1963.300049,0
2017-07-21,1961.900024,1963.900024,1953.699951,1958.800049,1958.800049,0
2017-07-23,null,null,null,null,null,null
2017-07-24,1958.599976,1958.699951,1952.500000,1954.800049,1954.800049,0
2017-07-25,1954.099976,1964.500000,1954.000000,1960.599976,1960.599976,0
2017-07-26,1960.400024,1968.800049,1958.900024,1961.900024,1961.900024,0
2017-07-27,1967.400024,1971.300049,1956.900024,1963.500000,1963.500000,0
2017-07-28,1964.400024,1964.500000,1955.699951,1960.300049,1960.300049,0
2017-07-30,null,null,null,null,null,null
2017-07-31,1960.699951,1965.199951,1959.199951,1961.099976,1961.099976,0
2017-08-01,1962.099976,1971.400024,1962.099976,1970.400024,1970.400024,0
2017-08-02,1969.800049,1971.099976,1963.800049,1970.300049,1970.300049,0
2017-08-03,1969.300049,1970.900024,1966.599976,1968.699951,1968.699951,0
2017-08-04,1968.500000,1971.400024,1964.500000,1967.800049,1967.800049,0
2017-08-06,null,null,null,null,null,null
2017-08-07,1969.800049,1972.099976,1968.699951,1971.800049,1971.800049,0
2017-08-08,1972.400024,1974.800049,1966.099976,1966.800049,1966.800049,0
2017-08-09,1968.199951,1968.599976,1955.199951,1961.900024,1961.900024,0
2017-08-10,1963.199951,1963.500000,1940.300049,1940.300049,1940.300049,0
2017-08-11,1940.599976,1942.099976,1934.099976,1937.699951,1937.699951,0
2017-08-13,null,null,null,null,null,null
2017-08-14,1937.699951,1954.699951,1936.500000,1952.599976,1952.599976,0
2017-08-15,1952.300049,1954.199951,1947.300049,1949.199951,1949.199951,0
2017-08-16,1949.900024,1958.699951,1949.099976,1954.000000,1954.000000,0
2017-08-17,1958.500000,1959.599976,1936.199951,1936.300049,1936.300049,0
2017-08-18,1934.000000,1936.199951,1927.000000,1930.400024,1930.400024,0
2017-08-20,null,null,null,null,null,null
2017-08-21,1930.099976,1932.500000,1925.199951,1932.199951,1932.199951,0
2017-08-22,1931.500000,1945.400024,1930.599976,1945.199951,1945.199951,0
2017-08-23,1945.900024,1945.900024,1939.500000,1942.199951,1942.199951,0
2017-08-24,1942.400024,1946.199951,1938.699951,1939.699951,1939.699951,0
2017-08-25,1939.500000,1951.199951,1938.599976,1944.599976,1944.599976,0
2017-08-27,null,null,null,null,null,null
2017-08-28,1947.300049,1949.099976,1944.199951,1946.300049,1946.300049,0
2017-08-29,1945.800049,1948.000000,1935.199951,1945.099976,1945.099976,0
2017-08-30,1942.099976,1948.000000,1941.000000,1947.500000,1947.500000,0
2017-08-31,1947.000000,1962.400024,1946.500000,1959.699951,1959.699951,0
2017-09-01,1961.900024,1968.000000,1960.300049,1965.800049,1965.800049,0
2017-09-03,null,null,null,null,null,null
2017-09-05,1962.099976,1963.800049,1948.199951,1954.599976,1954.599976,0
2017-09-06,1954.099976,1960.400024,1951.500000,1959.199951,1959.199951,0
2017-09-07,1958.699951,1966.599976,1958.000000,1964.599976,1964.599976,0
2017-09-08,1965.800049,1969.400024,1964.500000,1964.500000,1964.500000,0
2017-09-10,null,null,null,null,null,null
2017-09-11,1965.199951,1982.000000,1965.099976,1982.000000,1982.000000,0
2017-09-12,1981.699951,1988.300049,1981.300049,1988.300049,1988.300049,0
2017-09-13,1989.199951,1990.400024,1983.599976,1986.699951,1986.699951,0
2017-09-14,1985.900024,1986.099976,1981.099976,1983.400024,1983.400024,0
2017-09-15,1986.500000,1988.000000,1984.199951,1987.699951,1987.699951,0
2017-09-17,null,null,null,null,null,null
2017-09-18,1986.599976,1993.599976,1986.500000,1990.599976,1990.599976,0
2017-09-19,1991.400024,1997.599976,1991.300049,1996.099976,1996.099976,0
2017-09-20,1995.900024,1999.400024,1986.099976,1998.699951,1998.699951,0
2017-09-21,1992.699951,1994.000000,1989.000000,1990.300049,1990.300049,0
2017-09-22,1991.699951,1994.900024,1990.900024,1994.599976,1994.599976,0
2017-09-24,null,null,null,null,null,null
2017-09-25,1992.099976,1993.699951,1984.400024,1989.099976,1989.099976,0
2017-09-26,1988.800049,1989.199951,1982.599976,1983.300049,1983.300049,0
2017-09-27,1984.500000,1990.099976,1980.599976,1988.000000,1988.000000,0
2017-09-28,1987.500000,1993.900024,1986.599976,1992.400024,1992.400024,0
2017-09-29,1993.099976,2000.599976,1991.300049,2000.599976,2000.599976,0
2017-10-01,null,null,null,null,null,null
2017-10-02,2000.199951,2004.699951,1997.500000,2004.699951,2004.699951,0
2017-10-03,2004.800049,2009.699951,2002.599976,2009.599976,2009.599976,0
2017-10-04,2009.400024,2011.900024,2007.400024,2011.000000,2011.000000,0
2017-10-05,2010.500000,2016.199951,2008.199951,2016.199951,2016.199951,0
2017-10-06,2015.300049,2016.300049,2009.800049,2014.000000,2014.000000,0
2017-10-08,null,null,null,null,null,null
2017-10-09,2015.099976,2016.300049,2012.400024,2013.099976,2013.099976,0
2017-10-10,2013.099976,2022.699951,2012.900024,2021.599976,2021.599976,0
2017-10-11,2020.500000,2025.900024,2019.900024,2024.500000,2024.500000,0
2017-10-12,2025.500000,2027.699951,2022.199951,2023.599976,2023.599976,0
2017-10-13,2024.599976,2031.099976,2024.099976,2028.000000,2028.000000,0
2017-10-15,null,null,null,null,null,null
2017-10-16,2027.000000,2031.599976,2027.000000,2029.900024,2029.900024,0
2017-10-17,2028.699951,2030.000000,2025.699951,2027.400024,2027.400024,0
2017-10-18,2028.800049,2033.099976,2028.000000,2030.400024,2030.400024,0
2017-10-19,2031.300049,2033.500000,2024.800049,2033.300049,2033.300049,0
2017-10-20,2032.199951,2035.599976,2028.900024,2035.599976,2035.599976,0
2017-10-22,null,null,null,null,null,null
2017-10-23,2033.900024,2036.900024,2030.099976,2030.099976,2030.099976,0
2017-10-24,2031.000000,2033.800049,2029.599976,2031.400024,2031.400024,0
2017-10-25,2031.599976,2032.500000,2017.400024,2023.500000,2023.500000,0
2017-10-26,2023.800049,2028.300049,2023.400024,2025.699951,2025.699951,0
2017-10-27,2023.300049,2036.300049,2022.900024,2034.599976,2034.599976,0
2017-10-29,null,null,null,null,null,null
2017-10-30,2035.800049,2038.000000,2032.599976,2034.599976,2034.599976,0
2017-10-31,2035.400024,2038.400024,2033.800049,2036.800049,2036.800049,0
2017-11-01,2036.800049,2047.099976,2036.699951,2041.199951,2041.199951,0
2017-11-02,2041.099976,2044.599976,2036.400024,2043.199951,2043.199951,0
2017-11-03,2042.300049,2045.800049,2039.199951,2045.500000,2045.500000,0
2017-11-05,null,null,null,null,null,null
2017-11-06,2045.699951,2050.199951,2043.800049,2046.800049,2046.800049,0
2017-11-07,2049.300049,2052.100098,2044.500000,2046.800049,2046.800049,0
2017-11-08,2048.100098,2051.399902,2045.500000,2050.699951,2050.699951,0
2017-11-09,2050.800049,2054.300049,2035.599976,2042.400024,2042.400024,0
2017-11-10,2043.900024,2044.099976,2037.199951,2040.300049,2040.300049,0
2017-11-12,null,null,null,null,null,null
2017-11-13,2038.699951,2038.699951,2029.099976,2035.699951,2035.699951,0
2017-11-14,2035.199951,2036.500000,2026.099976,2031.900024,2031.900024,0
2017-11-15,2033.699951,2033.699951,2016.599976,2021.000000,2021.000000,0
2017-11-16,2020.900024,2037.099976,2020.900024,2035.800049,2035.800049,0
2017-11-17,2035.099976,2040.099976,2032.300049,2033.199951,2033.199951,0
2017-11-19,null,null,null,null,null,null
2017-11-20,2033.400024,2036.599976,2031.400024,2035.699951,2035.699951,0
2017-11-21,2034.599976,2048.899902,2034.599976,2047.199951,2047.199951,0
2017-11-22,2047.500000,2054.000000,2047.500000,2050.100098,2050.100098,0
2017-11-24,2053.699951,2060.399902,2052.100098,2059.500000,2059.500000,0
2017-11-26,null,null,null,null,null,null
2017-11-27,2058.899902,2060.899902,2054.399902,2055.800049,2055.800049,0
2017-11-28,2054.699951,2067.399902,2053.000000,2066.600098,2066.600098,0
2017-11-29,2067.199951,2072.899902,2063.899902,2066.199951,2066.199951,0
2017-11-30,2065.899902,2079.399902,2064.699951,2077.399902,2077.399902,0
2017-12-01,2074.699951,2077.699951,2057.199951,2069.399902,2069.399902,0
2017-12-03,null,null,null,null,null,null
2017-12-04,2070.000000,2083.899902,2066.399902,2070.000000,2070.000000,0
2017-12-05,2070.899902,2073.199951,2063.199951,2063.600098,2063.600098,0
2017-12-06,2063.500000,2063.699951,2056.199951,2058.199951,2058.199951,0
2017-12-07,2058.300049,2065.699951,2057.600098,2063.600098,2063.600098,0
2017-12-08,2063.000000,2074.199951,2062.800049,2073.500000,2073.500000,0
2017-12-10,null,null,null,null,null,null
2017-12-11,2074.100098,2081.199951,2074.000000,2081.199951,2081.199951,0
2017-12-12,2080.100098,2086.399902,2079.899902,2083.399902,2083.399902,0
2017-12-13,2084.000000,2092.300049,2083.300049,2084.399902,2084.399902,0
2017-12-14,2087.899902,2088.399902,2077.600098,2077.600098,2077.600098,0
2017-12-15,2078.000000,2087.300049,2075.100098,2085.500000,2085.500000,0
2017-12-17,null,null,null,null,null,null
2017-12-18,2085.000000,2106.100098,2084.899902,2104.000000,2104.000000,0
2017-12-19,2102.699951,2104.699951,2096.300049,2096.300049,2096.300049,0
2017-12-20,2098.100098,2101.899902,2094.100098,2095.399902,2095.399902,0
2017-12-21,2094.800049,2104.899902,2092.500000,2100.800049,2100.800049,0
2017-12-22,2101.600098,2102.300049,2097.500000,2099.600098,2099.600098,0
2017-12-24,null,null,null,null,null,null
2017-12-26,2101.199951,2101.399902,2098.399902,2099.300049,2099.300049,0
2017-12-27,2099.500000,2105.000000,2099.300049,2103.199951,2103.199951,0
2017-12-28,2103.800049,2107.399902,2103.500000,2106.899902,2106.899902,0
2017-12-29,2107.100098,2112.399902,2102.500000,2103.500000,2103.500000,0
2017-12-31,null,null,null,null,null,null
2018-01-02,2103.300049,2116.600098,2102.699951,2116.000000,2116.000000,0
2018-01-03,2116.300049,2126.199951,2115.399902,2125.699951,2125.699951,0
2018-01-04,2125.199951,2145.800049,2124.899902,2142.800049,2142.800049,0
2018-01-05,2143.000000,2157.100098,2143.000000,2156.600098,2156.600098,0
2018-01-07,null,null,null,null,null,null
2018-01-08,2157.000000,2158.000000,2152.800049,2158.000000,2158.000000,0
2018-01-09,2157.300049,2165.600098,2157.300049,2161.800049,2161.800049,0
2018-01-10,2161.800049,2165.600098,2155.699951,2162.300049,2162.300049,0
2018-01-11,2160.600098,2172.100098,2157.899902,2171.800049,2171.800049,0
2018-01-12,2172.199951,2188.600098,2170.699951,2185.300049,2185.300049,0
2018-01-14,null,null,null,null,null,null
2018-01-16,2193.500000,2203.000000,2186.800049,2188.399902,2188.399902,0
2018-01-17,2189.399902,2202.699951,2185.600098,2199.899902,2199.899902,0
2018-01-18,2196.399902,2200.699951,2194.600098,2196.699951,2196.699951,0
2018-01-19,2197.300049,2207.399902,2196.899902,2207.399902,2207.399902,0
2018-01-21,null,null,null,null,null,null
2018-01-22,2208.600098,2221.100098,2206.199951,2221.000000,2221.000000,0
2018-01-23,2221.100098,2231.300049,2220.899902,2230.100098,2230.100098,0
2018-01-24,2230.199951,2242.500000,2227.100098,2232.300049,2232.300049,0
2018-01-25,2233.000000,2239.500000,2222.500000,2234.399902,2234.399902,0
2018-01-26,2225.500000,2248.899902,2225.500000,2248.899902,2248.899902,0
2018-01-28,null,null,null,null,null,null
2018-01-29,2248.300049,2249.699951,2234.199951,2234.199951,2234.199951,0
2018-01-30,2234.899902,2235.000000,2212.300049,2214.100098,2214.100098,0
2018-01-31,2214.100098,2221.600098,2205.399902,2213.199951,2213.199951,0
2018-02-01,2211.100098,2218.800049,2207.899902,2212.500000,2212.500000,0
2018-02-02,2213.899902,2214.500000,2171.399902,2171.500000,2171.500000,0
2018-02-04,null,null,null,null,null,null
2018-02-05,2170.399902,2171.199951,2100.699951,2103.600098,2103.600098,0
2018-02-06,2103.000000,2103.000000,2054.600098,2098.899902,2098.899902,0
2018-02-07,2100.300049,2124.100098,2099.199951,2101.100098,2101.100098,0
2018-02-08,2099.300049,2102.899902,2044.500000,2045.000000,2045.000000,0
2018-02-09,2044.699951,2059.600098,2009.599976,2050.899902,2050.899902,0
2018-02-11,null,null,null,null,null,null
2018-02-12,2051.100098,2084.699951,2050.600098,2075.899902,2075.899902,0
2018-02-13,2076.899902,2083.100098,2069.199951,2080.699951,2080.699951,0
2018-02-14,2080.000000,2109.300049,2072.399902,2105.899902,2105.899902,0
2018-02-15,2108.199951,2133.000000,2108.199951,2130.899902,2130.899902,0
2018-02-16,2132.800049,2148.000000,2131.899902,2137.899902,2137.899902,0
2018-02-18,null,null,null,null,null,null
2018-02-20,2136.100098,2136.600098,2121.100098,2126.199951,2126.199951,0
2018-02-21,2125.000000,2141.500000,2116.399902,2118.399902,2118.399902,0
2018-02-22,2115.800049,2131.100098,2109.100098,2117.199951,2117.199951,0
2018-02-23,2118.199951,2140.899902,2116.899902,2140.899902,2140.899902,0
2018-02-25,null,null,null,null,null,null
2018-02-26,2140.199951,2161.399902,2140.000000,2159.699951,2159.699951,0
2018-02-27,2160.699951,2165.500000,2140.500000,2140.600098,2140.600098,0
2018-02-28,2141.000000,2144.199951,2117.600098,2118.000000,2118.000000,0
2018-03-01,2117.399902,2117.500000,2083.000000,2090.000000,2090.000000,0
2018-03-02,2095.000000,2095.000000,2069.199951,2089.800049,2089.800049,0
2018-03-04,null,null,null,null,null,null
2018-03-05,2091.100098,2109.199951,2081.000000,2106.600098,2106.600098,0
2018-03-06,2106.199951,2120.699951,2106.199951,2117.800049,2117.800049,0
2018-03-07,2119.000000,2119.399902,2104.300049,2116.000000,2116.000000,0
2018-03-08,2116.300049,2125.699951,2116.300049,2125.300049,2125.300049,0
2018-03-09,2124.600098,2149.300049,2123.600098,2149.300049,2149.300049,0
2018-03-11,null,null,null,null,null,null
2018-03-12,2149.399902,2160.899902,2149.399902,2154.300049,2154.300049,0
2018-03-13,2154.899902,2164.300049,2141.000000,2144.600098,2144.600098,0
2018-03-14,2144.199951,2150.699951,2132.800049,2134.500000,2134.500000,0
2018-03-15,2134.699951,2142.399902,2130.300049,2133.399902,2133.399902,0
2018-03-16,2132.300049,2139.600098,2131.300049,2134.100098,2134.100098,0
2018-03-18,null,null,null,null,null,null
2018-03-19,2134.699951,2134.899902,2102.300049,2110.399902,2110.399902,0
2018-03-20,2110.100098,2114.100098,2107.300049,2110.899902,2110.899902,0
2018-03-21,2110.000000,2123.899902,2109.000000,2109.199951,2109.199951,0
2018-03-22,2113.500000,2116.500000,2072.500000,2072.899902,2072.899902,0
2018-03-23,2074.300049,2074.300049,2035.800049,2036.599976,2036.599976,0
2018-03-25,null,null,null,null,null,null
2018-03-26,2036.599976,2070.399902,2034.099976,2069.100098,2069.100098,0
2018-03-27,2069.399902,2085.800049,2048.699951,2055.600098,2055.600098,0
2018-03-28,2056.600098,2059.800049,2039.000000,2047.800049,2047.800049,0
2018-03-29,2044.900024,2073.800049,2044.699951,2065.500000,2065.500000,0
2018-04-01,null,null,null,null,null,null
2018-04-02,2067.500000,2069.100098,2026.199951,2038.500000,2038.500000,0
2018-04-03,2036.699951,2050.899902,2029.400024,2048.800049,2048.800049,0
2018-04-04,2049.899902,2063.199951,2027.000000,2061.300049,2061.300049,0
2018-04-05,2062.600098,2085.199951,2062.000000,2080.699951,2080.699951,0
2018-04-06,2081.899902,2082.800049,2045.400024,2052.800049,2052.800049,0
2018-04-08,null,null,null,null,null,null
2018-04-09,2053.100098,2081.000000,2052.800049,2061.199951,2061.199951,0
2018-04-10,2061.699951,2094.500000,2061.500000,2090.100098,2090.100098,0
2018-04-11,2091.100098,2091.300049,2080.199951,2082.600098,2082.600098,0
2018-04-12,2081.699951,2096.399902,2078.300049,2090.899902,2090.899902,0
2018-04-13,2092.399902,2101.699951,2084.399902,2089.000000,2089.000000,0
2018-04-15,null,null,null,null,null,null
2018-04-16,2089.300049,2104.399902,2089.199951,2099.800049,2099.800049,0
2018-04-17,2100.500000,2120.600098,2100.000000,2116.399902,2116.399902,0
2018-04-18,2117.600098,2128.000000,2117.500000,2123.800049,2123.800049,0
2018-04-19,2123.899902,2125.300049,2108.800049,2115.899902,2115.899902,0
2018-04-20,2112.899902,2113.600098,2095.399902,2099.699951,2099.699951,0
2018-04-22,null,null,null,null,null,null
2018-04-23,2098.899902,2102.899902,2090.800049,2097.199951,2097.199951,0
2018-04-24,2097.300049,2105.100098,2075.600098,2081.500000,2081.500000,0
2018-04-25,2082.100098,2082.100098,2063.300049,2076.699951,2076.699951,0
2018-04-26,2077.399902,2096.300049,2076.300049,2092.399902,2092.399902,0
2018-04-27,2093.100098,2098.899902,2089.500000,2096.100098,2096.100098,0
2018-04-29,null,null,null,null,null,null
2018-04-30,2096.399902,2102.399902,2086.199951,2086.500000,2086.500000,0
2018-05-01,2086.100098,2086.300049,2071.399902,2083.800049,2083.800049,0
2018-05-02,2084.199951,2091.300049,2074.100098,2076.699951,2076.699951,0
2018-05-03,2076.399902,2078.899902,2054.100098,2071.399902,2071.399902,0
2018-05-04,2073.100098,2094.199951,2063.699951,2089.399902,2089.399902,0
2018-05-06,null,null,null,null,null,null
2018-05-07,2090.600098,2102.500000,2088.899902,2096.899902,2096.899902,0
2018-05-08,2097.800049,2099.199951,2088.100098,2095.100098,2095.100098,0
2018-05-09,2095.899902,2111.600098,2092.399902,2109.800049,2109.800049,0
2018-05-10,2109.699951,2127.600098,2109.300049,2123.500000,2123.500000,0
2018-05-11,2126.000000,2134.800049,2126.000000,2132.000000,2132.000000,0
2018-05-13,null,null,null,null,null,null
2018-05-14,2131.899902,2141.600098,2131.699951,2136.100098,2136.100098,0
2018-05-15,2134.199951,2134.800049,2113.600098,2120.000000,2120.000000,0
2018-05-16,2118.800049,2126.600098,2116.199951,2123.000000,2123.000000,0
2018-05-17,2125.300049,2131.100098,2120.800049,2125.600098,2125.600098,0
2018-05-18,2125.699951,2127.300049,2117.699951,2120.800049,2120.800049,0
2018-05-20,null,null,null,null,null,null
2018-05-21,2120.300049,2134.000000,2118.000000,2130.699951,2130.699951,0
2018-05-22,2132.800049,2138.899902,2127.899902,2128.800049,2128.800049,0
2018-05-23,2129.000000,2129.199951,2110.600098,2128.800049,2128.800049,0
2018-05-24,2123.100098,2124.800049,2107.000000,2117.699951,2117.699951,0
2018-05-25,2116.699951,2119.300049,2107.800049,2110.800049,2110.800049,0
2018-05-27,null,null,null,null,null,null
2018-05-29,2107.100098,2108.000000,2077.399902,2083.300049,2083.300049,0
2018-05-30,2081.399902,2103.800049,2078.000000,2100.399902,2100.399902,0
2018-05-31,2103.199951,2108.199951,2090.199951,2092.899902,2092.899902,0
2018-06-01,2092.399902,2110.600098,2090.899902,2109.199951,2109.199951,0
2018-06-03,null,null,null,null,null,null
2018-06-04,2111.100098,2124.899902,2111.100098,2121.899902,2121.899902,0
2018-06-05,2121.800049,2123.300049,2115.899902,2119.399902,2119.399902,0
2018-06-06,2122.300049,2136.699951,2121.899902,2136.699951,2136.699951,0
2018-06-07,2137.199951,2143.100098,2132.600098,2137.600098,2137.600098,0
2018-06-08,2136.500000,2138.000000,2128.699951,2137.699951,2137.699951,0
2018-06-10,null,null,null,null,null,null
2018-06-11,2138.000000,2147.199951,2137.699951,2144.199951,2144.199951,0
2018-06-12,2143.699951,2147.699951,2140.199951,2145.399902,2145.399902,0
2018-06-13,2144.000000,2149.000000,2137.699951,2140.199951,2140.199951,0
2018-06-14,2140.300049,2144.300049,2136.300049,2142.000000,2142.000000,0
2018-06-15,2138.100098,2139.800049,2126.100098,2134.199951,2134.199951,0
2018-06-17,null,null,null,null,null,null
2018-06-18,2132.399902,2132.399902,2115.699951,2125.800049,2125.800049,0
2018-06-19,2126.000000,2127.100098,2100.800049,2111.399902,2111.399902,0
2018-06-20,2112.100098,2121.899902,2110.500000,2117.800049,2117.800049,0
2018-06-21,2116.800049,2118.100098,2103.800049,2105.899902,2105.899902,0
2018-06-22,2104.100098,2120.000000,2104.000000,2114.899902,2114.899902,0
2018-06-24,null,null,null,null,null,null
2018-06-25,2116.199951,2116.300049,2078.399902,2085.600098,2085.600098,0
2018-06-26,2085.399902,2091.899902,2083.699951,2088.399902,2088.399902,0
2018-06-27,2087.399902,2100.800049,2074.399902,2076.300049,2076.300049,0
2018-06-28,2079.600098,2079.600098,2079.600098,2079.600098,2079.600098,0
2018-06-29,2089.300049,2089.300049,2089.300049,2089.300049,2089.300049,0
2018-07-01,null,null,null,null,null,null
2018-07-02,2089.199951,2089.399902,2069.199951,2082.100098,2082.100098,0
2018-07-03,2083.699951,2094.600098,2081.000000,2082.100098,2082.100098,0
2018-07-05,2082.600098,2096.199951,2080.500000,2096.199951,2096.199951,0
2018-07-06,2096.699951,2115.300049,2096.000000,2113.699951,2113.699951,0
2018-07-08,null,null,null,null,null,null
2018-07-09,2114.399902,2131.100098,2114.300049,2131.100098,2131.100098,0
2018-07-10,2131.600098,2137.300049,2129.300049,2135.899902,2135.899902,0
2018-07-11,2134.899902,2135.100098,2111.800049,2117.300049,2117.300049,0
2018-07-12,2114.199951,2130.899902,2113.899902,2130.899902,2130.899902,0
2018-07-13,2130.399902,2136.300049,2128.199951,2134.600098,2134.600098,0
2018-07-15,null,null,null,null,null,null
2018-07-16,2135.300049,2137.000000,2130.399902,2132.800049,2132.800049,0
2018-07-17,2133.399902,2139.100098,2127.300049,2138.199951,2138.199951,0
2018-07-18,2137.899902,2143.600098,2135.399902,2142.199951,2142.199951,0
2018-07-19,2143.500000,2145.000000,2131.600098,2134.800049,2134.800049,0
2018-07-20,2137.000000,2143.600098,2134.199951,2139.199951,2139.199951,0
2018-07-22,null,null,null,null,null,null
2018-07-23,2140.899902,2142.399902,2133.600098,2139.399902,2139.399902,0
2018-07-24,2139.800049,2158.000000,2138.600098,2151.100098,2151.100098,0
2018-07-25,2150.899902,2165.399902,2147.800049,2161.800049,2161.800049,0
2018-07-26,2166.500000,2168.699951,2160.199951,2161.899902,2161.899902,0
2018-07-27,2161.600098,2168.000000,2151.199951,2156.100098,2156.100098,0
2018-07-29,null,null,null,null,null,null
2018-07-30,2155.500000,2157.300049,2146.199951,2148.300049,2148.300049,0
2018-07-31,2147.699951,2157.000000,2145.600098,2153.100098,2153.100098,0
2018-08-01,2153.600098,2156.800049,2146.500000,2149.399902,2149.399902,0
2018-08-02,2149.399902,2149.699951,2132.800049,2147.600098,2147.600098,0
2018-08-03,2146.500000,2155.399902,2144.800049,2155.399902,2155.399902,0
2018-08-05,null,null,null,null,null,null
2018-08-06,2154.199951,2158.699951,2148.600098,2157.300049,2157.300049,0
2018-08-07,2157.399902,2170.899902,2157.300049,2166.899902,2166.899902,0
2018-08-08,2166.899902,2169.199951,2162.300049,2166.199951,2166.199951,0
2018-08-09,2166.300049,2168.300049,2160.800049,2163.699951,2163.699951,0
2018-08-10,2161.300049,2161.300049,2135.000000,2139.800049,2139.800049,0
2018-08-12,null,null,null,null,null,null
2018-08-13,2137.000000,2138.899902,2125.199951,2127.500000,2127.500000,0
2018-08-14,2128.000000,2138.800049,2127.699951,2137.399902,2137.399902,0
2018-08-15,2136.000000,2136.000000,2106.800049,2115.699951,2115.699951,0
2018-08-16,2115.300049,2135.100098,2113.399902,2131.100098,2131.100098,0
2018-08-17,2130.699951,2141.699951,2127.600098,2138.100098,2138.100098,0
2018-08-19,null,null,null,null,null,null
2018-08-20,2138.600098,2148.199951,2137.899902,2145.199951,2145.199951,0
2018-08-21,2148.000000,2159.300049,2147.199951,2151.800049,2151.800049,0
2018-08-22,2154.800049,2159.300049,2153.399902,2156.000000,2156.000000,0
2018-08-23,2155.800049,2155.899902,2146.100098,2149.199951,2149.199951,0
2018-08-24,2148.100098,2162.800049,2147.199951,2161.600098,2161.600098,0
2018-08-26,null,null,null,null,null,null
2018-08-27,2162.899902,2181.600098,2162.600098,2180.000000,2180.000000,0
2018-08-28,2181.399902,2187.600098,2179.899902,2182.500000,2182.500000,0
2018-08-29,2182.100098,2193.100098,2180.500000,2190.800049,2190.800049,0
2018-08-30,2193.000000,2193.199951,2179.199951,2181.600098,2181.600098,0
2018-08-31,2181.100098,2182.500000,2168.800049,2175.500000,2175.500000,0
2018-09-02,null,null,null,null,null,null
2018-09-04,2172.600098,2172.600098,2156.399902,2162.800049,2162.800049,0
2018-09-05,2163.399902,2163.399902,2146.800049,2152.800049,2152.800049,0
2018-09-06,2152.199951,2154.399902,2138.800049,2144.000000,2144.000000,0
2018-09-07,2143.600098,2144.399902,2131.600098,2137.600098,2137.600098,0
2018-09-09,null,null,null,null,null,null
2018-09-10,2136.300049,2148.199951,2135.100098,2142.600098,2142.600098,0
2018-09-11,2142.500000,2149.600098,2134.899902,2147.699951,2147.699951,0
2018-09-12,2148.699951,2155.500000,2145.699951,2152.699951,2152.699951,0
2018-09-13,2153.899902,2167.000000,2153.899902,2162.699951,2162.699951,0
2018-09-14,2164.199951,2169.199951,2161.199951,2166.600098,2166.600098,0
2018-09-16,null,null,null,null,null,null
2018-09-17,2165.399902,2168.600098,2159.500000,2160.500000,2160.500000,0
2018-09-18,2159.699951,2174.500000,2159.699951,2172.300049,2172.300049,0
2018-09-19,2174.199951,2180.699951,2173.899902,2177.699951,2177.699951,0
2018-09-20,2178.699951,2198.600098,2177.800049,2195.699951,2195.699951,0
2018-09-21,2197.699951,2204.000000,2197.600098,2200.000000,2200.000000,0
2018-09-23,null,null,null,null,null,null
2018-09-24,2199.399902,2199.399902,2189.199951,2193.000000,2193.000000,0
2018-09-25,2191.100098,2198.500000,2190.800049,2194.199951,2194.199951,0
2018-09-26,2192.500000,2202.399902,2188.800049,2189.300049,2189.300049,0
2018-09-27,2189.100098,2194.899902,2182.300049,2188.699951,2188.699951,0
2018-09-28,2188.699951,2190.500000,2180.000000,2184.000000,2184.000000,0
2018-09-30,null,null,null,null,null,null
2018-10-01,2183.600098,2195.899902,2181.500000,2188.199951,2188.199951,0
2018-10-02,2188.000000,2190.199951,2180.100098,2183.600098,2183.600098,0
2018-10-03,2183.399902,2190.800049,2180.000000,2183.600098,2183.600098,0
2018-10-04,2180.399902,2181.899902,2155.800049,2165.399902,2165.399902,0
2018-10-05,2164.600098,2164.899902,2143.699951,2151.399902,2151.399902,0
2018-10-07,null,null,null,null,null,null
2018-10-08,2152.000000,2152.000000,2133.600098,2143.600098,2143.600098,0
2018-10-09,2144.399902,2146.500000,2132.300049,2138.500000,2138.500000,0
2018-10-10,2140.500000,2142.000000,2088.199951,2089.100098,2089.100098,0
2018-10-11,2089.000000,2089.000000,2040.099976,2045.000000,2045.000000,0
2018-10-12,2046.400024,2070.000000,2044.599976,2063.399902,2063.399902,0
2018-10-14,null,null,null,null,null,null
2018-10-15,2062.600098,2066.600098,2052.199951,2055.100098,2055.100098,0
2018-10-16,2055.199951,2092.100098,2054.199951,2091.199951,2091.199951,0
2018-10-17,2090.800049,2096.500000,2075.399902,2089.500000,2089.500000,0
2018-10-18,2087.300049,2089.699951,2057.399902,2064.500000,2064.500000,0
2018-10-19,2063.000000,2078.300049,2058.899902,2062.300049,2062.300049,0
2018-10-21,null,null,null,null,null,null
2018-10-22,2062.800049,2067.300049,2050.399902,2053.399902,2053.399902,0
2018-10-23,2053.300049,2053.399902,2009.199951,2033.900024,2033.900024,0
2018-10-24,2034.099976,2036.199951,1987.400024,1988.599976,1988.599976,0
2018-10-25,1988.599976,2014.199951,1978.000000,2006.300049,2006.300049,0
2018-10-26,2006.800049,2008.400024,1962.400024,1981.900024,1981.900024,0
2018-10-28,null,null,null,null,null,null
2018-10-29,1982.400024,2010.500000,1958.300049,1975.699951,1975.699951,0
2018-10-30,1975.199951,1997.500000,1971.699951,1997.199951,1997.199951,0
2018-10-31,1996.099976,2032.800049,1996.000000,2022.000000,2022.000000,0
2018-11-01,2021.400024,2042.900024,2020.400024,2040.900024,2040.900024,0
2018-11-02,2041.800049,2058.100098,2026.199951,2036.699951,2036.699951,0
2018-11-04,null,null,null,null,null,null
2018-11-05,2037.300049,2044.000000,2031.500000,2040.699951,2040.699951,0
2018-11-06,2041.199951,2051.100098,2041.199951,2050.699951,2050.699951,0
2018-11-07,2050.800049,2084.500000,2050.600098,2084.500000,2084.500000,0
2018-11-08,2083.000000,2089.500000,2074.000000,2082.500000,2082.500000,0
2018-11-09,2079.399902,2079.800049,2053.899902,2063.199951,2063.199951,0
2018-11-11,null,null,null,null,null,null
2018-11-12,2060.600098,2061.899902,2026.199951,2028.599976,2028.599976,0
2018-11-13,2027.099976,2042.800049,2021.500000,2026.500000,2026.500000,0
2018-11-14,2027.699951,2040.099976,2007.800049,2015.099976,2015.099976,0
2018-11-15,2015.800049,2029.699951,1996.000000,2026.300049,2026.300049,0
2018-11-16,2026.099976,2036.500000,2019.000000,2031.800049,2031.800049,0
2018-11-18,null,null,null,null,null,null
2018-11-19,2032.500000,2036.800049,2005.300049,2009.599976,2009.599976,0
2018-11-20,2009.699951,2009.800049,1969.000000,1976.900024,1976.900024,0
2018-11-21,1974.400024,1995.099976,1971.500000,1984.699951,1984.699951,0
2018-11-23,1984.199951,1986.000000,1973.000000,1975.099976,1975.099976,0
2018-11-25,null,null,null,null,null,null
2018-11-26,1974.800049,1999.699951,1973.900024,1999.199951,1999.199951,0
2018-11-27,1998.900024,2001.400024,1987.900024,2000.099976,2000.099976,0
2018-11-28,2000.099976,2034.699951,1999.500000,2029.800049,2029.800049,0
2018-11-29,2034.699951,2042.500000,2027.000000,2034.900024,2034.900024,0
2018-11-30,2034.699951,2041.500000,2028.599976,2041.400024,2041.400024,0
2018-12-02,null,null,null,null,null,null
2018-12-03,2042.099976,2072.600098,2041.800049,2066.600098,2066.600098,0
2018-12-04,2066.600098,2066.699951,2015.300049,2016.900024,2016.900024,0
2018-12-06,2008.900024,2009.000000,1954.900024,1990.900024,1990.900024,0
2018-12-07,1990.400024,2006.300049,1961.199951,1965.199951,1965.199951,0
2018-12-09,null,null,null,null,null,null
2018-12-10,1964.699951,1964.800049,1927.599976,1952.800049,1952.800049,0
2018-12-11,1952.300049,1977.400024,1947.800049,1954.699951,1954.699951,0
2018-12-12,1954.199951,1992.199951,1954.199951,1975.900024,1975.900024,0
2018-12-13,1975.500000,1986.199951,1969.199951,1974.400024,1974.400024,0
2018-12-14,1975.000000,1975.199951,1940.099976,1942.599976,1942.599976,0
2018-12-16,null,null,null,null,null,null
2018-12-17,1943.000000,1944.300049,1908.000000,1914.300049,1914.300049,0
2018-12-18,1914.500000,1924.900024,1900.599976,1908.199951,1908.199951,0
2018-12-19,1908.599976,1930.000000,1887.500000,1892.699951,1892.699951,0
2018-12-20,1890.500000,1890.900024,1853.800049,1862.800049,1862.800049,0
2018-12-21,1864.599976,1876.699951,1828.699951,1835.000000,1835.000000,0
2018-12-23,null,null,null,null,null,null
2018-12-24,1833.000000,1834.300049,1802.500000,1803.000000,1803.000000,0
2018-12-26,1796.000000,1850.699951,1794.000000,1850.699951,1850.699951,0
2018-12-27,1848.199951,1863.300049,1820.900024,1862.400024,1862.400024,0
2018-12-28,1862.900024,1887.400024,1861.800049,1870.800049,1870.800049,0
2018-12-30,null,null,null,null,null,null
2018-12-31,1871.400024,1885.099976,1870.800049,1883.900024,1883.900024,0
2019-01-02,1885.099976,1885.699951,1857.900024,1881.199951,1881.199951,0
2019-01-03,1883.099976,1885.000000,1852.699951,1853.199951,1853.199951,0
2019-01-04,1853.699951,1906.400024,1847.900024,1904.199951,1904.199951,0
2019-01-06,null,null,null,null,null,null
2019-01-07,1904.099976,1927.699951,1904.000000,1919.800049,1919.800049,0
2019-01-08,1920.199951,1940.099976,1919.500000,1935.800049,1935.800049,0
2019-01-09,1935.599976,1957.099976,1935.599976,1951.000000,1951.000000,0
2019-01-10,1952.699951,1957.699951,1938.599976,1957.699951,1957.699951,0
2019-01-11,1956.300049,1961.400024,1946.199951,1957.199951,1957.199951,0
2019-01-13,null,null,null,null,null,null
2019-01-14,1957.000000,1957.599976,1941.300049,1948.199951,1948.199951,0
2019-01-15,1947.900024,1964.000000,1947.000000,1963.599976,1963.599976,0
2019-01-16,1963.099976,1971.000000,1961.099976,1966.500000,1966.500000,0
2019-01-17,1966.300049,1981.099976,1960.099976,1975.599976,1975.599976,0
2019-01-18,1976.599976,2002.300049,1976.599976,2000.800049,2000.800049,0
2019-01-20,null,null,null,null,null,null
2019-01-22,2000.800049,2001.199951,1971.699951,1978.800049,1978.800049,0
2019-01-23,1978.900024,1988.300049,1968.800049,1980.199951,1980.199951,0
2019-01-24,1980.699951,1985.199951,1974.300049,1983.199951,1983.199951,0
2019-01-25,1982.000000,2005.300049,1981.900024,2001.900024,2001.900024,0
2019-01-27,null,null,null,null,null,null
2019-01-28,2003.000000,2003.500000,1979.900024,1989.199951,1989.199951,0
2019-01-29,1988.800049,1996.199951,1985.599976,1989.599976,1989.599976,0
2019-01-30,1989.500000,2019.500000,1988.900024,2011.000000,2011.000000,0
2019-01-31,2014.500000,2029.699951,2014.400024,2028.500000,2028.500000,0
2019-02-01,2027.400024,2033.300049,2024.400024,2029.599976,2029.599976,0
2019-02-03,null,null,null,null,null,null
2019-02-04,2028.900024,2037.900024,2023.500000,2037.800049,2037.800049,0
2019-02-05,2038.000000,2052.000000,2037.900024,2051.399902,2051.399902,0
2019-02-06,2051.300049,2052.500000,2043.699951,2047.099976,2047.099976,0
2019-02-07,2045.900024,2046.400024,2017.400024,2026.900024,2026.900024,0
2019-02-08,2025.900024,2025.900024,2008.000000,2020.500000,2020.500000,0
2019-02-10,null,null,null,null,null,null
2019-02-11,2020.300049,2026.500000,2018.900024,2021.599976,2021.599976,0
2019-02-12,2021.500000,2047.800049,2021.300049,2045.099976,2045.099976,0
2019-02-13,2046.300049,2058.100098,2046.099976,2052.800049,2052.800049,0
2019-02-14,2051.000000,2054.699951,2041.800049,2047.599976,2047.599976,0
2019-02-15,2048.800049,2068.600098,2045.699951,2066.600098,2066.600098,0
2019-02-17,null,null,null,null,null,null
2019-02-19,2072.600098,2080.300049,2067.699951,2075.899902,2075.899902,0
2019-02-20,2076.699951,2086.100098,2076.600098,2083.600098,2083.600098,0
2019-02-21,2083.300049,2084.800049,2071.600098,2077.399902,2077.399902,0
2019-02-22,2076.500000,2088.800049,2075.500000,2087.000000,2087.000000,0
2019-02-24,null,null,null,null,null,null
2019-02-25,2087.399902,2100.699951,2087.399902,2091.800049,2091.800049,0
2019-02-26,2092.100098,2097.800049,2088.199951,2091.699951,2091.699951,0
2019-02-27,2093.300049,2094.199951,2082.399902,2092.100098,2092.100098,0
2019-02-28,2091.300049,2091.899902,2084.000000,2085.800049,2085.800049,0
2019-03-01,2084.699951,2100.500000,2084.699951,2096.399902,2096.399902,0
2019-03-03,null,null,null,null,null,null
2019-03-04,2095.899902,2103.600098,2078.899902,2090.399902,2090.399902,0
2019-03-05,2091.000000,2091.500000,2084.000000,2087.500000,2087.500000,0
2019-03-06,2087.800049,2089.100098,2077.500000,2078.699951,2078.699951,0
2019-03-07,2078.500000,2079.000000,2054.699951,2061.399902,2061.399902,0
2019-03-08,2059.600098,2059.699951,2040.699951,2051.100098,2051.100098,0
2019-03-10,null,null,null,null,null,null
2019-03-11,2051.000000,2076.000000,2050.300049,2074.699951,2074.699951,0
2019-03-12,2077.100098,2087.000000,2077.100098,2083.399902,2083.399902,0
2019-03-13,2083.800049,2100.300049,2080.899902,2095.699951,2095.699951,0
2019-03-14,2097.399902,2099.600098,2093.300049,2096.300049,2096.300049,0
2019-03-15,2096.100098,2112.600098,2096.000000,2108.800049,2108.800049,0
2019-03-17,null,null,null,null,null,null
2019-03-18,2109.100098,2119.100098,2108.899902,2118.000000,2118.000000,0
2019-03-19,2114.199951,2131.800049,2113.199951,2121.500000,2121.500000,0
2019-03-20,2120.500000,2126.199951,2107.100098,2112.100098,2112.100098,0
2019-03-21,2115.800049,2130.399902,2110.600098,2127.899902,2127.899902,0
2019-03-22,2129.000000,2131.199951,2094.300049,2094.800049,2094.800049,0
2019-03-24,null,null,null,null,null,null
2019-03-25,2094.199951,2094.199951,2079.800049,2087.100098,2087.100098,0
2019-03-26,2087.100098,2109.199951,2086.899902,2102.600098,2102.600098,0
2019-03-27,2102.500000,2106.399902,2084.300049,2094.000000,2094.000000,0
2019-03-28,2093.699951,2098.699951,2086.500000,2095.199951,2095.199951,0
2019-03-29,2094.600098,2107.800049,2094.600098,2107.699951,2107.699951,0
2019-03-31,null,null,null,null,null,null
2019-04-01,2107.399902,2132.000000,2107.300049,2131.800049,2131.800049,0
2019-04-02,2130.600098,2133.899902,2127.000000,2131.699951,2131.699951,0
2019-04-03,2133.100098,2149.100098,2132.899902,2143.000000,2143.000000,0
2019-04-04,2143.300049,2144.500000,2136.899902,2142.800049,2142.800049,0
2019-04-05,2142.500000,2150.500000,2142.300049,2149.899902,2149.899902,0
2019-04-07,null,null,null,null,null,null
2019-04-08,2150.399902,2153.199951,2145.500000,2152.899902,2152.899902,0
2019-04-09,2152.399902,2156.000000,2140.699951,2143.199951,2143.199951,0
2019-04-10,2141.300049,2149.399902,2140.600098,2148.000000,2148.000000,0
2019-04-11,2148.399902,2150.500000,2143.699951,2147.600098,2147.600098,0
2019-04-12,2146.800049,2160.699951,2145.899902,2159.399902,2159.399902,0
2019-04-14,null,null,null,null,null,null
2019-04-15,2160.300049,2162.600098,2155.899902,2161.100098,2161.100098,0
2019-04-16,2160.300049,2167.399902,2159.800049,2163.100098,2163.100098,0
2019-04-17,2162.500000,2170.399902,2158.000000,2160.899902,2160.899902,0
2019-04-18,2160.600098,2161.600098,2153.100098,2160.199951,2160.199951,0
2019-04-21,null,null,null,null,null,null
2019-04-22,2159.699951,2162.500000,2156.100098,2161.600098,2161.600098,0
2019-04-23,2162.100098,2175.600098,2160.399902,2174.399902,2174.399902,0
2019-04-24,2175.500000,2175.500000,2166.100098,2168.800049,2168.800049,0
2019-04-25,2166.199951,2168.100098,2157.800049,2165.399902,2165.399902,0
2019-04-26,2164.199951,2173.800049,2162.100098,2173.800049,2173.800049,0
2019-04-28,null,null,null,null,null,null
2019-04-29,2173.300049,2179.600098,2171.899902,2175.600098,2175.600098,0
2019-04-30,2176.399902,2180.300049,2167.300049,2178.699951,2178.699951,0
2019-05-01,2179.300049,2185.399902,2167.500000,2170.000000,2170.000000,0
2019-05-02,2167.699951,2168.800049,2153.100098,2161.100098,2161.100098,0
2019-05-03,2160.699951,2179.199951,2160.199951,2177.800049,2177.800049,0
2019-05-05,null,null,null,null,null,null
2019-05-06,2178.300049,2178.399902,2150.199951,2166.699951,2166.699951,0
2019-05-07,2166.800049,2167.600098,2126.100098,2135.500000,2135.500000,0
2019-05-08,2134.500000,2141.100098,2127.199951,2131.899902,2131.899902,0
2019-05-09,2130.699951,2131.000000,2102.500000,2119.300049,2119.300049,0
2019-05-10,2118.600098,2130.000000,2099.000000,2126.300049,2126.300049,0
2019-05-12,null,null,null,null,null,null
2019-05-13,2124.800049,2125.100098,2081.000000,2086.500000,2086.500000,0
2019-05-14,2084.600098,2106.899902,2081.800049,2098.800049,2098.800049,0
2019-05-15,2098.699951,2113.699951,2087.500000,2110.399902,2110.399902,0
2019-05-16,2110.300049,2133.399902,2108.000000,2126.100098,2126.100098,0
2019-05-17,2127.000000,2129.199951,2113.800049,2116.500000,2116.500000,0
2019-05-19,null,null,null,null,null,null
2019-05-20,2116.899902,2118.899902,2099.800049,2104.600098,2104.600098,0
2019-05-21,2103.800049,2119.800049,2102.500000,2117.699951,2117.699951,0
2019-05-22,2117.100098,2118.399902,2109.600098,2111.800049,2111.800049,0
2019-05-23,2111.100098,2111.300049,2080.899902,2087.500000,2087.500000,0
2019-05-24,2087.300049,2102.500000,2086.600098,2095.000000,2095.000000,0
2019-05-26,null,null,null,null,null,null
2019-05-28,2096.600098,2104.399902,2084.199951,2084.600098,2084.600098,0
2019-05-29,2083.000000,2083.100098,2056.699951,2064.800049,2064.800049,0
2019-05-30,2063.399902,2072.100098,2061.800049,2066.500000,2066.500000,0
2019-05-31,2066.399902,2066.800049,2042.599976,2046.300049,2046.300049,0
2019-06-02,null,null,null,null,null,null
2019-06-03,2046.500000,2053.800049,2039.900024,2045.099976,2045.099976,0
2019-06-04,2047.900024,2079.800049,2045.800049,2077.699951,2077.699951,0
2019-06-05,2080.399902,2095.800049,2080.399902,2095.800049,2095.800049,0
2019-06-06,2093.300049,2107.100098,2093.000000,2104.199951,2104.199951,0
2019-06-07,2103.899902,2133.300049,2103.699951,2126.899902,2126.899902,0
2019-06-09,null,null,null,null,null,null
2019-06-10,2126.399902,2144.100098,2126.100098,2135.500000,2135.500000,0
2019-06-11,2135.899902,2153.199951,2135.600098,2139.699951,2139.699951,0
2019-06-12,2139.600098,2140.899902,2131.399902,2134.399902,2134.399902,0
2019-06-13,2132.000000,2139.699951,2130.600098,2137.000000,2137.000000,0
2019-06-14,2137.600098,2137.800049,2127.000000,2131.000000,2131.000000,0
2019-06-16,null,null,null,null,null,null
2019-06-17,2129.500000,2135.600098,2128.600098,2130.899902,2130.899902,0
2019-06-18,2130.800049,2157.699951,2129.399902,2150.899902,2150.899902,0
2019-06-19,2153.199951,2165.500000,2153.000000,2161.600098,2161.600098,0
2019-06-20,2164.000000,2187.000000,2164.000000,2183.000000,2183.000000,0
2019-06-21,2184.100098,2185.000000,2176.800049,2178.199951,2178.199951,0
2019-06-23,null,null,null,null,null,null
2019-06-24,2181.199951,2183.300049,2178.199951,2178.199951,2178.199951,0
2019-06-25,2178.600098,2180.100098,2162.100098,2163.699951,2163.699951,0
2019-06-26,2161.500000,2168.300049,2157.699951,2158.399902,2158.399902,0
2019-06-27,2158.699951,2168.500000,2158.399902,2166.500000,2166.500000,0
2019-06-28,2166.300049,2178.399902,2165.399902,2178.399902,2178.399902,0
2019-06-30,null,null,null,null,null,null
2019-07-01,2177.600098,2200.699951,2177.600098,2192.199951,2192.199951,0
2019-07-02,2191.000000,2198.899902,2190.800049,2198.600098,2198.600098,0
2019-07-03,2198.399902,2213.500000,2197.699951,2213.399902,2213.399902,0
2019-07-05,2215.500000,2215.899902,2192.699951,2205.600098,2205.600098,0
2019-07-07,null,null,null,null,null,null
2019-07-08,2205.500000,2205.600098,2192.100098,2194.600098,2194.600098,0
2019-07-09,2194.899902,2195.300049,2184.600098,2193.699951,2193.699951,0
2019-07-10,2192.399902,2208.100098,2191.800049,2201.100098,2201.100098,0
2019-07-11,2202.199951,2208.800049,2199.899902,2205.399902,2205.399902,0
2019-07-12,2204.899902,2213.800049,2204.399902,2212.699951,2212.699951,0
2019-07-14,null,null,null,null,null,null
2019-07-15,2213.699951,2216.300049,2211.899902,2214.300049,2214.300049,0
2019-07-16,2214.300049,2214.399902,2205.600098,2208.100098,2208.100098,0
2019-07-17,2206.899902,2208.600098,2197.899902,2197.899902,2197.899902,0
2019-07-18,2197.399902,2202.899902,2188.600098,2198.399902,2198.399902,0
2019-07-19,2202.100098,2209.800049,2194.500000,2194.600098,2194.600098,0
2019-07-21,null,null,null,null,null,null
2019-07-22,2194.000000,2199.500000,2192.199951,2197.699951,2197.699951,0
2019-07-23,2196.199951,2209.600098,2196.199951,2209.600098,2209.600098,0
2019-07-24,2209.899902,2217.800049,2206.100098,2217.800049,2217.800049,0
2019-07-25,2217.199951,2220.899902,2202.899902,2206.899902,2206.899902,0
2019-07-26,2205.000000,2216.800049,2203.699951,2215.699951,2215.699951,0
2019-07-28,null,null,null,null,null,null
2019-07-29,2215.399902,2217.600098,2209.800049,2212.500000,2212.500000,0
2019-07-30,2213.300049,2214.100098,2197.699951,2203.399902,2203.399902,0
2019-07-31,2202.899902,2205.100098,2172.899902,2187.600098,2187.600098,0
2019-08-01,2182.600098,2201.800049,2171.300049,2173.199951,2173.199951,0
2019-08-02,2172.800049,2172.899902,2140.600098,2150.000000,2150.000000,0
2019-08-04,null,null,null,null,null,null
2019-08-05,2149.000000,2149.699951,2087.399902,2097.300049,2097.300049,0
2019-08-06,2098.500000,2110.000000,2092.800049,2109.199951,2109.199951,0
2019-08-07,2109.199951,2116.899902,2083.899902,2114.100098,2114.100098,0
2019-08-08,2112.800049,2147.899902,2112.100098,2146.899902,2146.899902,0
2019-08-09,2148.699951,2149.399902,2127.800049,2135.300049,2135.300049,0
2019-08-11,null,null,null,null,null,null
2019-08-12,2135.399902,2139.100098,2112.899902,2117.699951,2117.699951,0
2019-08-13,2116.300049,2143.899902,2108.500000,2134.500000,2134.500000,0
2019-08-14,2135.500000,2136.399902,2085.100098,2086.300049,2086.300049,0
2019-08-15,2084.300049,2088.000000,2073.199951,2082.800049,2082.800049,0
2019-08-16,2082.100098,2110.899902,2081.800049,2108.500000,2108.500000,0
2019-08-18,null,null,null,null,null,null
2019-08-19,2109.800049,2135.000000,2109.500000,2131.800049,2131.800049,0
2019-08-20,2131.399902,2134.399902,2119.600098,2119.600098,2119.600098,0
2019-08-21,2118.399902,2137.899902,2117.600098,2135.500000,2135.500000,0
2019-08-22,2135.500000,2141.500000,2122.600098,2131.699951,2131.699951,0
2019-08-23,2131.500000,2137.199951,2091.600098,2094.600098,2094.600098,0
2019-08-25,null,null,null,null,null,null
2019-08-26,2095.500000,2105.300049,2088.699951,2105.199951,2105.199951,0
2019-08-27,2106.399902,2119.800049,2101.100098,2104.899902,2104.899902,0
2019-08-28,2104.699951,2112.399902,2093.800049,2111.899902,2111.899902,0
2019-08-29,2112.000000,2134.899902,2110.800049,2133.100098,2133.100098,0
2019-08-30,2134.100098,2147.199951,2130.699951,2138.500000,2138.500000,0
2019-09-01,null,null,null,null,null,null
2019-09-03,2136.100098,2136.300049,2119.100098,2126.899902,2126.899902,0
2019-09-04,2126.699951,2150.600098,2125.899902,2149.800049,2149.800049,0
2019-09-05,2151.600098,2179.899902,2151.500000,2174.300049,2174.300049,0
2019-09-06,2174.899902,2181.300049,2174.800049,2178.899902,2178.899902,0
2019-09-08,null,null,null,null,null,null
2019-09-09,2177.699951,2183.800049,2174.899902,2178.399902,2178.399902,0
2019-09-10,2178.199951,2179.399902,2166.600098,2179.399902,2179.399902,0
2019-09-11,2179.600098,2194.500000,2179.600098,2194.399902,2194.399902,0
2019-09-12,2195.300049,2208.199951,2195.100098,2201.800049,2201.800049,0
2019-09-13,2202.100098,2211.199951,2201.899902,2205.800049,2205.800049,0
2019-09-15,null,null,null,null,null,null
2019-09-16,2206.800049,2207.100098,2193.199951,2195.899902,2195.899902,0
2019-09-17,2195.600098,2203.000000,2193.199951,2201.800049,2201.800049,0
2019-09-18,2203.000000,2203.000000,2185.600098,2201.000000,2201.000000,0
2019-09-19,2200.199951,2211.500000,2200.199951,2204.699951,2204.699951,0
2019-09-20,2205.399902,2209.300049,2195.000000,2197.600098,2197.600098,0
2019-09-22,null,null,null,null,null,null
2019-09-23,2197.899902,2198.300049,2188.699951,2193.699951,2193.699951,0
2019-09-24,2193.699951,2202.899902,2179.399902,2182.100098,2182.100098,0
2019-09-25,2182.199951,2186.000000,2168.000000,2184.600098,2184.600098,0
2019-09-26,2185.500000,2188.500000,2176.800049,2183.500000,2183.500000,0
2019-09-27,2181.399902,2186.699951,2167.899902,2175.500000,2175.500000,0
2019-09-29,null,null,null,null,null,null
2019-09-30,2175.699951,2183.000000,2171.699951,2180.000000,2180.000000,0
2019-10-01,2179.600098,2185.800049,2158.500000,2158.500000,2158.500000,0
2019-10-02,2160.100098,2160.399902,2115.899902,2121.500000,2121.500000,0
2019-10-03,2122.000000,2131.399902,2102.399902,2131.399902,2131.399902,0
2019-10-04,2129.600098,2155.000000,2129.500000,2153.800049,2153.800049,0
2019-10-06,null,null,null,null,null,null
2019-10-07,2154.500000,2159.899902,2148.699951,2151.800049,2151.800049,0
2019-10-08,2150.300049,2153.199951,2124.000000,2124.199951,2124.199951,0
2019-10-09,2124.300049,2141.600098,2122.000000,2137.600098,2137.600098,0
2019-10-10,2138.300049,2155.800049,2136.000000,2150.199951,2150.199951,0
2019-10-11,2151.500000,2190.100098,2151.500000,2179.300049,2179.300049,0
2019-10-13,null,null,null,null,null,null
2019-10-14,2179.000000,2179.899902,2172.699951,2175.300049,2175.300049,0
2019-10-15,2175.600098,2201.100098,2175.399902,2196.600098,2196.600098,0
2019-10-16,2196.300049,2200.000000,2192.800049,2195.399902,2195.399902,0
2019-10-17,2196.100098,2208.800049,2194.100098,2201.899902,2201.899902,0
2019-10-18,2202.600098,2203.100098,2190.899902,2195.300049,2195.300049,0
2019-10-20,null,null,null,null,null,null
2019-10-21,2196.300049,2209.600098,2196.199951,2209.300049,2209.300049,0
2019-10-22,2209.300049,2214.000000,2203.899902,2204.300049,2204.300049,0
2019-10-23,2204.500000,2209.199951,2201.300049,2208.300049,2208.300049,0
2019-10-24,2209.199951,2218.800049,2209.199951,2215.600098,2215.600098,0
2019-10-25,2215.800049,2224.399902,2211.500000,2222.800049,2222.800049,0
2019-10-27,null,null,null,null,null,null
2019-10-28,2222.199951,2234.500000,2221.899902,2231.399902,2231.399902,0
2019-10-29,2232.800049,2236.600098,2228.899902,2232.500000,2232.500000,0
2019-10-30,2231.800049,2240.199951,2226.100098,2237.300049,2237.300049,0
2019-10-31,2238.899902,2241.199951,2226.100098,2233.500000,2233.500000,0
2019-11-01,2233.199951,2252.100098,2231.800049,2252.100098,2252.100098,0
2019-11-03,null,null,null,null,null,null
2019-11-04,2251.899902,2265.300049,2251.500000,2261.500000,2261.500000,0
2019-11-05,2259.899902,2264.500000,2257.300049,2259.300049,2259.300049,0
2019-11-06,2259.399902,2261.800049,2256.199951,2261.399902,2261.399902,0
2019-11-07,2261.000000,2273.199951,2261.000000,2266.699951,2266.699951,0
2019-11-08,2266.800049,2268.800049,2258.600098,2268.800049,2268.800049,0
2019-11-10,null,null,null,null,null,null
2019-11-11,2268.500000,2269.800049,2259.800049,2266.399902,2266.399902,0
2019-11-12,2266.199951,2275.300049,2264.800049,2270.000000,2270.000000,0
2019-11-13,2269.899902,2270.000000,2259.800049,2268.300049,2268.300049,0
2019-11-14,2268.199951,2268.399902,2260.699951,2265.300049,2265.300049,0
2019-11-15,2266.500000,2282.800049,2266.399902,2282.800049,2282.800049,0
2019-11-17,null,null,null,null,null,null
2019-11-18,2282.800049,2286.399902,2279.000000,2285.800049,2285.800049,0
2019-11-19,2284.600098,2290.100098,2280.699951,2284.899902,2284.899902,0
2019-11-20,2283.199951,2283.899902,2267.199951,2274.899902,2274.899902,0
2019-11-21,2275.000000,2275.300049,2264.899902,2270.399902,2270.399902,0
2019-11-22,2270.100098,2277.399902,2268.800049,2273.899902,2273.899902,0
2019-11-24,null,null,null,null,null,null
2019-11-25,2273.600098,2290.699951,2273.600098,2290.699951,2290.699951,0
2019-11-26,2290.899902,2296.600098,2290.100098,2294.800049,2294.800049,0
2019-11-27,2295.500000,2302.800049,2295.399902,2302.699951,2302.699951,0
2019-11-29,2302.800049,2302.899902,2291.600098,2292.300049,2292.300049,0
2019-12-01,null,null,null,null,null,null
2019-12-02,2291.899902,2296.600098,2274.800049,2276.399902,2276.399902,0
2019-12-03,2274.199951,2277.199951,2250.899902,2263.100098,2263.100098,0
2019-12-04,2262.800049,2278.399902,2260.399902,2275.500000,2275.500000,0
2019-12-05,2275.399902,2281.500000,2272.500000,2278.600098,2278.600098,0
2019-12-06,2279.500000,2299.500000,2279.300049,2296.399902,2296.399902,0
2019-12-08,null,null,null,null,null,null
2019-12-09,2297.300049,2300.000000,2292.399902,2292.600098,2292.600098,0
2019-12-10,2292.300049,2294.500000,2285.699951,2289.699951,2289.699951,0
2019-12-11,2289.399902,2298.899902,2288.000000,2295.000000,2295.000000,0
2019-12-12,2297.300049,2316.100098,2295.800049,2309.399902,2309.399902,0
2019-12-13,2316.800049,2329.500000,2313.399902,2319.699951,2319.699951,0
2019-12-15,null,null,null,null,null,null
2019-12-16,2319.600098,2341.100098,2319.500000,2337.500000,2337.500000,0
2019-12-17,2337.699951,2339.000000,2335.100098,2336.600098,2336.600098,0
2019-12-18,2336.500000,2337.899902,2333.100098,2333.300049,2333.300049,0
2019-12-19,2333.199951,2341.000000,2331.500000,2340.699951,2340.699951,0
2019-12-20,2340.699951,2351.100098,2339.199951,2349.899902,2349.899902,0
2019-12-22,null,null,null,null,null,null
2019-12-23,2349.100098,2352.800049,2348.699951,2350.800049,2350.800049,0
2019-12-24,2351.100098,2352.199951,2349.500000,2351.800049,2351.800049,0
2019-12-26,2351.500000,2360.600098,2351.399902,2360.199951,2360.199951,0
2019-12-27,2360.500000,2369.199951,2360.399902,2364.899902,2364.899902,0
2019-12-29,null,null,null,null,null,null
2019-12-30,2364.899902,2366.899902,2351.699951,2353.300049,2353.300049,0
2019-12-31,2353.199951,2358.500000,2350.300049,2358.500000,2358.500000,0
2020-01-02,2358.000000,2375.899902,2357.199951,2375.899902,2375.899902,0
2020-01-03,2373.899902,2375.800049,2357.699951,2363.100098,2363.100098,0
2020-01-05,null,null,null,null,null,null
2020-01-06,2361.000000,2364.699951,2348.800049,2364.500000,2364.500000,0
2020-01-07,2364.899902,2371.699951,2359.800049,2362.399902,2362.399902,0
2020-01-08,2361.800049,2372.300049,2357.300049,2366.899902,2366.899902,0
2020-01-09,2368.300049,2380.699951,2368.199951,2379.899902,2379.899902,0
2020-01-10,2380.500000,2386.500000,2375.800049,2377.600098,2377.600098,0
2020-01-12,null,null,null,null,null,null
2020-01-13,2377.199951,2388.500000,2375.699951,2388.300049,2388.300049,0
2020-01-14,2389.000000,2394.300049,2385.500000,2388.500000,2388.500000,0
2020-01-15,2389.000000,2396.899902,2386.399902,2392.100098,2392.100098,0
2020-01-16,2392.600098,2406.199951,2392.399902,2406.199951,2406.199951,0
2020-01-17,2406.100098,2415.500000,2406.000000,2415.500000,2415.500000,0
2020-01-19,null,null,null,null,null,null
2020-01-21,2415.600098,2415.600098,2406.800049,2409.300049,2409.300049,0
2020-01-22,2408.600098,2419.100098,2408.500000,2410.199951,2410.199951,0
2020-01-23,2410.899902,2411.199951,2395.399902,2406.100098,2406.100098,0
2020-01-24,2406.199951,2415.399902,2389.199951,2395.300049,2395.300049,0
2020-01-26,null,null,null,null,null,null
2020-01-27,2396.300049,2396.600098,2354.199951,2356.100098,2356.100098,0
2020-01-28,2354.000000,2377.699951,2352.899902,2372.500000,2372.500000,0
2020-01-29,2373.800049,2383.100098,2372.000000,2373.500000,2373.500000,0
2020-01-30,2374.399902,2374.800049,2351.699951,2372.000000,2372.000000,0
2020-01-31,2371.600098,2374.699951,2338.000000,2342.399902,2342.399902,0
2020-02-02,null,null,null,null,null,null
2020-02-03,2340.300049,2361.300049,2338.500000,2351.500000,2351.500000,0
2020-02-04,2351.199951,2388.000000,2350.600098,2383.300049,2383.300049,0
2020-02-05,2383.600098,2406.199951,2383.600098,2405.000000,2405.000000,0
2020-02-06,2405.100098,2417.500000,2405.100098,2416.500000,2416.500000,0
2020-02-07,2416.600098,2416.699951,2401.100098,2404.800049,2404.800049,0
2020-02-09,null,null,null,null,null,null
2020-02-10,2402.100098,2413.100098,2397.100098,2413.100098,2413.100098,0
2020-02-11,2412.899902,2430.100098,2412.899902,2421.300049,2421.300049,0
2020-02-12,2421.699951,2435.000000,2420.899902,2435.000000,2435.000000,0
2020-02-13,2434.000000,2434.500000,2421.000000,2429.899902,2429.899902,0
2020-02-14,2429.300049,2432.300049,2425.300049,2431.399902,2431.399902,0
2020-02-16,null,null,null,null,null,null
2020-02-18,2430.199951,2430.300049,2413.800049,2421.500000,2421.500000,0
2020-02-19,2420.899902,2433.600098,2420.199951,2431.199951,2431.199951,0
2020-02-20,2431.000000,2434.000000,2405.500000,2420.199951,2420.199951,0
2020-02-21,2419.399902,2420.600098,2399.000000,2402.800049,2402.800049,0
2020-02-23,null,null,null,null,null,null
2020-02-24,2401.800049,2402.000000,2326.199951,2330.800049,2330.800049,0
2020-02-25,2328.500000,2330.699951,2265.500000,2269.399902,2269.399902,0
2020-02-26,2266.699951,2291.600098,2254.199951,2258.600098,2258.600098,0
2020-02-27,2259.000000,2259.100098,2177.199951,2177.300049,2177.300049,0
2020-02-28,2176.000000,2176.000000,2087.899902,2141.100098,2141.100098,0
2020-03-01,null,null,null,null,null,null
2020-03-02,2141.399902,2212.500000,2139.899902,2212.399902,2212.399902,0
2020-03-03,2214.800049,2249.399902,2167.600098,2179.500000,2179.500000,0
2020-03-04,2179.300049,2243.199951,2176.000000,2243.100098,2243.100098,0
2020-03-05,2243.199951,2248.600098,2182.500000,2192.399902,2192.399902,0
2020-03-06,2192.000000,2192.100098,2116.300049,2149.300049,2149.300049,0
2020-03-08,null,null,null,null,null,null
2020-03-09,2150.399902,2150.500000,1992.300049,1995.199951,1995.199951,0
2020-03-10,1994.599976,2052.000000,1982.500000,2052.000000,2052.000000,0
2020-03-11,2048.100098,2054.699951,1956.000000,1972.000000,1972.000000,0
2020-03-12,1968.900024,1969.000000,1776.500000,1776.500000,1776.500000,0
2020-03-13,1779.699951,1882.300049,1760.199951,1881.599976,1881.599976,0
2020-03-15,null,null,null,null,null,null
2020-03-16,1884.199951,1885.500000,1699.800049,1702.800049,1702.800049,0
2020-03-17,1702.300049,1788.500000,1683.900024,1772.900024,1772.900024,0
2020-03-18,1774.599976,1778.500000,1626.500000,1682.300049,1682.300049,0
2020-03-19,1684.099976,1717.900024,1636.900024,1694.500000,1694.500000,0
2020-03-20,1690.000000,1729.699951,1644.900024,1650.900024,1650.900024,0
2020-03-22,null,null,null,null,null,null
2020-03-23,1648.099976,1652.199951,1579.099976,1602.099976,1602.099976,0
2020-03-24,1605.699951,1742.599976,1605.599976,1742.599976,1742.599976,0
2020-03-25,1744.199951,1834.699951,1739.000000,1786.000000,1786.000000,0
2020-03-26,1788.300049,1879.900024,1779.900024,1875.599976,1875.599976,0
2020-03-27,1876.199951,1884.900024,1811.400024,1827.199951,1827.199951,0
2020-03-29,null,null,null,null,null,null
2020-03-30,1829.400024,1873.599976,1818.000000,1870.500000,1870.500000,0
2020-03-31,1871.000000,1881.099976,1847.500000,1852.699951,1852.699951,0
2020-04-01,1855.099976,1856.800049,1771.099976,1781.300049,1781.300049,0
2020-04-02,1780.000000,1810.900024,1765.300049,1803.099976,1803.099976,0
2020-04-03,1803.900024,1804.699951,1763.800049,1776.900024,1776.900024,0
2020-04-05,null,null,null,null,null,null
2020-04-06,1776.000000,1887.400024,1775.599976,1881.500000,1881.500000,0
2020-04-07,1883.199951,1945.599976,1883.000000,1895.000000,1895.000000,0
2020-04-08,1896.300049,1944.599976,1889.400024,1940.099976,1940.099976,0
2020-04-09,1939.800049,1985.099976,1938.300049,1970.699951,1970.699951,0
2020-04-12,null,null,null,null,null,null
2020-04-13,1970.800049,1971.800049,1937.000000,1956.800049,1956.800049,0
2020-04-14,1958.500000,2009.699951,1957.900024,2006.800049,2006.800049,0
2020-04-15,2007.199951,2008.300049,1949.699951,1960.199951,1960.199951,0
2020-04-16,1957.900024,1969.800049,1947.000000,1964.300049,1964.300049,0
2020-04-17,1966.099976,2018.699951,1966.099976,2017.500000,2017.500000,0
2020-04-19,null,null,null,null,null,null
2020-04-20,2015.599976,2016.199951,1989.300049,1994.000000,1994.000000,0
2020-04-21,1991.500000,1991.599976,1927.099976,1932.300049,1932.300049,0
2020-04-22,1931.000000,1974.400024,1928.199951,1968.300049,1968.300049,0
2020-04-23,1968.500000,1999.599976,1967.500000,1974.400024,1974.400024,0
2020-04-24,1971.599976,1990.699951,1964.400024,1987.699951,1987.699951,0
2020-04-26,null,null,null,null,null,null
2020-04-27,1988.699951,2026.699951,1988.400024,2022.500000,2022.500000,0
2020-04-28,2021.900024,2053.699951,2020.099976,2023.400024,2023.400024,0
2020-04-29,2023.900024,2078.699951,2023.900024,2070.800049,2070.800049,0
2020-04-30,2072.600098,2077.699951,2043.099976,2052.899902,2052.899902,0
2020-05-01,2049.800049,2050.100098,1999.400024,2004.800049,2004.800049,0
2020-05-03,null,null,null,null,null,null
2020-05-04,2002.099976,2002.099976,1976.000000,1997.800049,1997.800049,0
2020-05-05,1998.199951,2032.599976,1998.199951,2018.099976,2018.099976,0
2020-05-06,2018.199951,2030.000000,2006.900024,2007.599976,2007.599976,0
2020-05-07,2005.900024,2038.099976,2005.000000,2026.099976,2026.099976,0
2020-05-08,2030.400024,2061.899902,2030.400024,2061.899902,2061.899902,0
2020-05-10,null,null,null,null,null,null
2020-05-11,2060.800049,2066.399902,2045.300049,2060.699951,2060.699951,0
2020-05-12,2060.000000,2070.800049,2032.099976,2034.099976,2034.099976,0
2020-05-13,2030.900024,2032.599976,1984.500000,1998.500000,1998.500000,0
2020-05-14,1997.199951,2000.199951,1952.900024,1999.900024,1999.900024,0
2020-05-15,2001.300049,2008.800049,1986.800049,2008.400024,2008.400024,0
2020-05-17,null,null,null,null,null,null
2020-05-18,2009.099976,2077.000000,2008.400024,2069.000000,2069.000000,0
2020-05-19,2071.699951,2081.899902,2060.399902,2061.399902,2061.399902,0
2020-05-20,2060.399902,2096.699951,2058.800049,2092.000000,2092.000000,0
2020-05-21,2091.500000,2093.100098,2068.500000,2074.100098,2074.100098,0
2020-05-22,2074.800049,2075.399902,2059.800049,2071.899902,2071.899902,0
2020-05-24,null,null,null,null,null,null
2020-05-26,2083.100098,2127.600098,2083.000000,2114.300049,2114.300049,0
2020-05-27,2114.399902,2138.699951,2102.500000,2136.899902,2136.899902,0
2020-05-28,2140.199951,2167.699951,2139.699951,2148.300049,2148.300049,0
2020-05-29,2147.800049,2149.600098,2126.300049,2147.899902,2147.899902,0
2020-05-31,null,null,null,null,null,null
2020-06-01,2148.000000,2166.899902,2147.600098,2163.899902,2163.899902,0
2020-06-02,2164.699951,2187.100098,2164.600098,2187.100098,2187.100098,0
2020-06-03,2188.000000,2226.800049,2188.000000,2222.500000,2222.500000,0
2020-06-04,2223.800049,2227.899902,2207.699951,2218.500000,2218.500000,0
2020-06-05,2217.300049,2274.699951,2216.199951,2266.800049,2266.800049,0
2020-06-07,null,null,null,null,null,null
2020-06-08,2268.300049,2289.199951,2263.800049,2288.000000,2288.000000,0
2020-06-09,2289.199951,2291.600098,2266.199951,2275.300049,2275.300049,0
2020-06-10,2273.100098,2285.899902,2261.800049,2267.399902,2267.399902,0
2020-06-11,2266.899902,2267.300049,2149.899902,2154.399902,2154.399902,0
2020-06-12,2148.199951,2196.000000,2135.899902,2164.500000,2164.500000,0
2020-06-14,null,null,null,null,null,null
2020-06-15,2163.399902,2180.000000,2116.399902,2171.399902,2171.399902,0
2020-06-16,2175.800049,2238.000000,2175.800049,2219.100098,2219.100098,0
2020-06-17,2220.500000,2231.600098,2214.500000,2217.899902,2217.899902,0
2020-06-18,2218.199951,2220.199951,2203.399902,2215.600098,2215.600098,0
2020-06-19,2215.199951,2237.300049,2201.699951,2209.000000,2209.000000,0
2020-06-21,null,null,null,null,null,null
2020-06-22,2207.399902,2220.100098,2198.600098,2217.800049,2217.800049,0
2020-06-23,2220.899902,2246.300049,2215.199951,2236.000000,2236.000000,0
2020-06-24,2234.500000,2235.600098,2171.199951,2180.100098,2180.100098,0
2020-06-25,2176.899902,2194.800049,2160.500000,2193.399902,2193.399902,0
2020-06-26,2195.100098,2203.399902,2157.000000,2157.199951,2157.199951,0
2020-06-28,null,null,null,null,null,null
2020-06-29,2156.800049,2176.899902,2148.600098,2176.399902,2176.399902,0
2020-06-30,2178.800049,2207.699951,2173.600098,2201.800049,2201.800049,0
2020-07-01,2202.800049,2217.000000,2194.899902,2211.300049,2211.300049,0
2020-07-02,2211.699951,2248.000000,2211.100098,2227.699951,2227.699951,0
2020-07-05,null,null,null,null,null,null
2020-07-06,2226.800049,2265.699951,2226.800049,2264.300049,2264.300049,0
2020-07-07,2263.600098,2265.300049,2241.300049,2243.199951,2243.199951,0
2020-07-08,2241.399902,2255.399902,2235.500000,2252.600098,2252.600098,0
2020-07-09,2253.500000,2260.800049,2221.500000,2240.699951,2240.699951,0
2020-07-10,2240.000000,2259.600098,2232.600098,2259.600098,2259.600098,0
2020-07-12,null,null,null,null,null,null
2020-07-13,2260.100098,2294.699951,2249.300049,2253.800049,2253.800049,0
2020-07-14,2251.000000,2272.199951,2232.899902,2270.699951,2270.699951,0
2020-07-15,2272.800049,2306.100098,2272.800049,2298.800049,2298.800049,0
2020-07-16,2298.500000,2298.500000,2279.199951,2288.800049,2288.800049,0
2020-07-17,2286.800049,2299.199951,2283.199951,2293.899902,2293.899902,0
2020-07-19,null,null,null,null,null,null
2020-07-20,2295.600098,2315.899902,2290.500000,2313.000000,2313.000000,0
2020-07-21,2313.899902,2333.600098,2313.899902,2321.600098,2321.600098,0
2020-07-22,2322.500000,2329.000000,2314.800049,2327.800049,2327.800049,0
2020-07-23,2327.000000,2332.000000,2301.800049,2308.100098,2308.100098,0
2020-07-24,2307.899902,2309.399902,2282.500000,2291.600098,2291.600098,0
2020-07-26,null,null,null,null,null,null
2020-07-27,2290.600098,2311.600098,2290.000000,2311.600098,2311.600098,0
2020-07-28,2311.300049,2313.600098,2298.600098,2299.899902,2299.899902,0
2020-07-29,2298.399902,2324.100098,2296.800049,2319.699951,2319.699951,0
2020-07-30,2321.100098,2321.600098,2278.699951,2304.000000,2304.000000,0
2020-07-31,2307.100098,2311.600098,2279.100098,2305.000000,2305.000000,0
2020-08-02,null,null,null,null,null,null
2020-08-03,2304.199951,2329.399902,2301.699951,2324.100098,2324.100098,0
2020-08-04,2327.100098,2339.300049,2323.899902,2336.800049,2336.800049,0
2020-08-05,2339.199951,2357.699951,2337.300049,2355.899902,2355.899902,0
2020-08-06,2355.199951,2361.800049,2344.000000,2359.899902,2359.899902,0
2020-08-07,2360.600098,2360.899902,2344.199951,2356.000000,2356.000000,0
2020-08-09,null,null,null,null,null,null
2020-08-10,2355.699951,2364.000000,2347.800049,2360.899902,2360.899902,0
2020-08-11,2360.600098,2382.500000,2354.899902,2359.500000,2359.500000,0
2020-08-12,2358.399902,2394.500000,2357.000000,2391.800049,2391.800049,0
2020-08-13,2392.600098,2396.500000,2383.399902,2390.100098,2390.100098,0
2020-08-14,2389.100098,2390.199951,2379.000000,2384.199951,2384.199951,0
2020-08-16,null,null,null,null,null,null
2020-08-17,2384.199951,2396.199951,2381.100098,2394.000000,2394.000000,0
2020-08-18,2394.300049,2405.899902,2388.899902,2399.399902,2399.399902,0
2020-08-19,2400.399902,2406.699951,2388.300049,2394.500000,2394.500000,0
2020-08-20,2389.800049,2393.600098,2371.500000,2389.199951,2389.199951,0
2020-08-21,2392.899902,2394.800049,2382.399902,2392.100098,2392.100098,0
2020-08-23,null,null,null,null,null,null
2020-08-24,2393.100098,2417.100098,2392.300049,2417.100098,2417.100098,0
2020-08-25,2417.600098,2425.100098,2414.399902,2423.000000,2423.000000,0
2020-08-26,2423.600098,2447.699951,2420.300049,2446.100098,2446.100098,0
2020-08-27,2447.600098,2453.600098,2434.500000,2442.800049,2442.800049,0
2020-08-28,2444.000000,2457.899902,2442.800049,2456.899902,2456.899902,0
2020-08-30,null,null,null,null,null,null
2020-08-31,2459.000000,2461.399902,2450.399902,2455.500000,2455.500000,0
2020-09-01,2453.800049,2467.300049,2448.300049,2467.300049,2467.300049,0
2020-09-02,2466.600098,2497.600098,2465.100098,2494.100098,2494.100098,0
2020-09-03,2495.899902,2500.300049,2413.100098,2425.800049,2425.800049,0
2020-09-04,2423.899902,2433.899902,2357.300049,2399.600098,2399.600098,0
2020-09-06,null,null,null,null,null,null
2020-09-08,2408.199951,2410.199951,2352.600098,2354.399902,2354.399902,0
2020-09-09,2351.000000,2405.800049,2348.300049,2393.800049,2393.800049,0
2020-09-10,2395.199951,2413.500000,2360.399902,2367.800049,2367.800049,0
2020-09-11,2365.100098,2383.300049,2353.000000,2368.100098,2368.100098,0
2020-09-13,null,null,null,null,null,null
2020-09-14,2369.300049,2404.500000,2369.300049,2396.399902,2396.399902,0
2020-09-15,2394.899902,2418.600098,2393.600098,2408.000000,2408.000000,0
2020-09-16,2407.699951,2424.800049,2401.100098,2403.500000,2403.500000,0
2020-09-17,2401.500000,2401.600098,2368.699951,2383.500000,2383.500000,0
2020-09-18,2385.699951,2388.399902,2353.699951,2368.000000,2368.000000,0
2020-09-20,null,null,null,null,null,null
2020-09-21,2366.600098,2368.100098,2300.399902,2329.500000,2329.500000,0
2020-09-22,2329.899902,2346.000000,2321.699951,2343.399902,2343.399902,0
2020-09-23,2343.300049,2352.199951,2302.399902,2305.600098,2305.600098,0
2020-09-24,2303.399902,2318.500000,2280.800049,2300.300049,2300.300049,0
2020-09-25,2303.000000,2331.300049,2289.800049,2326.899902,2326.899902,0
2020-09-27,null,null,null,null,null,null
2020-09-28,2329.199951,2372.000000,2328.199951,2366.399902,2366.399902,0
2020-09-29,2367.500000,2371.600098,2355.899902,2359.600098,2359.600098,0
2020-09-30,2360.699951,2382.000000,2350.899902,2367.300049,2367.300049,0
2020-10-01,2367.699951,2387.000000,2367.300049,2380.000000,2380.000000,0
2020-10-02,2380.699951,2382.100098,2346.399902,2362.399902,2362.399902,0
2020-10-04,null,null,null,null,null,null
2020-10-05,2362.600098,2403.500000,2362.500000,2403.500000,2403.500000,0
2020-10-06,2403.300049,2415.899902,2377.300049,2382.600098,2382.600098,0
2020-10-07,2379.199951,2413.000000,2378.000000,2409.399902,2409.399902,0
2020-10-08,2410.199951,2428.100098,2409.899902,2427.399902,2427.399902,0
2020-10-09,2428.399902,2450.500000,2427.300049,2447.800049,2447.800049,0
2020-10-11,null,null,null,null,null,null
2020-10-12,2448.300049,2485.000000,2447.000000,2477.899902,2477.899902,0
2020-10-13,2477.800049,2479.199951,2458.500000,2464.199951,2464.199951,0
2020-10-14,2463.500000,2473.300049,2448.399902,2453.600098,2453.600098,0
2020-10-15,2452.300049,2452.800049,2414.600098,2435.899902,2435.899902,0
2020-10-16,2436.000000,2457.699951,2433.500000,2440.100098,2440.100098,0
2020-10-18,null,null,null,null,null,null
2020-10-19,2440.000000,2454.300049,2413.399902,2417.699951,2417.699951,0
2020-10-20,2415.899902,2439.199951,2412.600098,2422.699951,2422.699951,0
2020-10-21,2423.699951,2435.000000,2416.500000,2417.800049,2417.800049,0
2020-10-22,2416.500000,2423.800049,2400.100098,2421.000000,2421.000000,0
2020-10-23,2420.899902,2433.100098,2418.199951,2430.500000,2430.500000,0
2020-10-25,null,null,null,null,null,null
2020-10-26,2431.100098,2432.199951,2372.199951,2390.100098,2390.100098,0
2020-10-27,2389.600098,2391.800049,2379.899902,2381.699951,2381.699951,0
2020-10-28,2379.399902,2380.300049,2305.600098,2306.699951,2306.699951,0
2020-10-29,2304.100098,2333.899902,2293.800049,2318.399902,2318.399902,0
2020-10-30,2319.399902,2319.399902,2276.199951,2292.899902,2292.899902,0
2020-11-01,null,null,null,null,null,null
2020-11-02,2292.800049,2332.000000,2292.000000,2322.100098,2322.100098,0
2020-11-03,2323.500000,2377.899902,2323.399902,2369.300049,2369.300049,0
2020-11-04,2369.100098,2436.600098,2360.699951,2416.600098,2416.600098,0
2020-11-05,2417.399902,2474.800049,2417.399902,2466.600098,2466.600098,0
2020-11-06,2466.500000,2475.399902,2456.500000,2470.100098,2470.100098,0
2020-11-08,null,null,null,null,null,null
2020-11-09,2472.899902,2546.199951,2472.899902,2502.100098,2502.100098,0
2020-11-10,2501.600098,2512.000000,2487.600098,2507.100098,2507.100098,0
2020-11-11,2508.899902,2532.600098,2508.899902,2528.300049,2528.300049,0
2020-11-12,2529.600098,2530.699951,2499.699951,2509.199951,2509.199951,0
2020-11-13,2508.399902,2533.800049,2504.399902,2529.300049,2529.300049,0
2020-11-15,null,null,null,null,null,null
2020-11-16,2530.600098,2562.600098,2530.600098,2561.500000,2561.500000,0
2020-11-17,2562.199951,2564.800049,2545.000000,2558.399902,2558.399902,0
2020-11-18,2558.100098,2566.000000,2541.500000,2543.399902,2543.399902,0
2020-11-19,2541.800049,2549.500000,2526.600098,2546.300049,2546.300049,0
2020-11-20,2547.800049,2551.100098,2540.000000,2540.000000,2540.000000,0
2020-11-22,null,null,null,null,null,null
2020-11-23,2540.800049,2557.899902,2535.899902,2546.899902,2546.899902,0
2020-11-24,2547.800049,2590.600098,2547.800049,2587.199951,2587.199951,0
2020-11-25,2588.800049,2593.300049,2580.300049,2589.699951,2589.699951,0
2020-11-27,2590.600098,2603.899902,2590.000000,2601.500000,2601.500000,0
2020-11-29,null,null,null,null,null,null
2020-11-30,2601.500000,2602.300049,2572.100098,2583.100098,2583.100098,0
2020-12-01,2581.199951,2617.600098,2581.199951,2609.000000,2609.000000,0
2020-12-02,2611.399902,2616.199951,2598.600098,2613.899902,2613.899902,0
2020-12-03,2616.300049,2628.100098,2613.800049,2621.300049,2621.300049,0
2020-12-04,2620.199951,2639.699951,2619.500000,2639.699951,2639.699951,0
2020-12-06,null,null,null,null,null,null
2020-12-07,2640.100098,2640.199951,2629.699951,2635.899902,2635.899902,0
2020-12-08,2635.500000,2644.500000,2627.199951,2642.100098,2642.100098,0
2020-12-09,2641.600098,2652.399902,2619.199951,2627.500000,2627.500000,0
2020-12-10,2626.800049,2633.500000,2610.000000,2628.600098,2628.600098,0
2020-12-11,2629.699951,2631.399902,2606.800049,2621.899902,2621.899902,0
2020-12-13,null,null,null,null,null,null
2020-12-14,2624.199951,2645.800049,2619.399902,2619.399902,2619.399902,0
2020-12-15,2620.399902,2645.300049,2617.199951,2643.699951,2643.699951,0
2020-12-16,2646.699951,2660.000000,2645.800049,2654.800049,2654.800049,0
2020-12-17,2655.600098,2675.300049,2654.899902,2674.899902,2674.899902,0
2020-12-18,2674.399902,2676.000000,2654.199951,2666.300049,2666.300049,0
2020-12-20,null,null,null,null,null,null
2020-12-21,2665.699951,2665.899902,2612.699951,2645.000000,2645.000000,0
2020-12-22,2647.600098,2649.000000,2636.500000,2643.100098,2643.100098,0
2020-12-23,2643.699951,2661.600098,2643.199951,2651.399902,2651.399902,0
2020-12-24,2651.800049,2659.699951,2651.600098,2659.000000,2659.000000,0
2020-12-27,null,null,null,null,null,null
2020-12-28,2661.199951,2680.100098,2659.800049,2676.800049,2676.800049,0
2020-12-29,2677.300049,2699.399902,2677.300049,2682.199951,2682.199951,0
2020-12-30,2682.699951,2693.600098,2680.399902,2686.100098,2686.100098,0
2020-12-31,2686.300049,2690.800049,2677.600098,2690.000000,2690.000000,0
2021-01-03,null,null,null,null,null,null
2021-01-04,2690.100098,2709.199951,2649.399902,2670.000000,2670.000000,0
2021-01-05,2668.500000,2690.300049,2666.199951,2684.199951,2684.199951,0
2021-01-06,2685.899902,2719.199951,2677.300049,2699.500000,2699.500000,0
2021-01-07,2705.600098,2738.600098,2702.300049,2734.199951,2734.199951,0
2021-01-08,2736.000000,2754.100098,2729.600098,2753.300049,2753.300049,0
2021-01-10,null,null,null,null,null,null
2021-01-11,2749.300049,2749.500000,2722.100098,2730.100098,2730.100098,0
2021-01-12,2730.600098,2740.500000,2722.199951,2734.399902,2734.399902,0
2021-01-13,2737.699951,2746.000000,2731.399902,2739.899902,2739.899902,0
2021-01-14,2739.800049,2752.000000,2738.100098,2738.100098,2738.100098,0
2021-01-15,2739.199951,2739.899902,2702.000000,2714.800049,2714.800049,0
2021-01-17,null,null,null,null,null,null
2021-01-19,2713.600098,2736.000000,2713.500000,2732.500000,2732.500000,0
2021-01-20,2732.699951,2765.199951,2731.800049,2761.500000,2761.500000,0
2021-01-21,2762.100098,2770.899902,2760.699951,2765.600098,2765.600098,0
2021-01-22,2766.300049,2766.399902,2749.000000,2755.699951,2755.699951,0
2021-01-24,null,null,null,null,null,null
2021-01-25,2755.399902,2762.600098,2726.199951,2756.899902,2756.899902,0
2021-01-26,2756.199951,2768.199951,2752.600098,2754.100098,2754.100098,0
2021-01-27,2754.000000,2755.800049,2685.399902,2694.399902,2694.399902,0
2021-01-28,2694.199951,2731.800049,2677.399902,2710.600098,2710.600098,0
2021-01-29,2711.600098,2711.600098,2649.899902,2661.699951,2661.699951,0
2021-01-31,null,null,null,null,null,null
2021-02-01,2660.199951,2702.500000,2658.500000,2697.899902,2697.899902,0
2021-02-02,2697.500000,2739.300049,2697.500000,2732.000000,2732.000000,0
2021-02-03,2734.899902,2746.699951,2730.600098,2737.899902,2737.899902,0
2021-02-04,2738.800049,2757.699951,2734.399902,2757.699951,2757.699951,0
2021-02-05,2757.199951,2777.199951,2757.199951,2773.500000,2773.500000,0
2021-02-07,null,null,null,null,null,null
2021-02-08,2774.600098,2796.100098,2774.600098,2795.899902,2795.899902,0
2021-02-09,2795.899902,2803.000000,2791.899902,2798.600098,2798.600098,0
2021-02-10,2799.699951,2814.800049,2785.199951,2800.699951,2800.699951,0
2021-02-11,2800.199951,2811.800049,2793.699951,2807.199951,2807.199951,0
2021-02-12,2806.800049,2819.899902,2799.800049,2818.899902,2818.899902,0
2021-02-14,null,null,null,null,null,null
2021-02-16,2829.800049,2838.399902,2821.899902,2828.199951,2828.199951,0
2021-02-17,2826.600098,2826.600098,2800.399902,2816.000000,2816.000000,0
2021-02-18,2816.899902,2817.899902,2787.100098,2802.899902,2802.899902,0
2021-02-19,2804.500000,2818.800049,2800.300049,2806.500000,2806.500000,0
2021-02-21,null,null,null,null,null,null
2021-02-22,2806.899902,2811.000000,2788.100098,2788.100098,2788.100098,0
2021-02-23,2789.000000,2795.199951,2743.100098,2789.199951,2789.199951,0
2021-02-24,2787.800049,2806.600098,2766.899902,2802.399902,2802.399902,0
2021-02-25,2807.199951,2814.000000,2748.699951,2760.300049,2760.300049,0
2021-02-26,2756.100098,2756.100098,2712.899902,2726.899902,2726.899902,0
2021-02-28,null,null,null,null,null,null
2021-03-01,2727.800049,2788.899902,2727.600098,2783.699951,2783.699951,0
2021-03-02,2783.300049,2788.300049,2768.300049,2768.300049,2768.300049,0
2021-03-03,2769.100098,2776.199951,2740.300049,2741.699951,2741.699951,0
2021-03-04,2740.300049,2744.199951,2678.699951,2706.500000,2706.500000,0
2021-03-05,2700.399902,2734.100098,2670.199951,2728.600098,2728.600098,0
2021-03-07,null,null,null,null,null,null
2021-03-08,2733.000000,2754.199951,2721.600098,2722.600098,2722.600098,0
2021-03-09,2723.199951,2776.300049,2721.199951,2761.800049,2761.800049,0
2021-03-10,2763.399902,2786.500000,2758.500000,2775.300049,2775.300049,0
2021-03-11,2777.399902,2816.800049,2775.500000,2806.100098,2806.100098,0
2021-03-12,2808.199951,2809.600098,2789.300049,2807.199951,2807.199951,0
2021-03-14,null,null,null,null,null,null
2021-03-15,2807.699951,2823.500000,2797.300049,2821.899902,2821.899902,0
2021-03-16,2822.899902,2834.399902,2818.800049,2823.699951,2823.699951,0
2021-03-17,2824.199951,2837.300049,2805.899902,2826.800049,2826.800049,0
2021-03-18,2832.199951,2836.300049,2799.100098,2802.300049,2802.300049,0
2021-03-19,2801.100098,2804.199951,2777.899902,2796.100098,2796.100098,0
2021-03-21,null,null,null,null,null,null
2021-03-22,2794.800049,2817.000000,2789.100098,2809.699951,2809.699951,0
2021-03-23,2809.399902,2811.600098,2782.100098,2788.000000,2788.000000,0
2021-03-24,2785.899902,2794.300049,2766.199951,2767.300049,2767.300049,0
2021-03-25,2767.199951,2779.800049,2744.800049,2775.100098,2775.100098,0
2021-03-26,2775.399902,2816.100098,2775.199951,2814.899902,2814.899902,0
2021-03-28,null,null,null,null,null,null
2021-03-29,2814.600098,2817.399902,2798.100098,2811.500000,2811.500000,0
2021-03-30,2810.699951,2812.199951,2795.899902,2805.100098,2805.100098,0
2021-03-31,2805.199951,2821.899902,2801.000000,2811.699951,2811.699951,0
2021-04-01,2810.000000,2841.300049,2809.199951,2840.199951,2840.199951,0
2021-04-04,null,null,null,null,null,null
2021-04-05,2843.199951,2875.399902,2842.399902,2873.000000,2873.000000,0
2021-04-06,2874.399902,2882.800049,2869.199951,2876.199951,2876.199951,0
2021-04-07,2877.699951,2884.399902,2874.199951,2881.199951,2881.199951,0
2021-04-08,2878.699951,2896.899902,2877.800049,2895.600098,2895.600098,0
2021-04-09,2897.100098,2910.500000,2893.199951,2910.100098,2910.100098,0
2021-04-11,null,null,null,null,null,null
2021-04-12,2910.800049,2910.899902,2900.399902,2907.300049,2907.300049,0
2021-04-13,2907.899902,2922.800049,2905.699951,2918.199951,2918.199951,0
2021-04-14,2920.199951,2928.399902,2912.500000,2913.500000,2913.500000,0
2021-04-15,2914.600098,2943.100098,2914.100098,2941.800049,2941.800049,0
2021-04-16,2942.100098,2956.000000,2939.300049,2953.399902,2953.399902,0
2021-04-18,null,null,null,null,null,null
2021-04-19,2952.800049,2959.100098,2937.800049,2944.100098,2944.100098,0
2021-04-20,2942.699951,2943.300049,2906.600098,2915.800049,2915.800049,0
2021-04-21,2911.899902,2933.600098,2904.899902,2933.000000,2933.000000,0
2021-04-22,2935.399902,2944.899902,2917.300049,2923.899902,2923.899902,0
2021-04-23,2922.300049,2955.600098,2921.399902,2946.100098,2946.100098,0
2021-04-25,null,null,null,null,null,null
2021-04-26,2949.199951,2959.300049,2948.500000,2956.100098,2956.100098,0
2021-04-27,2955.500000,2955.500000,2946.399902,2952.000000,2952.000000,0
2021-04-28,2951.399902,2963.800049,2950.000000,2951.899902,2951.899902,0
2021-04-29,2955.800049,2972.699951,2947.300049,2963.300049,2963.300049,0
2021-04-30,2964.100098,2964.399902,2934.500000,2938.800049,2938.800049,0
2021-05-02,null,null,null,null,null,null
2021-05-03,2938.199951,2957.199951,2936.100098,2948.699951,2948.699951,0
2021-05-04,2947.600098,2948.100098,2903.100098,2922.500000,2922.500000,0
2021-05-05,2921.800049,2942.899902,2921.000000,2932.800049,2932.800049,0
2021-05-06,2934.000000,2952.800049,2923.300049,2952.000000,2952.000000,0
2021-05-07,2953.100098,2983.899902,2952.600098,2979.399902,2979.399902,0
2021-05-09,null,null,null,null,null,null
2021-05-10,2981.699951,2985.500000,2960.500000,2961.600098,2961.600098,0
2021-05-11,2958.899902,2958.899902,2904.800049,2928.300049,2928.300049,0
2021-05-12,2927.300049,2928.000000,2872.699951,2876.800049,2876.800049,0
2021-05-13,2874.800049,2902.100098,2860.300049,2892.500000,2892.500000,0
2021-05-14,2894.199951,2943.500000,2894.199951,2938.600098,2938.600098,0
2021-05-16,null,null,null,null,null,null
2021-05-17,2940.800049,2941.500000,2924.300049,2934.199951,2934.199951,0
2021-05-18,2935.600098,2948.100098,2928.500000,2928.699951,2928.699951,0
2021-05-19,2926.500000,2926.899902,2879.899902,2910.899902,2910.899902,0
2021-05-20,2906.300049,2949.500000,2906.300049,2942.199951,2942.199951,0
2021-05-21,2943.300049,2960.199951,2940.000000,2943.100098,2943.100098,0
2021-05-23,null,null,null,null,null,null
2021-05-24,2942.600098,2972.199951,2942.399902,2966.399902,2966.399902,0
2021-05-25,2966.899902,2979.399902,2963.500000,2965.500000,2965.500000,0
2021-05-26,2965.199951,2971.899902,2963.100098,2969.500000,2969.500000,0
2021-05-27,2967.500000,2978.000000,2965.500000,2970.600098,2970.600098,0
2021-05-28,2972.399902,2987.699951,2972.399902,2979.300049,2979.300049,0
2021-05-30,null,null,null,null,null,null
2021-06-01,2977.000000,2998.100098,2975.199951,2982.000000,2982.000000,0
2021-06-02,2980.600098,2990.600098,2979.399902,2986.000000,2986.000000,0
2021-06-03,2986.399902,2989.699951,2959.699951,2972.899902,2972.899902,0
2021-06-04,2971.600098,2999.300049,2970.100098,2997.399902,2997.399902,0
2021-06-06,null,null,null,null,null,null
2021-06-07,2998.600098,3002.199951,2994.100098,3001.000000,3001.000000,0
2021-06-08,3001.000000,3007.500000,2992.000000,3001.800049,3001.800049,0
2021-06-09,3000.699951,3007.000000,2995.800049,2996.600098,2996.600098,0
2021-06-10,2995.500000,3012.600098,2993.899902,3007.500000,3007.500000,0
2021-06-11,3008.699951,3013.399902,3004.399902,3012.699951,3012.699951,0
2021-06-13,null,null,null,null,null,null
2021-06-14,3013.899902,3019.899902,3009.699951,3019.899902,3019.899902,0
2021-06-15,3019.899902,3025.699951,3013.399902,3017.300049,3017.300049,0
2021-06-16,3017.000000,3020.899902,2989.800049,3008.500000,3008.500000,0
2021-06-17,2998.699951,3000.399902,2980.500000,2996.500000,2996.500000,0
2021-06-18,2994.399902,2995.100098,2954.199951,2954.199951,2954.199951,0
2021-06-20,null,null,null,null,null,null
2021-06-21,2953.100098,2983.399902,2943.500000,2982.100098,2982.100098,0
2021-06-22,2983.600098,3009.100098,2983.399902,3001.100098,3001.100098,0
2021-06-23,3003.500000,3009.100098,2996.199951,2998.000000,2998.000000,0
2021-06-24,2996.399902,3017.500000,2995.500000,3013.399902,3013.399902,0
2021-06-25,3015.300049,3026.199951,3015.000000,3024.899902,3024.899902,0
2021-06-27,null,null,null,null,null,null
2021-06-28,3024.699951,3026.500000,3017.600098,3025.199951,3025.199951,0
2021-06-29,3024.000000,3029.199951,3021.800049,3024.399902,3024.399902,0
2021-06-30,3025.000000,3025.800049,3013.699951,3017.199951,3017.199951,0
2021-07-01,3017.300049,3028.199951,3014.500000,3028.199951,3028.199951,0
2021-07-02,3027.300049,3050.000000,3027.199951,3046.100098,3046.100098,0
2021-07-04,null,null,null,null,null,null
2021-07-06,3050.899902,3053.399902,3026.399902,3042.600098,3042.600098,0
2021-07-07,3040.300049,3053.399902,3033.800049,3049.699951,3049.699951,0
2021-07-08,3049.899902,3050.199951,3003.899902,3022.199951,3022.199951,0
2021-07-09,3019.899902,3055.300049,3015.500000,3053.100098,3053.100098,0
2021-07-11,null,null,null,null,null,null
2021-07-12,3055.699951,3068.300049,3055.699951,3068.300049,3068.300049,0
2021-07-13,3068.899902,3070.800049,3055.500000,3059.300049,3059.300049,0
2021-07-14,3055.199951,3070.800049,3053.899902,3058.600098,3058.600098,0
2021-07-15,3058.800049,3059.000000,3032.399902,3043.500000,3043.500000,0
2021-07-16,3041.699951,3048.899902,3021.699951,3024.699951,3024.699951,0
2021-07-18,null,null,null,null,null,null
2021-07-19,3022.399902,3022.600098,2962.600098,2975.600098,2975.600098,0
2021-07-20,2972.899902,3014.300049,2970.100098,3005.899902,3005.899902,0
2021-07-21,3009.500000,3038.399902,3007.899902,3036.699951,3036.699951,0
2021-07-22,3037.899902,3047.300049,3036.600098,3046.600098,3046.600098,0
2021-07-23,3046.000000,3074.699951,3044.399902,3072.399902,3072.399902,0
2021-07-25,null,null,null,null,null,null
2021-07-26,3075.000000,3080.399902,3071.199951,3080.399902,3080.399902,0
2021-07-27,3081.300049,3082.500000,3054.500000,3068.899902,3068.899902,0
2021-07-28,3067.100098,3078.899902,3062.100098,3069.500000,3069.500000,0
2021-07-29,3073.899902,3095.600098,3073.699951,3089.800049,3089.800049,0
2021-07-30,3089.800049,3090.000000,3066.100098,3069.300049,3069.300049,0
2021-08-01,null,null,null,null,null,null
2021-08-02,3071.100098,3091.300049,3070.899902,3077.100098,3077.100098,0
2021-08-03,3075.300049,3093.300049,3067.500000,3092.500000,3092.500000,0
2021-08-04,3093.399902,3096.899902,3083.500000,3085.800049,3085.800049,0
2021-08-05,3085.199951,3102.199951,3085.199951,3102.199951,3102.199951,0
2021-08-06,3101.300049,3104.399902,3094.800049,3098.100098,3098.100098,0
2021-08-08,null,null,null,null,null,null
2021-08-09,3097.600098,3100.600098,3093.199951,3097.100098,3097.100098,0
2021-08-10,3097.100098,3105.199951,3096.600098,3099.500000,3099.500000,0
2021-08-11,3100.300049,3112.300049,3100.199951,3110.000000,3110.000000,0
2021-08-12,3110.800049,3116.000000,3103.100098,3115.699951,3115.699951,0
2021-08-13,3116.000000,3126.199951,3115.399902,3125.100098,3125.100098,0
2021-08-15,null,null,null,null,null,null
2021-08-16,3124.699951,3124.899902,3099.800049,3122.000000,3122.000000,0
2021-08-17,3121.800049,3122.100098,3084.899902,3100.100098,3100.100098,0
2021-08-18,3099.600098,3103.100098,3077.100098,3078.000000,3078.000000,0
2021-08-19,3075.800049,3076.000000,3047.600098,3063.199951,3063.199951,0
2021-08-20,3062.000000,3082.399902,3057.199951,3080.000000,3080.000000,0
2021-08-22,null,null,null,null,null,null
2021-08-23,3082.800049,3117.600098,3082.800049,3112.600098,3112.600098,0
2021-08-24,3114.100098,3124.600098,3114.000000,3122.000000,3122.000000,0
2021-08-25,3121.500000,3129.699951,3119.600098,3125.800049,3125.800049,0
2021-08-26,3127.899902,3128.000000,3109.199951,3110.300049,3110.300049,0
2021-08-27,3108.800049,3136.899902,3107.300049,3133.699951,3133.699951,0
2021-08-29,null,null,null,null,null,null
2021-08-30,3136.399902,3150.800049,3135.699951,3146.600098,3146.600098,0
2021-08-31,3145.500000,3151.300049,3139.500000,3141.399902,3141.399902,0
2021-09-01,3142.000000,3160.600098,3141.199951,3151.699951,3151.699951,0
2021-09-02,3150.600098,3164.300049,3149.300049,3161.500000,3161.500000,0
2021-09-03,3162.100098,3167.199951,3155.000000,3164.000000,3164.000000,0
2021-09-05,null,null,null,null,null,null
2021-09-07,3171.699951,3174.100098,3155.899902,3158.899902,3158.899902,0
2021-09-08,3157.800049,3160.399902,3136.500000,3147.000000,3147.000000,0
2021-09-09,3146.600098,3155.000000,3136.000000,3136.000000,3136.000000,0
2021-09-10,3136.600098,3154.800049,3120.000000,3122.100098,3122.100098,0
2021-09-12,null,null,null,null,null,null
2021-09-13,3119.800049,3139.899902,3114.500000,3126.100098,3126.100098,0
2021-09-14,3126.399902,3138.899902,3111.399902,3116.100098,3116.100098,0
2021-09-15,3113.199951,3130.699951,3107.800049,3127.699951,3127.699951,0
2021-09-16,3128.500000,3129.399902,3108.399902,3122.600098,3122.600098,0
2021-09-17,3123.100098,3128.600098,3093.399902,3096.600098,3096.600098,0
2021-09-19,null,null,null,null,null,null
2021-09-20,3095.699951,3095.699951,3020.600098,3046.199951,3046.199951,0
2021-09-21,3044.899902,3071.000000,3041.500000,3049.699951,3049.699951,0
2021-09-22,3049.100098,3086.199951,3047.199951,3074.399902,3074.399902,0
2021-09-23,3071.500000,3114.000000,3071.399902,3106.399902,3106.399902,0
2021-09-24,3106.600098,3109.800049,3093.600098,3103.500000,3103.500000,0
2021-09-26,null,null,null,null,null,null
2021-09-27,3104.899902,3108.600098,3090.699951,3095.600098,3095.600098,0
2021-09-28,3094.899902,3095.000000,3030.000000,3032.699951,3032.699951,0
2021-09-29,3030.100098,3044.500000,3025.600098,3028.800049,3028.800049,0
2021-09-30,3028.000000,3041.800049,3006.600098,3006.600098,3006.600098,0
2021-10-01,3006.800049,3031.600098,2988.399902,3022.800049,3022.800049,0
2021-10-03,null,null,null,null,null,null
2021-10-04,3024.199951,3026.899902,2982.000000,2992.899902,2992.899902,0
2021-10-05,2992.199951,3027.399902,2985.500000,3016.199951,3016.199951,0
2021-10-06,3017.100098,3019.199951,2978.100098,3016.000000,3016.000000,0
2021-10-07,3016.600098,3061.300049,3016.600098,3046.600098,3046.600098,0
2021-10-08,null,null,null,null,null,null
2021-10-10,null,null,null,null,null,null
2021-10-11,3041.699951,3057.699951,3029.600098,3031.600098,3031.600098,0
2021-10-12,3029.699951,3035.100098,3020.100098,3024.699951,3024.699951,0
2021-10-13,3023.699951,3043.500000,3019.800049,3039.000000,3039.000000,0
2021-10-14,3041.100098,3085.600098,3040.899902,3084.600098,3084.600098,0
2021-10-15,3084.699951,3110.399902,3084.399902,3109.500000,3109.500000,0
2021-10-17,null,null,null,null,null,null
2021-10-18,3108.600098,3114.899902,3092.399902,3114.000000,3114.000000,0
2021-10-19,3114.100098,3136.300049,3114.000000,3136.199951,3136.199951,0
2021-10-20,3136.600098,3149.899902,3134.699951,3147.699951,3147.699951,0
2021-10-21,3148.000000,3152.300049,3140.399902,3152.300049,3152.300049,0
2021-10-22,3150.399902,3161.199951,3140.199951,3151.199951,3151.199951,0
2021-10-24,null,null,null,null,null,null
2021-10-25,3150.800049,3163.100098,3144.300049,3159.899902,3159.899902,0
2021-10-26,3161.000000,3180.699951,3160.699951,3167.399902,3167.399902,0
2021-10-27,3167.100098,3172.199951,3152.000000,3152.100098,3152.100098,0
2021-10-28,3152.199951,3179.699951,3148.800049,3179.399902,3179.399902,0
2021-10-29,3179.399902,3179.500000,3159.199951,3174.699951,3174.699951,0
2021-10-31,null,null,null,null,null,null
2021-11-01,3175.100098,3191.199951,3174.699951,3190.500000,3190.500000,0
2021-11-02,3189.500000,3198.500000,3187.399902,3195.699951,3195.699951,0
2021-11-03,3195.600098,3215.899902,3190.300049,3212.399902,3212.399902,0
2021-11-04,3215.699951,3227.199951,3214.300049,3224.600098,3224.600098,0
2021-11-05,3225.300049,3242.899902,3222.199951,3232.300049,3232.300049,0
2021-11-07,null,null,null,null,null,null
2021-11-08,3232.500000,3242.800049,3230.699951,3237.600098,3237.600098,0
2021-11-09,3238.000000,3241.500000,3220.600098,3227.800049,3227.800049,0
2021-11-10,3228.600098,3229.199951,3191.800049,3201.600098,3201.600098,0
2021-11-11,3198.800049,3209.199951,3196.300049,3202.000000,3202.000000,0
2021-11-12,3200.800049,3226.800049,3200.699951,3223.800049,3223.800049,0
2021-11-14,null,null,null,null,null,null
2021-11-15,3224.300049,3233.100098,3220.800049,3226.500000,3226.500000,0
2021-11-16,3223.800049,3237.600098,3221.500000,3232.000000,3232.000000,0
2021-11-17,3230.000000,3230.300049,3220.100098,3221.000000,3221.000000,0
2021-11-18,3221.699951,3230.300049,3211.000000,3226.399902,3226.399902,0
2021-11-19,3227.699951,3230.399902,3217.199951,3219.899902,3219.899902,0
2021-11-21,null,null,null,null,null,null
2021-11-22,3217.899902,3234.399902,3200.100098,3201.500000,3201.500000,0
2021-11-23,3200.500000,3206.100098,3177.600098,3196.899902,3196.899902,0
2021-11-24,3196.100098,3199.500000,3173.000000,3198.100098,3198.100098,0
2021-11-25,3199.600098,3203.800049,3199.399902,3202.399902,3202.399902,0
2021-11-26,3202.100098,3202.600098,3127.000000,3132.000000,3132.000000,0
2021-11-28,null,null,null,null,null,null
2021-11-29,3130.800049,3164.800049,3125.600098,3155.699951,3155.699951,0
2021-11-30,3157.500000,3161.000000,3101.800049,3101.800049,3101.800049,0
2021-12-01,3106.800049,3159.600098,3084.699951,3088.000000,3088.000000,0
2021-12-02,3086.100098,3119.100098,3075.500000,3111.199951,3111.199951,0
2021-12-03,3110.399902,3129.800049,3067.600098,3086.399902,3086.399902,0
2021-12-05,null,null,null,null,null,null
2021-12-06,3087.800049,3127.500000,3084.800049,3117.300049,3117.300049,0
2021-12-07,3119.500000,3188.300049,3118.600098,3184.199951,3184.199951,0
2021-12-08,3185.500000,3199.800049,3183.199951,3196.399902,3196.399902,0
2021-12-09,3197.100098,3197.500000,3172.500000,3172.500000,3172.500000,0
2021-12-10,3173.000000,3190.500000,3167.199951,3188.300049,3188.300049,0
2021-12-12,null,null,null,null,null,null
2021-12-13,3190.300049,3191.000000,3161.800049,3162.000000,3162.000000,0
2021-12-14,3161.899902,3164.300049,3124.699951,3138.100098,3138.100098,0
2021-12-15,3137.199951,3178.699951,3126.600098,3175.100098,3175.100098,0
2021-12-16,3178.800049,3201.899902,3159.199951,3167.300049,3167.300049,0
2021-12-17,3168.100098,3168.699951,3125.500000,3139.800049,3139.800049,0
2021-12-19,null,null,null,null,null,null
2021-12-20,3137.199951,3137.399902,3083.199951,3100.500000,3100.500000,0
2021-12-21,3099.699951,3154.600098,3099.699951,3152.300049,3152.300049,0
2021-12-22,3153.899902,3185.600098,3152.399902,3183.600098,3183.600098,0
2021-12-23,3184.399902,3214.300049,3184.399902,3206.100098,3206.100098,0
2021-12-26,null,null,null,null,null,null
2021-12-27,3206.300049,3238.300049,3204.500000,3237.699951,3237.699951,0
2021-12-28,3240.100098,3251.199951,3237.000000,3239.300049,3239.300049,0
2021-12-29,3239.800049,3248.000000,3235.199951,3244.000000,3244.000000,0
2021-12-30,3243.699951,3252.000000,3235.800049,3237.100098,3237.100098,0
2021-12-31,3237.500000,3241.100098,3231.500000,3231.699951,3231.699951,0
2022-01-02,null,null,null,null,null,null
2022-01-03,3230.699951,3243.699951,3223.899902,3241.399902,3241.399902,0
2022-01-04,3242.100098,3261.699951,3235.500000,3248.100098,3248.100098,0
2022-01-05,3246.600098,3251.800049,3199.899902,3203.000000,3203.000000,0
2022-01-06,3200.000000,3200.100098,3169.300049,3184.600098,3184.600098,0
2022-01-07,3184.800049,3193.600098,3167.300049,3177.500000,3177.500000,0
2022-01-09,null,null,null,null,null,null
2022-01-10,3178.699951,3179.199951,3119.899902,3166.100098,3166.100098,0
2022-01-11,3166.300049,3196.000000,3154.100098,3193.399902,3193.399902,0
2022-01-12,3197.199951,3226.100098,3197.100098,3214.199951,3214.199951,0
2022-01-13,3215.199951,3226.500000,3176.899902,3182.100098,3182.100098,0
2022-01-14,3179.800049,3180.000000,3146.899902,3173.100098,3173.100098,0
2022-01-16,null,null,null,null,null,null
2022-01-18,3176.399902,3179.199951,3119.399902,3124.199951,3124.199951,0
2022-01-19,3123.800049,3139.899902,3097.800049,3098.600098,3098.600098,0
2022-01-20,3098.399902,3140.899902,3076.000000,3082.300049,3082.300049,0
2022-01-21,3077.300049,3077.600098,3022.899902,3025.100098,3025.100098,0
2022-01-23,null,null,null,null,null,null
2022-01-24,3023.899902,3024.000000,2912.000000,3005.500000,3005.500000,0
2022-01-25,3007.000000,3007.000000,2939.000000,2975.500000,2975.500000,0
2022-01-26,2977.000000,3032.399902,2956.000000,2979.699951,2979.699951,0
2022-01-27,2976.500000,3008.199951,2947.800049,2955.300049,2955.300049,0
2022-01-28,2955.199951,3005.600098,2932.500000,3005.600098,3005.600098,0
2022-01-30,null,null,null,null,null,null
2022-01-31,3004.500000,3061.399902,3003.100098,3059.100098,3059.100098,0
2022-02-01,3060.800049,3089.300049,3052.100098,3086.600098,3086.600098,0
2022-02-02,3088.199951,3117.399902,3088.100098,3113.800049,3113.800049,0
2022-02-03,3114.399902,3114.399902,3049.500000,3052.500000,3052.500000,0
2022-02-04,null,null,null,null,null,null
2022-02-06,null,null,null,null,null,null
2022-02-07,3061.399902,3078.000000,3053.600098,3059.399902,3059.399902,0
2022-02-08,3060.699951,3082.199951,3046.899902,3077.100098,3077.100098,0
2022-02-09,3077.199951,3125.500000,3077.100098,3124.899902,3124.899902,0
2022-02-10,3125.199951,3132.500000,3075.500000,3088.000000,3088.000000,0
2022-02-11,3084.699951,3092.800049,3028.500000,3039.199951,3039.199951,0
2022-02-13,null,null,null,null,null,null
2022-02-14,3036.500000,3037.800049,2994.800049,3011.500000,3011.500000,0
2022-02-15,3012.000000,3056.000000,3007.899902,3054.300049,3054.300049,0
2022-02-16,3056.600098,3067.800049,3039.100098,3060.300049,3060.300049,0
2022-02-17,3061.100098,3062.100098,3006.100098,3009.100098,3009.100098,0
2022-02-18,3008.500000,3011.500000,2973.300049,2983.600098,2983.600098,0
2022-02-20,null,null,null,null,null,null
2022-02-22,2972.500000,2979.899902,2930.699951,2949.600098,2949.600098,0
2022-02-23,2948.899902,2972.100098,2906.500000,2909.300049,2909.300049,0
2022-02-24,2907.899902,2913.600098,2825.100098,2905.899902,2905.899902,0
2022-02-25,2911.300049,2981.699951,2910.899902,2980.199951,2980.199951,0
2022-02-27,null,null,null,null,null,null
2022-02-28,2977.600098,2985.399902,2947.500000,2978.000000,2978.000000,0
2022-03-01,2979.699951,2981.000000,2916.399902,2930.800049,2930.800049,0
2022-03-02,2929.100098,2974.399902,2918.399902,2964.199951,2964.199951,0
2022-03-03,2968.300049,2979.399902,2932.800049,2942.500000,2942.500000,0
2022-03-04,2942.100098,2942.199951,2876.399902,2896.500000,2896.500000,0
2022-03-06,null,null,null,null,null,null
2022-03-07,2897.199951,2897.199951,2818.600098,2819.500000,2819.500000,0
2022-03-08,2818.100098,2850.800049,2792.199951,2797.699951,2797.699951,0
2022-03-09,2798.699951,2892.500000,2798.100098,2881.800049,2881.800049,0
2022-03-10,2883.500000,2891.600098,2845.100098,2871.500000,2871.500000,0
2022-03-11,2869.800049,2887.800049,2836.000000,2840.000000,2840.000000,0
2022-03-13,null,null,null,null,null,null
2022-03-14,2839.199951,2865.600098,2819.000000,2826.500000,2826.500000,0
2022-03-15,2823.399902,2868.600098,2815.100098,2865.899902,2865.899902,0
2022-03-16,2866.899902,2939.500000,2866.800049,2936.300049,2936.300049,0
2022-03-17,2938.000000,2981.300049,2935.000000,2981.300049,2981.300049,0
2022-03-18,2980.699951,3012.699951,2965.600098,3010.600098,3010.600098,0
2022-03-20,null,null,null,null,null,null
2022-03-21,3010.899902,3021.100098,2989.899902,3010.100098,3010.100098,0
2022-03-22,3008.199951,3045.500000,3006.899902,3040.399902,3040.399902,0
2022-03-23,3040.199951,3046.500000,3012.699951,3012.800049,3012.800049,0
2022-03-24,3011.399902,3041.500000,3009.300049,3041.500000,3041.500000,0
2022-03-25,3042.399902,3055.000000,3029.199951,3049.100098,3049.100098,0
2022-03-27,null,null,null,null,null,null
2022-03-28,3048.899902,3062.600098,3035.000000,3061.600098,3061.600098,0
2022-03-29,3064.399902,3113.000000,3062.899902,3110.800049,3110.800049,0
2022-03-30,3110.100098,3112.500000,3085.699951,3096.699951,3096.699951,0
2022-03-31,3096.199951,3096.600098,3049.699951,3053.100098,3053.100098,0
2022-04-01,3048.899902,3058.800049,3038.800049,3057.100098,3057.100098,0
2022-04-03,null,null,null,null,null,null
2022-04-04,3057.800049,3081.399902,3057.100098,3081.399902,3081.399902,0
2022-04-05,3081.000000,3086.899902,3041.300049,3049.399902,3049.399902,0
2022-04-06,3045.100098,3045.100098,2994.100098,3012.199951,3012.199951,0
2022-04-07,3009.199951,3022.800049,2987.699951,3014.100098,3014.100098,0
2022-04-08,3013.399902,3029.000000,3001.100098,3012.199951,3012.199951,0
2022-04-10,null,null,null,null,null,null
2022-04-11,3012.600098,3013.100098,2969.600098,2972.399902,2972.399902,0
2022-04-12,2970.600098,2997.399902,2950.399902,2959.800049,2959.800049,0
2022-04-13,2957.500000,2991.100098,2952.899902,2985.100098,2985.100098,0
2022-04-14,2989.199951,2996.399902,2960.600098,2960.600098,2960.600098,0
2022-04-17,null,null,null,null,null,null
2022-04-18,2958.500000,2963.000000,2942.899902,2954.199951,2954.199951,0
2022-04-19,null,null,null,null,null,null
2022-04-20,2986.100098,3010.199951,2985.800049,2994.600098,2994.600098,0
2022-04-21,2993.600098,3025.600098,2954.399902,2959.899902,2959.899902,0
2022-04-22,2956.800049,2956.800049,2881.000000,2882.500000,2882.500000,0
2022-04-24,null,null,null,null,null,null
2022-04-25,2881.899902,2881.899902,2833.199951,2877.699951,2877.699951,0
2022-04-26,2878.399902,2882.000000,2809.500000,2811.000000,2811.000000,0
2022-04-27,2808.300049,2836.500000,2794.899902,2807.500000,2807.500000,0
2022-04-28,2809.300049,2872.399902,2807.399902,2861.600098,2861.600098,0
2022-04-29,2862.399902,2873.699951,2791.199951,2795.600098,2795.600098,0
2022-05-01,null,null,null,null,null,null
2022-05-02,2793.300049,2804.800049,2750.500000,2796.300049,2796.300049,0
2022-05-03,2796.300049,2821.100098,2794.899902,2809.800049,2809.800049,0
2022-05-04,2809.399902,2874.600098,2790.500000,2864.399902,2864.399902,0
2022-05-05,2871.699951,2878.399902,2763.899902,2784.100098,2784.100098,0
2022-05-06,2783.899902,2784.000000,2731.899902,2762.199951,2762.199951,0
2022-05-08,null,null,null,null,null,null
2022-05-09,2757.500000,2757.500000,2665.600098,2671.800049,2671.800049,0
2022-05-10,2671.699951,2716.399902,2655.000000,2677.300049,2677.300049,0
2022-05-11,2675.399902,2709.800049,2647.000000,2652.600098,2652.600098,0
2022-05-12,2649.000000,2658.800049,2602.600098,2639.800049,2639.800049,0
2022-05-13,2638.000000,2709.600098,2637.800049,2701.300049,2701.300049,0
2022-05-15,null,null,null,null,null,null
2022-05-16,2703.800049,2714.500000,2682.100098,2694.000000,2694.000000,0
2022-05-17,2697.100098,2747.800049,2696.699951,2746.800049,2746.800049,0
2022-05-18,2748.600098,2751.500000,2657.300049,2665.100098,2665.100098,0
2022-05-19,2662.100098,2673.199951,2633.000000,2651.600098,2651.600098,0
2022-05-20,2650.699951,2680.899902,2611.600098,2655.899902,2655.899902,0
2022-05-22,null,null,null,null,null,null
2022-05-23,2658.500000,2706.399902,2658.500000,2702.300049,2702.300049,0
2022-05-24,2702.500000,2702.600098,2649.899902,2680.500000,2680.500000,0
2022-05-25,2681.000000,2711.300049,2672.300049,2700.100098,2700.100098,0
2022-05-26,2701.600098,2752.199951,2699.000000,2744.000000,2744.000000,0
2022-05-27,2746.800049,2803.800049,2746.800049,2802.600098,2802.600098,0
2022-05-29,null,null,null,null,null,null
2022-05-30,2805.000000,2815.399902,2805.000000,2814.699951,2814.699951,0
2022-05-31,2813.800049,2814.399902,2777.500000,2791.000000,2791.000000,0
2022-06-01,2792.000000,2812.000000,2755.399902,2770.399902,2770.399902,0
2022-06-02,2768.500000,2816.199951,2762.000000,2814.000000,2814.000000,0
2022-06-03,2817.300049,2819.600098,2774.300049,2779.100098,2779.100098,0
2022-06-05,null,null,null,null,null,null
2022-06-06,2777.399902,2814.000000,2777.100098,2789.800049,2789.800049,0
2022-06-07,2787.100098,2807.399902,2761.000000,2805.300049,2805.300049,0
2022-06-08,2805.800049,2807.199951,2777.500000,2783.300049,2783.300049,0
2022-06-09,2781.000000,2782.500000,2719.000000,2721.899902,2721.899902,0
2022-06-10,2717.899902,2718.800049,2639.899902,2641.699951,2641.699951,0
2022-06-12,null,null,null,null,null,null
2022-06-13,2637.800049,2637.899902,2536.300049,2545.000000,2545.000000,0
2022-06-14,2542.399902,2553.500000,2509.000000,2525.899902,2525.899902,0
2022-06-15,2525.199951,2583.800049,2522.800049,2556.699951,2556.699951,0
2022-06-16,2562.899902,2565.500000,2482.600098,2490.500000,2490.500000,0
2022-06-17,2492.600098,2507.699951,2467.300049,2485.800049,2485.800049,0
2022-06-19,null,null,null,null,null,null
2022-06-20,2488.699951,2495.000000,2485.800049,2495.000000,2495.000000,0
2022-06-21,2495.699951,2551.199951,2495.699951,2543.399902,2543.399902,0
2022-06-22,2542.800049,2556.300049,2512.699951,2537.300049,2537.300049,0
2022-06-23,2534.800049,2551.399902,2522.100098,2549.100098,2549.100098,0
2022-06-24,2547.500000,2620.300049,2546.100098,2619.500000,2619.500000,0
2022-06-26,null,null,null,null,null,null
2022-06-27,2621.699951,2635.800049,2614.500000,2623.199951,2623.199951,0
2022-06-28,2621.899902,2647.399902,2584.000000,2584.300049,2584.300049,0
2022-06-29,2583.300049,2584.800049,2563.800049,2574.500000,2574.500000,0
2022-06-30,2573.100098,2573.100098,2519.100098,2546.199951,2546.199951,0
2022-07-01,2547.899902,2564.300049,2523.800049,2560.000000,2560.000000,0
2022-07-03,null,null,null,null,null,null
2022-07-04,2564.500000,2571.899902,2563.899902,2567.899902,2567.899902,0
2022-07-05,2569.300049,2571.500000,2512.100098,2554.000000,2554.000000,0
2022-07-06,2554.800049,2573.300049,2543.399902,2561.199951,2561.199951,0
2022-07-07,2562.000000,2605.300049,2561.399902,2602.000000,2602.000000,0
2022-07-08,2603.100098,2613.399902,2583.100098,2603.600098,2603.600098,0
2022-07-10,null,null,null,null,null,null
2022-07-11,2604.300049,2605.399902,2567.500000,2572.300049,2572.300049,0
2022-07-12,2571.000000,2578.699951,2545.300049,2554.199951,2554.199951,0
2022-07-13,2553.300049,2556.199951,2516.699951,2544.699951,2544.699951,0
2022-07-14,2539.300049,2541.500000,2485.699951,2520.899902,2520.899902,0
2022-07-15,2523.399902,2569.199951,2520.899902,2568.600098,2568.600098,0
2022-07-17,null,null,null,null,null,null
2022-07-18,2570.399902,2600.800049,2559.000000,2567.699951,2567.699951,0
2022-07-19,2565.300049,2628.300049,2563.300049,2628.300049,2628.300049,0
2022-07-20,2628.699951,2650.100098,2622.600098,2643.899902,2643.899902,0
2022-07-21,2641.600098,2666.300049,2625.699951,2663.800049,2663.800049,0
2022-07-22,2666.000000,2679.500000,2637.399902,2650.800049,2650.800049,0
2022-07-24,null,null,null,null,null,null
2022-07-25,2646.699951,2655.600098,2640.600098,2651.199951,2651.199951,0
2022-07-26,2652.399902,2653.800049,2618.699951,2624.500000,2624.500000,0
2022-07-27,2623.399902,2689.100098,2623.100098,2675.100098,2675.100098,0
2022-07-28,2682.300049,2714.100098,2667.699951,2709.800049,2709.800049,0
2022-07-29,2712.699951,2751.699951,2712.300049,2746.399902,2746.399902,0
2022-07-31,null,null,null,null,null,null
2022-08-01,2747.500000,2763.000000,2735.800049,2749.300049,2749.300049,0
2022-08-02,2747.699951,2751.100098,2720.800049,2728.300049,2728.300049,0
2022-08-03,2723.500000,2763.800049,2722.000000,2755.300049,2755.300049,0
2022-08-04,2758.000000,2767.800049,2751.500000,2761.699951,2761.699951,0
2022-08-05,2763.699951,2764.899902,2733.000000,2752.100098,2752.100098,0
2022-08-07,null,null,null,null,null,null
2022-08-08,2751.800049,2783.199951,2750.899902,2758.699951,2758.699951,0
2022-08-09,2757.300049,2757.699951,2737.100098,2743.600098,2743.600098,0
2022-08-10,2742.500000,2803.399902,2739.899902,2803.399902,2803.399902,0
2022-08-11,2800.300049,2829.800049,2797.199951,2802.199951,2802.199951,0
2022-08-12,2800.899902,2836.100098,2800.000000,2834.500000,2834.500000,0
2022-08-14,null,null,null,null,null,null
2022-08-15,2836.100098,2842.600098,2823.899902,2842.500000,2842.500000,0
2022-08-16,2840.800049,2854.300049,2829.600098,2844.399902,2844.399902,0
2022-08-17,2845.399902,2848.500000,2812.699951,2822.899902,2822.899902,0
2022-08-18,2822.899902,2828.100098,2815.199951,2826.399902,2826.399902,0
2022-08-19,2824.000000,2824.100098,2783.399902,2787.699951,2787.699951,0
2022-08-21,null,null,null,null,null,null
2022-08-22,2786.699951,2787.899902,2730.800049,2736.100098,2736.100098,0
2022-08-23,2733.600098,2748.300049,2726.699951,2730.399902,2730.399902,0
2022-08-24,2728.500000,2743.000000,2720.800049,2736.000000,2736.000000,0
2022-08-25,2734.800049,2769.199951,2734.300049,2768.500000,2768.500000,0
2022-08-26,2769.000000,2773.600098,2691.300049,2694.600098,2694.600098,0
2022-08-28,null,null,null,null,null,null
2022-08-29,2687.300049,2687.500000,2662.699951,2668.800049,2668.800049,0
2022-08-30,2671.399902,2682.000000,2636.199951,2645.399902,2645.399902,0
2022-08-31,2645.300049,2658.899902,2625.699951,2627.300049,2627.300049,0
2022-09-01,2622.899902,2622.899902,2579.000000,2610.300049,2610.300049,0
2022-09-02,2611.500000,2648.699951,2592.600098,2605.199951,2605.199951,0
2022-09-04,null,null,null,null,null,null
2022-09-05,2599.100098,2600.500000,2590.399902,2596.699951,2596.699951,0
2022-09-06,2598.500000,2603.500000,2570.699951,2585.000000,2585.000000,0
2022-09-07,2583.199951,2621.699951,2574.000000,2614.100098,2614.100098,0
2022-09-08,2618.500000,2638.800049,2599.199951,2636.199951,2636.199951,0
2022-09-09,2639.100098,2687.600098,2639.000000,2682.899902,2682.899902,0
2022-09-11,null,null,null,null,null,null
2022-09-12,2685.500000,2723.399902,2684.800049,2719.000000,2719.000000,0
2022-09-13,2718.600098,2725.600098,2611.300049,2619.500000,2619.500000,0
2022-09-14,2616.000000,2625.500000,2599.500000,2617.800049,2617.800049,0
2022-09-15,2616.500000,2623.300049,2585.000000,2592.000000,2592.000000,0
2022-09-16,2589.800049,2591.199951,2550.399902,2569.300049,2569.300049,0
2022-09-18,null,null,null,null,null,null
2022-09-19,2569.699951,2582.000000,2546.600098,2580.600098,2580.600098,0
2022-09-20,2583.199951,2587.899902,2539.399902,2554.000000,2554.000000,0
2022-09-21,2551.800049,2574.600098,2514.399902,2516.600098,2516.600098,0
2022-09-22,2512.199951,2519.199951,2485.399902,2489.399902,2489.399902,0
2022-09-23,2490.399902,2490.699951,2414.800049,2438.500000,2438.500000,0
2022-09-25,null,null,null,null,null,null
2022-09-26,2436.399902,2443.199951,2400.500000,2408.399902,2408.399902,0
2022-09-27,2407.600098,2442.000000,2390.199951,2403.899902,2403.899902,0
2022-09-28,2401.600098,2452.199951,2389.000000,2438.800049,2438.800049,0
2022-09-29,2442.600098,2443.800049,2386.500000,2401.300049,2401.300049,0
2022-09-30,2404.600098,2421.199951,2377.399902,2378.699951,2378.699951,0
2022-10-02,null,null,null,null,null,null
2022-10-03,2378.199951,2439.600098,2372.899902,2429.899902,2429.899902,0
2022-10-04,2430.899902,2514.699951,2430.899902,2511.699951,2511.699951,0
2022-10-05,2516.399902,2517.399902,2468.800049,2500.100098,2500.100098,0
2022-10-06,2504.500000,2507.899902,2473.500000,2478.399902,2478.399902,0
2022-10-07,2476.199951,2476.399902,2405.500000,2417.699951,2417.699951,0
2022-10-09,null,null,null,null,null,null
2022-10-10,2414.399902,2417.800049,2383.399902,2395.600098,2395.600098,0
2022-10-11,2396.199951,2405.600098,2362.600098,2376.300049,2376.300049,0
2022-10-12,2375.600098,2381.500000,2364.100098,2367.699951,2367.699951,0
2022-10-13,2368.000000,2423.899902,2315.000000,2411.699951,2411.699951,0
2022-10-14,2416.199951,2447.699951,2373.199951,2376.600098,2376.600098,0
2022-10-16,null,null,null,null,null,null
2022-10-17,2375.199951,2438.000000,2372.399902,2431.800049,2431.800049,0
2022-10-18,2431.899902,2482.600098,2431.899902,2457.899902,2457.899902,0
2022-10-19,2458.699951,2460.000000,2424.000000,2439.300049,2439.300049,0
2022-10-20,2436.699951,2463.100098,2419.500000,2429.300049,2429.300049,0
2022-10-21,2424.699951,2471.800049,2406.100098,2462.399902,2462.399902,0
2022-10-23,null,null,null,null,null,null
2022-10-24,2471.800049,2499.100098,2462.500000,2493.100098,2493.100098,0
2022-10-25,2493.699951,2539.699951,2493.199951,2537.500000,2537.500000,0
2022-10-26,2538.399902,2563.899902,2524.899902,2535.699951,2535.699951,0
2022-10-27,2537.100098,2552.300049,2520.000000,2523.600098,2523.600098,0
2022-10-28,2520.800049,2563.600098,2512.500000,2561.000000,2561.000000,0
2022-10-30,null,null,null,null,null,null
2022-10-31,2562.699951,2564.699951,2543.000000,2547.699951,2547.699951,0
2022-11-01,2548.000000,2580.899902,2540.000000,2546.399902,2546.399902,0
2022-11-02,2546.800049,2570.600098,2495.699951,2499.800049,2499.800049,0
2022-11-03,2495.199951,2496.100098,2453.199951,2467.899902,2467.899902,0
2022-11-04,2467.600098,2525.699951,2464.899902,2507.199951,2507.199951,0
2022-11-06,null,null,null,null,null,null
2022-11-07,2508.800049,2538.600098,2508.000000,2533.600098,2533.600098,0
2022-11-08,2535.699951,2571.399902,2533.100098,2554.899902,2554.899902,0
2022-11-09,2555.500000,2555.500000,2506.100098,2509.800049,2509.800049,0
2022-11-10,2508.300049,2640.300049,2502.000000,2636.600098,2636.600098,0
2022-11-11,2637.899902,2681.100098,2637.300049,2674.100098,2674.100098,0
2022-11-13,null,null,null,null,null,null
2022-11-14,2672.899902,2681.000000,2653.899902,2653.899902,2653.899902,0
2022-11-15,2654.000000,2697.199951,2653.100098,2678.199951,2678.199951,0
2022-11-16,2677.300049,2680.399902,2654.600098,2657.600098,2657.600098,0
2022-11-17,2657.300049,2660.600098,2622.500000,2642.300049,2642.300049,0
2022-11-18,2645.300049,2666.000000,2642.800049,2658.899902,2658.899902,0
2022-11-20,null,null,null,null,null,null
2022-11-21,2657.600098,2657.699951,2632.199951,2640.399902,2640.399902,0
2022-11-22,2641.199951,2677.300049,2641.199951,2675.500000,2675.500000,0
2022-11-23,2676.800049,2702.000000,2676.300049,2697.399902,2697.399902,0
2022-11-25,2705.399902,2707.699951,2697.600098,2703.699951,2703.699951,0
2022-11-27,null,null,null,null,null,null
2022-11-28,2702.000000,2703.100098,2660.600098,2668.399902,2668.399902,0
2022-11-29,2664.899902,2675.600098,2652.800049,2663.300049,2663.300049,0
2022-11-30,2661.100098,2729.699951,2654.500000,2720.899902,2720.899902,0
2022-12-01,2732.600098,2754.800049,2727.100098,2741.100098,2741.100098,0
2022-12-02,2742.800049,2743.699951,2710.899902,2733.000000,2733.000000,0
2022-12-04,null,null,null,null,null,null
2022-12-05,2738.199951,2741.300049,2685.699951,2696.300049,2696.300049,0
2022-12-06,2693.000000,2695.100098,2648.600098,2662.100098,2662.100098,0
2022-12-07,2658.300049,2668.300049,2649.500000,2654.300049,2654.300049,0
2022-12-08,2654.000000,2677.000000,2650.800049,2670.300049,2670.300049,0
2022-12-09,2670.699951,2685.100098,2661.399902,2662.899902,2662.899902,0
2022-12-11,null,null,null,null,null,null
2022-12-12,2659.899902,2684.300049,2657.000000,2683.600098,2683.600098,0
2022-12-13,2684.399902,2761.199951,2684.399902,2715.500000,2715.500000,0
2022-12-14,2714.300049,2733.699951,2688.600098,2705.300049,2705.300049,0
2022-12-15,2705.699951,2705.899902,2626.100098,2636.899902,2636.899902,0
2022-12-16,2633.899902,2636.699951,2594.899902,2606.000000,2606.000000,0
2022-12-18,null,null,null,null,null,null
2022-12-19,2604.300049,2610.800049,2579.199951,2585.899902,2585.899902,0
2022-12-20,2587.699951,2601.800049,2577.399902,2592.899902,2592.899902,0
2022-12-21,2592.899902,2632.000000,2590.300049,2626.899902,2626.899902,0
2022-12-22,2626.899902,2633.800049,2566.500000,2595.300049,2595.300049,0
2022-12-23,2593.500000,2605.500000,2580.199951,2605.199951,2605.199951,0
2022-12-25,null,null,null,null,null,null
2022-12-26,null,null,null,null,null,null
2022-12-27,2608.199951,2611.300049,2592.399902,2600.899902,2600.899902,0
2022-12-28,2600.000000,2612.399902,2573.500000,2575.199951,2575.199951,0
2022-12-29,2573.500000,2617.199951,2570.899902,2612.000000,2612.000000,0
2022-12-30,2613.399902,2614.100098,2587.399902,2602.699951,2602.699951,0