 Historical Data - End of Day Tel-Bond 20,,,,,,
 From 31/12/2012 To 31/12/2022
Date,Index Base Price,Index Opening Price,Closing Index Price,High,Low,Overall Market Cap (NIS thousands)
29/12/2022,359.62,359.37,359.37,359.58,358.75,60597940
28/12/2022,359.86,359.76,359.62,359.86,359.01,60907895
27/12/2022,360.07,360.05,359.86,360.56,359.84,59289450
26/12/2022,360.51,360.37,360.07,360.68,359.91,59325105
25/12/2022,361.66,361.68,360.51,361.80,360.04,59397484
22/12/2022,360.67,360.68,361.66,361.66,360.68,59585338
21/12/2022,359.73,359.74,360.67,360.76,359.71,59612009
20/12/2022,360.06,359.81,359.73,360.25,359.55,59457275
19/12/2022,360.14,360.05,360.06,360.91,359.85,59511472
18/12/2022,359.90,359.81,360.14,360.14,359.12,59524841
15/12/2022,359.95,359.94,359.90,360.17,359.48,59579582
14/12/2022,360.38,360.38,359.95,360.60,359.95,59588277
13/12/2022,359.86,359.78,360.38,360.79,359.64,59659803
12/12/2022,359.43,359.67,359.86,360.40,359.65,59573606
11/12/2022,360.38,360.68,359.43,360.90,359.32,59501835
08/12/2022,359.09,359.15,360.38,360.52,359.15,59660036
07/12/2022,359.24,359.32,359.09,359.84,359.00,59445570
06/12/2022,359.43,359.32,359.24,360.12,359.24,59353334
05/12/2022,360.70,360.77,359.43,361.04,359.43,59385116
04/12/2022,362.33,362.61,360.70,363.08,360.70,59595190
01/12/2022,360.58,360.90,362.33,362.33,360.90,59865307
30/11/2022,361.28,361.02,360.58,362.03,360.53,59923547
29/11/2022,361.39,361.35,361.28,362.02,361.11,60039401
28/11/2022,362.57,362.44,361.39,362.81,361.37,60058266
27/11/2022,364.95,364.94,362.57,364.94,362.36,60253756
24/11/2022,365.35,365.35,364.95,366.44,364.95,60649685
23/11/2022,364.19,364.16,365.35,365.35,364.11,61227691
22/11/2022,363.54,363.60,364.19,364.38,363.24,61034726
21/11/2022,363.70,363.62,363.54,364.29,362.74,60924497
20/11/2022,365.79,365.49,363.70,365.67,363.70,60951106
17/11/2022,365.89,365.94,365.79,366.79,365.18,61301675
16/11/2022,364.26,364.46,365.89,365.89,364.31,61724167
15/11/2022,362.13,362.76,364.26,365.12,362.76,61449491
14/11/2022,362.58,362.39,362.13,362.93,362.05,61090566
13/11/2022,361.38,361.48,362.58,363.22,361.48,61165796
10/11/2022,360.05,359.96,361.38,361.80,359.96,60963702
09/11/2022,360.24,360.51,360.05,360.70,359.90,60738825
08/11/2022,360.85,360.70,360.24,360.82,360.24,60771781
07/11/2022,361.27,361.20,360.85,361.78,360.85,60873334
06/11/2022,361.26,361.31,361.27,361.72,361.23,60944135
03/11/2022,362.13,361.99,361.26,361.99,360.63,60942512
02/11/2022,361.10,360.97,362.13,362.99,360.97,61089633
31/10/2022,363.20,363.21,361.10,363.22,361.10,60915831
30/10/2022,363.30,363.63,363.20,364.10,363.20,61269914
27/10/2022,363.67,363.68,363.30,363.94,362.54,61287612
26/10/2022,361.98,361.98,363.67,363.90,361.98,61342146
25/10/2022,361.07,361.70,361.98,362.22,361.12,61051799
24/10/2022,360.83,360.61,361.07,362.57,360.60,60892039
23/10/2022,359.80,359.86,360.83,361.18,359.86,60849235
20/10/2022,360.38,360.40,359.80,360.49,359.80,60669659
19/10/2022,360.90,360.90,360.38,360.94,360.26,60765570
18/10/2022,360.17,360.24,360.90,361.75,360.24,60892222
13/10/2022,359.32,359.33,360.17,360.25,359.33,60769494
12/10/2022,359.16,359.16,359.32,360.08,359.16,60629517
11/10/2022,359.81,359.42,359.16,359.42,357.84,60600608
06/10/2022,358.71,358.75,359.81,360.19,358.75,60711357
03/10/2022,359.14,359.17,358.71,359.54,357.91,60524105
02/10/2022,363.43,363.31,359.14,363.34,359.14,60592152
29/09/2022,364.33,364.34,363.43,365.12,362.98,61310650
28/09/2022,368.88,368.48,364.33,368.48,363.93,61518989
22/09/2022,368.93,368.66,368.88,369.43,368.33,62288220
21/09/2022,368.82,368.74,368.93,369.26,368.71,62329772
20/09/2022,368.91,368.98,368.82,369.37,368.79,62349464
19/09/2022,368.75,368.72,368.91,369.41,368.60,62368063
18/09/2022,369.83,369.82,368.75,369.83,368.75,62336206
15/09/2022,369.02,369.02,369.83,369.83,369.02,62521181
14/09/2022,369.19,369.05,369.02,369.32,368.50,62389115
13/09/2022,369.16,369.16,369.19,369.61,368.34,62419396
12/09/2022,368.31,368.28,369.16,369.50,368.28,62414871
11/09/2022,368.85,368.94,368.31,369.27,368.26,62271916
08/09/2022,369.00,369.12,368.85,369.99,368.78,62370021
07/09/2022,368.98,368.94,369.00,369.17,368.57,62395637
06/09/2022,370.85,370.81,368.98,370.94,368.98,62390439
05/09/2022,371.10,371.00,370.85,371.12,370.47,62712661
04/09/2022,370.83,370.91,371.10,371.46,370.91,62753574
01/09/2022,372.26,372.17,370.83,372.17,370.83,62707799
31/08/2022,373.23,373.20,372.26,373.60,372.26,62952998
30/08/2022,373.14,373.15,373.23,374.12,373.10,63107111
29/08/2022,373.58,372.77,373.14,373.33,372.53,62651337
28/08/2022,374.37,374.03,373.58,374.03,373.28,62726160
25/08/2022,374.08,374.06,374.37,374.78,374.06,62858685
24/08/2022,375.81,375.81,374.08,375.84,373.93,62810934
23/08/2022,376.69,375.91,375.81,376.34,375.01,63098720
22/08/2022,377.37,377.39,376.69,377.42,376.20,63247620
21/08/2022,378.34,378.21,377.37,378.26,377.01,63361349
18/08/2022,376.87,376.87,378.34,378.58,376.76,63597066
17/08/2022,378.22,378.24,376.87,378.29,376.55,63348252
16/08/2022,378.42,378.53,378.22,379.97,377.81,63574855
15/08/2022,377.22,377.22,378.42,378.81,377.20,63608819
14/08/2022,376.89,376.97,377.22,377.42,376.87,63406942
11/08/2022,376.34,376.32,376.89,377.34,376.15,63351739
10/08/2022,376.91,377.19,376.34,377.33,376.23,63259900
09/08/2022,377.46,377.49,376.91,377.71,376.89,63354698
08/08/2022,377.89,377.27,377.46,377.81,376.86,63447928
04/08/2022,377.61,377.61,377.89,378.05,377.58,63523344
03/08/2022,378.56,378.58,377.61,378.76,377.46,63476724
02/08/2022,378.48,378.43,378.56,379.28,378.28,63635192
01/08/2022,377.95,378.08,378.48,378.58,377.98,63623892
31/07/2022,376.56,376.59,377.95,378.05,376.59,63533653
28/07/2022,375.07,375.07,376.56,376.58,374.97,63301360
27/07/2022,375.11,375.14,375.07,375.35,375.01,63050432
26/07/2022,374.09,374.19,375.11,375.43,374.19,63055474
25/07/2022,373.65,373.72,374.09,374.26,373.72,62885428
24/07/2022,371.67,371.81,373.65,374.07,371.81,62811750
21/07/2022,371.67,371.25,371.67,371.89,371.11,62480616
20/07/2022,371.42,371.33,371.67,372.06,371.32,62478597
19/07/2022,371.43,371.38,371.42,371.71,370.88,62435251
18/07/2022,371.55,371.57,371.43,371.99,371.16,62437611
17/07/2022,369.26,369.32,371.55,371.83,369.32,62458489
14/07/2022,368.52,368.52,369.26,369.54,368.11,62072779
13/07/2022,367.77,367.77,368.52,368.52,366.68,61278960
12/07/2022,366.92,366.97,367.77,368.41,366.77,61154184
11/07/2022,367.30,367.33,366.92,367.50,365.92,61013054
10/07/2022,369.36,369.37,367.30,369.42,367.07,61076632
07/07/2022,371.13,370.45,369.36,370.95,369.36,61419796
06/07/2022,374.34,374.43,371.13,374.43,371.13,61713879
05/07/2022,374.19,374.16,374.34,374.45,373.88,62247120
04/07/2022,376.01,376.05,374.19,376.38,374.02,62222779
03/07/2022,372.73,372.94,376.01,376.63,372.94,62525429
30/06/2022,370.64,370.73,372.73,372.73,370.70,61979773
29/06/2022,369.56,369.50,370.64,371.14,369.50,61632429
28/06/2022,367.67,367.68,369.56,369.85,367.68,61452682
27/06/2022,368.14,368.20,367.67,368.48,367.48,61354085
26/06/2022,369.09,369.07,368.14,369.48,368.02,61431799
23/06/2022,365.37,365.60,369.09,369.09,365.54,61590077
22/06/2022,362.51,362.81,365.37,365.62,362.62,61329732
21/06/2022,361.43,361.44,362.51,363.14,361.40,60850197
20/06/2022,359.65,359.94,361.43,362.66,359.85,60668189
19/06/2022,359.69,359.70,359.65,360.82,359.62,60369265
16/06/2022,361.81,361.85,359.69,362.28,358.77,60431971
15/06/2022,362.18,362.17,361.81,362.30,360.75,60882690
14/06/2022,362.25,362.10,362.18,363.34,361.88,60944778
13/06/2022,364.10,364.09,362.25,364.09,360.77,60956831
12/06/2022,367.50,367.42,364.10,367.42,363.92,61268064
09/06/2022,368.05,368.01,367.50,368.13,367.38,61840613
08/06/2022,368.91,369.00,368.05,369.39,367.60,61931580
07/06/2022,369.79,369.81,368.91,370.26,368.83,62077872
06/06/2022,370.15,370.17,369.79,370.66,369.79,62225638
02/06/2022,369.72,369.74,370.15,370.91,369.60,62285495
01/06/2022,368.03,368.16,369.72,370.21,368.16,62212717
31/05/2022,368.46,368.08,368.03,370.14,367.66,61928788
30/05/2022,367.62,367.89,368.46,369.44,367.89,61404528
29/05/2022,365.08,365.11,367.62,368.61,365.11,61264247
26/05/2022,363.28,363.32,365.08,366.33,363.26,60540676
25/05/2022,364.56,364.76,363.28,365.41,362.20,60241810
24/05/2022,368.77,368.49,364.56,368.57,364.53,60455259
23/05/2022,371.68,371.62,368.77,371.89,368.35,61152671
22/05/2022,373.08,373.02,371.68,373.57,371.68,61635485
19/05/2022,372.81,372.69,373.08,373.08,371.69,61867733
18/05/2022,371.91,371.94,372.81,373.44,371.88,57786468
17/05/2022,371.56,371.60,371.91,372.37,371.42,57755065
16/05/2022,373.31,373.36,371.56,373.39,371.56,57700715
15/05/2022,373.58,373.60,373.31,374.91,373.31,57973240
12/05/2022,375.23,375.24,373.58,375.26,373.28,58015340
11/05/2022,374.70,374.70,375.23,375.96,374.59,58271365
10/05/2022,374.78,374.99,374.70,376.64,374.70,58188816
09/05/2022,375.82,375.81,374.78,375.90,374.20,58200607
08/05/2022,377.76,376.85,375.82,376.85,374.38,57597010
03/05/2022,377.12,377.02,377.76,378.30,377.02,57893679
02/05/2022,379.26,379.17,377.12,379.72,377.12,57796231
01/05/2022,381.71,381.50,379.26,381.50,379.26,58123943
28/04/2022,381.46,381.44,381.71,382.15,381.44,58499081
27/04/2022,382.94,382.84,381.46,382.84,381.32,58460531
26/04/2022,382.79,382.69,382.94,383.18,382.62,58687682
25/04/2022,383.77,383.82,382.79,384.20,382.60,58665846
24/04/2022,384.92,384.82,383.77,384.92,383.53,58815238
20/04/2022,384.39,384.40,384.92,385.27,384.33,58992085
19/04/2022,383.74,383.74,384.39,384.47,383.56,58910918
18/04/2022,383.19,383.28,383.74,383.80,383.04,58890792
17/04/2022,382.72,382.71,383.19,383.35,382.21,58805473
14/04/2022,382.41,382.34,382.72,383.34,382.04,58734544
13/04/2022,383.19,383.18,382.41,383.87,381.81,58685836
12/04/2022,384.55,384.50,383.19,384.52,382.90,58805577
11/04/2022,385.92,385.83,384.55,385.83,384.43,59015011
10/04/2022,386.13,385.82,385.92,385.99,385.60,59224421
07/04/2022,386.05,386.05,386.13,386.71,385.96,59258075
06/04/2022,387.15,386.99,386.05,386.99,385.53,59245819
05/04/2022,387.39,387.40,387.15,387.49,386.73,59414357
04/04/2022,386.86,386.80,387.39,388.19,386.31,59450486
03/04/2022,387.24,387.23,386.86,387.38,386.57,59370070
31/03/2022,386.04,386.05,387.24,387.65,386.04,59427915
30/03/2022,384.18,384.18,386.04,386.04,384.04,59244133
29/03/2022,385.10,385.11,384.18,385.55,383.91,59040036
28/03/2022,385.29,385.01,385.10,386.59,385.01,59180985
27/03/2022,387.72,387.48,385.29,387.48,384.86,59210206
24/03/2022,390.71,390.71,387.72,390.78,387.35,59583343
23/03/2022,390.76,389.34,390.71,391.13,389.34,60042812
22/03/2022,391.33,391.30,390.76,391.30,390.12,60051713
21/03/2022,392.25,392.29,391.33,392.81,390.75,60138431
20/03/2022,390.94,391.64,392.25,392.48,391.64,60280096
16/03/2022,388.05,388.06,390.94,390.94,388.06,60079014
15/03/2022,386.92,386.92,388.05,388.07,386.46,60074427
14/03/2022,387.51,387.54,386.92,387.59,386.44,59898899
13/03/2022,388.01,388.00,387.51,388.52,387.35,59990418
10/03/2022,390.45,390.70,388.01,390.74,388.01,60067642
09/03/2022,392.39,392.27,390.45,392.75,390.45,60445890
08/03/2022,393.02,392.94,392.39,393.20,392.22,60744879
07/03/2022,392.90,392.82,393.02,393.21,392.52,60843421
06/03/2022,391.83,391.83,392.90,393.03,391.83,60824084
03/03/2022,389.69,389.71,391.83,391.93,389.58,60658897
02/03/2022,388.55,388.57,389.69,390.64,388.56,60327029
01/03/2022,386.07,385.98,388.55,388.86,385.95,60150728
28/02/2022,384.22,384.06,386.07,386.10,383.90,59767102
27/02/2022,383.75,383.82,384.22,384.97,383.82,59481163
24/02/2022,384.65,382.70,383.75,384.37,382.22,59407889
23/02/2022,386.98,386.98,384.65,387.04,384.45,59547066
22/02/2022,388.81,388.67,386.98,388.69,386.76,59908784
21/02/2022,389.02,389.03,388.81,389.63,388.37,60191974
20/02/2022,389.61,389.38,389.02,389.63,389.02,60294054
17/02/2022,389.51,389.42,389.61,389.80,389.37,60385103
16/02/2022,389.80,389.81,389.51,390.82,389.51,60369985
15/02/2022,388.35,388.19,389.80,389.80,388.19,60414267
14/02/2022,388.54,388.23,388.35,389.00,388.11,60762951
13/02/2022,389.55,389.41,388.54,389.44,388.00,60793058
10/02/2022,388.94,389.04,389.55,390.32,388.31,60952002
09/02/2022,386.82,386.97,388.94,388.98,386.97,60855802
08/02/2022,386.42,386.41,386.82,387.67,386.24,60524037
07/02/2022,386.01,385.85,386.42,387.14,385.85,60462211
06/02/2022,388.00,388.00,386.01,388.00,385.33,60398163
03/02/2022,389.71,389.75,388.00,389.78,388.00,60709394
02/02/2022,390.06,390.13,389.71,390.22,389.34,60976069
01/02/2022,391.29,391.38,390.06,392.33,389.56,61030577
31/01/2022,393.03,392.95,391.29,393.48,391.29,61224384
30/01/2022,392.09,392.32,393.03,393.76,392.32,61495692
27/01/2022,393.20,393.16,392.09,393.16,391.17,61349335
26/01/2022,391.14,391.18,393.20,393.20,391.18,61522678
25/01/2022,391.57,391.55,391.14,392.08,390.95,61254979
24/01/2022,393.89,393.92,391.57,393.93,391.14,61322944
23/01/2022,396.00,395.68,393.89,395.76,393.55,61686434
20/01/2022,395.91,395.33,396.00,396.82,395.33,62017341
19/01/2022,396.28,395.72,395.91,396.12,395.62,61690813
18/01/2022,397.32,397.26,396.28,397.26,396.00,61748516
17/01/2022,397.48,397.35,397.32,398.04,397.10,61911200
16/01/2022,398.47,398.69,397.48,399.70,397.48,61935058
13/01/2022,398.53,398.45,398.47,398.52,398.15,62090615
12/01/2022,397.95,398.57,398.53,398.73,397.73,62099390
11/01/2022,398.91,399.00,397.95,399.09,397.95,62008407
10/01/2022,399.78,399.53,398.91,399.80,398.91,62158714
09/01/2022,400.88,400.73,399.78,401.07,399.58,62294325
06/01/2022,402.04,401.07,400.88,401.66,400.88,62465576
05/01/2022,402.09,402.99,402.04,402.99,401.62,62646191
04/01/2022,401.25,400.58,402.09,402.09,400.58,62654229
03/01/2022,400.27,402.45,401.25,403.42,400.14,62523225
02/01/2022,399.12,399.01,400.27,400.42,399.01,62370233
30/12/2021,399.12,398.99,399.12,399.61,398.87,62191142
29/12/2021,398.63,398.71,399.12,399.27,398.71,62190894
28/12/2021,397.48,397.61,398.63,398.91,397.59,62326624
27/12/2021,396.64,396.64,397.48,397.63,396.59,62145663
26/12/2021,395.72,395.72,396.64,396.90,395.72,62014587
23/12/2021,395.63,395.64,395.72,395.88,395.46,61871407
22/12/2021,395.59,395.54,395.63,395.96,395.40,62020324
21/12/2021,396.02,396.21,395.59,396.65,395.33,62014989
20/12/2021,398.32,398.12,396.02,398.12,396.02,62081212
19/12/2021,398.97,398.83,398.32,398.94,397.80,62442186
16/12/2021,399.19,399.19,398.97,399.55,398.60,62544063
15/12/2021,399.17,399.20,399.19,399.33,398.98,62675487
14/12/2021,399.29,399.09,399.17,399.66,398.85,62672245
13/12/2021,399.34,399.30,399.29,399.82,399.10,62690896
12/12/2021,399.51,399.45,399.34,400.07,399.20,62697530
09/12/2021,397.99,398.02,399.51,400.21,398.02,62725085
08/12/2021,397.93,397.91,397.99,398.47,397.91,62485788
07/12/2021,396.87,397.01,397.93,398.36,397.01,62476719
06/12/2021,395.43,395.28,396.87,396.87,395.28,62309806
05/12/2021,395.64,395.59,395.43,395.98,395.30,62085166
02/12/2021,397.25,396.97,395.64,397.18,395.12,62116921
01/12/2021,398.11,398.12,397.25,398.55,397.09,62369582
30/11/2021,399.15,399.14,398.11,399.14,398.11,62505007
29/11/2021,399.02,399.19,399.15,399.68,398.73,62668650
28/11/2021,400.81,400.20,399.02,400.20,398.84,62648633
25/11/2021,398.86,398.88,400.81,400.81,398.88,62928928
24/11/2021,397.88,397.81,398.86,398.92,397.81,63114336
23/11/2021,397.59,397.98,397.88,398.12,397.28,62959074
22/11/2021,399.03,398.74,397.59,398.95,397.59,62913738
21/11/2021,399.91,399.88,399.03,400.02,399.03,63141055
18/11/2021,400.02,399.96,399.91,400.50,399.54,63279733
17/11/2021,399.85,399.73,400.02,400.36,399.72,62825248
16/11/2021,399.77,399.07,399.85,399.85,398.65,63189016
15/11/2021,398.75,398.75,399.77,399.77,398.46,63175749
14/11/2021,398.24,398.26,398.75,398.93,398.12,63015869
11/11/2021,398.09,398.01,398.24,398.74,397.95,62935245
10/11/2021,398.27,398.27,398.09,398.55,397.68,62911444
09/11/2021,398.18,398.06,398.27,398.27,397.52,62939849
08/11/2021,398.38,398.38,398.18,398.50,398.00,62924214
07/11/2021,397.85,397.90,398.38,398.60,397.83,62955965
04/11/2021,396.73,396.69,397.85,397.85,396.49,62872659
03/11/2021,398.40,398.40,396.73,398.47,396.73,62695695
02/11/2021,398.81,398.34,398.40,399.16,397.34,62960218
01/11/2021,399.22,399.36,398.81,399.56,398.26,63024300
31/10/2021,399.00,398.91,399.22,399.28,398.75,63089631
28/10/2021,399.89,399.79,399.00,400.03,398.13,63054874
27/10/2021,399.87,399.77,399.89,400.32,399.65,63194661
26/10/2021,398.82,398.80,399.87,400.36,398.80,63191914
25/10/2021,397.39,397.36,398.82,398.82,397.28,63025841
24/10/2021,397.60,397.60,397.39,397.83,397.39,62800048
21/10/2021,398.07,398.08,397.60,398.14,397.21,62833572
20/10/2021,397.99,397.72,398.07,398.07,397.21,62908303
19/10/2021,398.28,398.33,397.99,398.38,397.60,62895579
18/10/2021,399.13,399.13,398.28,399.17,397.86,62971728
17/10/2021,399.44,399.44,399.13,399.53,398.84,63106490
14/10/2021,398.47,398.36,399.44,399.67,398.08,63154960
13/10/2021,396.58,396.51,398.47,398.47,396.40,63002516
12/10/2021,395.07,394.97,396.58,396.58,394.97,62704045
11/10/2021,393.80,393.80,395.07,395.09,393.71,62464190
10/10/2021,394.18,394.12,393.80,394.24,393.64,62263829
07/10/2021,394.73,394.74,394.18,395.19,394.18,62324399
06/10/2021,394.49,394.30,394.73,394.83,393.92,62410334
05/10/2021,394.21,394.03,394.49,394.55,394.03,62372929
04/10/2021,394.10,394.09,394.21,394.54,393.82,62328280
03/10/2021,393.27,393.30,394.10,394.37,393.30,62311661
30/09/2021,393.45,393.42,393.27,393.96,393.12,62180429
29/09/2021,392.99,392.98,393.45,393.45,392.70,62208232
26/09/2021,393.13,393.29,392.99,393.29,392.28,62187449
23/09/2021,392.65,392.66,393.13,393.26,392.66,62209683
22/09/2021,391.88,391.44,392.65,392.74,390.41,62158653
19/09/2021,392.14,391.95,391.88,392.03,391.72,62035431
14/09/2021,391.29,391.36,392.14,392.21,391.27,62077718
13/09/2021,390.65,390.48,391.29,391.59,390.48,62018828
12/09/2021,390.81,390.62,390.65,391.22,390.49,61918605
09/09/2021,391.24,391.07,390.81,391.24,390.69,61942846
05/09/2021,391.42,391.42,391.24,391.53,390.75,62011633
02/09/2021,391.57,391.59,391.42,391.76,390.92,62040856
01/09/2021,391.67,391.68,391.57,391.75,391.15,62063786
31/08/2021,390.47,390.44,391.67,391.69,390.41,62079166
30/08/2021,389.97,389.99,390.47,390.47,389.93,61889072
29/08/2021,388.61,388.49,389.97,389.97,388.44,61810257
26/08/2021,388.66,388.48,388.61,388.63,388.07,61617680
25/08/2021,388.44,388.37,388.66,388.66,387.96,61626258
24/08/2021,388.26,388.10,388.44,388.46,388.06,61591343
23/08/2021,387.96,388.01,388.26,388.26,387.78,61562350
22/08/2021,387.68,387.68,387.96,388.03,387.68,61515063
19/08/2021,387.90,387.60,387.68,387.84,387.38,61470773
18/08/2021,387.96,387.96,387.90,388.21,387.86,61574403
17/08/2021,387.73,387.73,387.96,388.04,387.63,61584046
16/08/2021,386.78,386.75,387.73,387.73,386.75,61547578
15/08/2021,385.95,386.01,386.78,386.96,386.01,61395963
12/08/2021,386.06,386.11,385.95,386.28,385.82,61264424
11/08/2021,386.27,386.27,386.06,386.45,385.54,61282865
10/08/2021,386.58,386.58,386.27,386.82,386.17,61315901
09/08/2021,386.89,386.76,386.58,386.90,386.53,61364113
08/08/2021,387.01,386.98,386.89,386.98,386.54,61414588
05/08/2021,387.09,387.00,387.01,387.34,386.55,61433683
04/08/2021,386.60,386.53,387.09,387.16,386.53,61445487
03/08/2021,386.54,386.55,386.60,386.90,386.55,61368388
02/08/2021,385.78,385.78,386.54,386.54,385.74,61358804
01/08/2021,384.45,384.47,385.78,385.78,384.47,61237528
29/07/2021,384.50,384.49,384.45,384.79,383.99,61027180
28/07/2021,384.51,384.52,384.50,384.98,384.29,61035190
27/07/2021,385.12,385.14,384.51,385.14,384.51,61036091
26/07/2021,384.42,384.48,385.12,385.12,384.46,61133152
25/07/2021,383.07,383.11,384.42,384.42,383.11,62203214
22/07/2021,381.97,381.91,383.07,383.07,381.85,61985528
21/07/2021,381.53,381.56,381.97,382.77,381.56,61807707
20/07/2021,382.18,382.27,381.53,382.48,381.51,61736590
19/07/2021,384.85,384.52,382.18,384.75,382.18,61840418
15/07/2021,384.41,384.39,384.85,385.14,384.39,62273919
14/07/2021,383.91,383.91,384.41,384.72,383.73,62202628
13/07/2021,383.42,383.43,383.91,383.99,383.41,62120751
12/07/2021,383.51,383.47,383.42,383.99,383.30,62041437
11/07/2021,383.28,383.29,383.51,383.81,383.28,62055592
08/07/2021,384.68,384.61,383.28,384.81,383.28,62019761
07/07/2021,384.54,384.48,384.68,384.83,384.31,62246307
06/07/2021,384.22,384.16,384.54,384.54,383.81,62222843
05/07/2021,384.09,384.18,384.22,384.74,383.87,62170644
04/07/2021,383.46,383.51,384.09,384.09,383.50,62150487
01/07/2021,383.31,383.30,383.46,383.66,383.04,62048265
30/06/2021,382.59,382.58,383.31,383.31,382.52,62023806
29/06/2021,383.21,383.21,382.59,383.32,382.59,61908077
28/06/2021,383.00,382.84,383.21,383.35,382.69,62007706
27/06/2021,383.52,383.53,383.00,383.54,382.99,62184210
24/06/2021,384.09,384.08,383.52,384.23,383.14,62269256
23/06/2021,383.59,383.58,384.09,384.09,383.18,62361278
22/06/2021,383.30,383.28,383.59,383.96,383.28,62349686
21/06/2021,383.89,383.88,383.30,384.03,382.73,62303471
20/06/2021,385.27,385.23,383.89,385.28,383.89,62398467
17/06/2021,385.50,385.48,385.27,385.49,384.84,62622629
16/06/2021,386.37,386.33,385.50,386.42,385.31,62849688
15/06/2021,386.20,385.99,386.37,386.51,385.96,63003973
14/06/2021,385.61,385.63,386.20,386.26,385.63,62975786
13/06/2021,385.01,385.26,385.61,385.68,385.15,62879431
10/06/2021,384.84,384.85,385.01,385.18,384.69,62781134
09/06/2021,384.13,384.14,384.84,384.99,384.14,62753850
08/06/2021,384.08,384.11,384.13,384.35,383.22,62638475
07/06/2021,384.73,384.63,384.08,384.77,384.08,62630197
06/06/2021,384.54,384.68,384.73,385.07,384.68,62735908
03/06/2021,384.91,384.94,384.54,385.40,384.54,62705276
02/06/2021,384.38,384.30,384.91,384.97,384.30,62765642
01/06/2021,383.47,383.47,384.38,384.38,383.35,62679588
31/05/2021,383.66,383.55,383.47,383.87,383.47,62529643
30/05/2021,383.58,383.58,383.66,383.74,383.44,62561541
27/05/2021,383.95,383.94,383.58,384.37,383.04,62547572
26/05/2021,384.26,384.28,383.95,384.43,383.54,62608084
25/05/2021,384.23,384.24,384.26,384.75,384.05,62658912
24/05/2021,384.49,384.48,384.23,384.72,383.94,62654054
23/05/2021,384.24,384.23,384.49,384.85,384.21,62697025
20/05/2021,385.65,385.63,384.24,385.63,384.24,62655259
19/05/2021,386.38,386.24,385.65,386.40,385.23,62056908
18/05/2021,387.29,387.22,386.38,387.30,386.07,62174043
13/05/2021,385.71,385.67,387.29,387.29,385.67,62433041
12/05/2021,385.04,384.96,385.71,385.74,384.42,62178891
11/05/2021,386.38,386.39,385.04,386.39,384.75,62070238
10/05/2021,384.21,384.16,386.38,386.38,383.74,62286786
09/05/2021,382.90,382.86,384.21,384.21,382.85,61937157
06/05/2021,382.92,382.74,382.90,384.30,382.69,61724929
05/05/2021,381.81,381.89,382.92,383.10,381.89,61728248
04/05/2021,381.15,381.07,381.81,382.02,380.95,61549434
03/05/2021,379.07,379.04,381.15,381.15,378.99,61442642
02/05/2021,378.21,378.77,379.07,379.16,378.17,61108572
29/04/2021,377.70,377.77,378.21,378.38,377.73,60968853
28/04/2021,377.56,377.66,377.70,377.80,377.53,60887637
27/04/2021,377.61,377.59,377.56,378.01,377.56,60865222
26/04/2021,377.41,377.37,377.61,377.83,377.36,60872966
25/04/2021,377.17,377.18,377.41,377.59,377.14,60839998
22/04/2021,377.23,377.32,377.17,377.66,377.11,60802206
21/04/2021,378.00,377.88,377.23,377.95,377.23,60752006
20/04/2021,378.17,378.13,378.00,378.23,377.81,60877061
19/04/2021,378.12,378.13,378.17,378.26,377.89,60903547
18/04/2021,376.94,377.00,378.12,378.23,376.95,60975014
13/04/2021,376.99,376.88,376.94,376.98,376.78,60783356
12/04/2021,377.07,377.06,376.99,377.19,376.84,60791435
11/04/2021,376.79,376.72,377.07,377.23,376.72,60804715
08/04/2021,376.93,376.87,376.79,377.10,376.49,60760513
07/04/2021,376.75,376.76,376.93,377.38,376.72,60782415
06/04/2021,375.97,376.05,376.75,376.75,375.99,60753186
05/04/2021,375.97,375.95,375.97,376.18,375.69,60627155
04/04/2021,375.55,375.55,375.97,376.07,375.55,60626914
01/04/2021,375.00,374.98,375.55,375.55,374.86,60559388
31/03/2021,374.63,374.48,375.00,375.00,374.48,60470744
30/03/2021,374.78,374.78,374.63,374.78,374.46,60411118
29/03/2021,373.99,373.98,374.78,374.78,373.78,60515688
25/03/2021,374.23,374.19,373.99,374.23,373.63,60387420
24/03/2021,373.98,374.00,374.23,374.47,373.96,60426708
22/03/2021,372.46,372.50,373.98,373.98,372.50,60386055
21/03/2021,372.34,372.35,372.46,372.48,372.21,60140715
18/03/2021,372.37,372.19,372.34,372.34,371.90,60120969
17/03/2021,372.49,372.50,372.37,372.59,371.97,60562852
16/03/2021,371.10,371.20,372.49,372.49,371.20,60582676
15/03/2021,370.59,370.55,371.10,371.10,370.53,60356634
14/03/2021,370.98,370.99,370.59,371.02,370.19,60272556
11/03/2021,371.16,371.11,370.98,371.96,370.82,60336775
10/03/2021,371.72,371.61,371.16,371.92,370.61,60365664
09/03/2021,370.59,370.43,371.72,371.72,370.43,60456454
08/03/2021,370.94,370.89,370.59,370.92,369.84,60273899
07/03/2021,371.38,371.35,370.94,371.44,370.63,60331050
04/03/2021,371.74,371.63,371.38,371.67,371.16,60401892
03/03/2021,372.28,372.32,371.74,372.52,371.40,60460587
02/03/2021,371.32,371.21,372.28,372.36,371.21,60548665
01/03/2021,370.88,370.94,371.32,371.32,370.62,60392049
28/02/2021,370.84,370.77,370.88,371.13,370.71,60319922
25/02/2021,371.08,371.09,370.84,371.11,370.65,60313461
24/02/2021,370.64,370.64,371.08,371.29,370.62,60353807
23/02/2021,370.20,370.22,370.64,370.65,369.62,60281980
22/02/2021,370.46,370.34,370.20,370.35,369.83,60209211
21/02/2021,370.13,370.53,370.46,370.53,369.26,60252234
18/02/2021,370.58,370.35,370.13,370.60,369.81,60265484
17/02/2021,371.10,371.07,370.58,371.09,370.06,60339346
16/02/2021,370.55,370.61,371.10,371.44,370.61,60424399
15/02/2021,370.97,370.96,370.55,371.19,370.54,60334121
14/02/2021,370.98,371.03,370.97,371.03,370.59,60969425
11/02/2021,371.78,371.59,370.98,371.65,370.81,60971282
10/02/2021,371.07,371.08,371.78,371.78,370.88,61102785
09/02/2021,370.70,370.70,371.07,371.09,370.69,60986326
08/02/2021,371.02,371.13,370.70,371.13,370.56,60926059
07/02/2021,371.15,371.07,371.02,371.63,371.01,60978611
04/02/2021,370.56,370.26,371.15,371.16,370.13,61000418
03/02/2021,370.04,369.93,370.56,370.58,369.93,60902251
02/02/2021,370.09,370.17,370.04,370.58,369.71,60816693
01/02/2021,370.21,370.21,370.09,370.92,369.98,60825314
31/01/2021,371.08,371.01,370.21,371.01,370.21,60844785
28/01/2021,371.23,371.06,371.08,371.14,370.20,60988937
27/01/2021,371.99,371.98,371.23,372.02,370.90,61013144
26/01/2021,372.26,372.20,371.99,372.21,371.67,61137781
25/01/2021,372.06,371.98,372.26,372.26,371.66,61263601
24/01/2021,372.03,372.02,372.06,372.11,371.87,61229984
21/01/2021,372.55,372.50,372.03,372.67,371.57,61225116
20/01/2021,372.25,372.25,372.55,372.78,372.16,61310728
19/01/2021,371.52,371.48,372.25,372.25,371.44,61262470
18/01/2021,370.52,370.52,371.52,371.52,370.51,61141467
17/01/2021,370.68,370.57,370.52,371.10,370.50,60977009
14/01/2021,370.10,369.91,370.68,370.68,369.83,61002816
13/01/2021,369.30,369.18,370.10,370.10,369.18,60907500
12/01/2021,369.30,369.23,369.30,369.56,369.16,60777065
11/01/2021,369.36,368.83,369.30,369.60,368.77,60776113
10/01/2021,369.59,369.56,369.36,369.78,369.24,60786818
07/01/2021,369.33,369.18,369.59,370.27,368.99,60824513
06/01/2021,369.09,369.05,369.33,369.33,368.18,60781133
05/01/2021,369.01,368.72,369.09,369.26,368.35,60741539
04/01/2021,368.44,368.44,369.01,369.01,368.18,60728525
03/01/2021,368.31,368.27,368.44,368.49,368.27,60635534
31/12/2020,367.77,367.73,368.31,368.85,367.71,60612853
30/12/2020,367.55,367.43,367.77,367.77,367.28,60524976
29/12/2020,367.67,367.67,367.55,368.05,367.47,60488761
28/12/2020,366.87,366.75,367.67,367.70,366.74,60716449
27/12/2020,366.44,366.33,366.87,367.42,366.28,60584511
24/12/2020,365.23,364.62,366.44,366.49,364.62,60513829
23/12/2020,364.50,364.40,365.23,365.23,364.40,60385796
22/12/2020,363.62,363.44,364.50,364.83,363.44,60265480
21/12/2020,364.98,364.89,363.62,364.89,362.80,60119879
20/12/2020,365.81,365.70,364.98,365.74,364.75,60344074
17/12/2020,365.33,365.29,365.81,365.89,365.16,60482086
16/12/2020,364.94,364.93,365.33,365.34,364.85,60682802
15/12/2020,364.03,363.84,364.94,364.94,363.56,60617466
14/12/2020,364.36,364.30,364.03,364.30,363.87,60466520
13/12/2020,364.03,364.04,364.36,364.53,364.03,60522138
10/12/2020,364.08,364.01,364.03,364.48,363.75,60467553
09/12/2020,363.93,363.95,364.08,364.38,363.91,60475437
08/12/2020,363.98,364.00,363.93,364.06,363.68,60450648
07/12/2020,363.68,363.56,363.98,364.13,363.46,60459364
06/12/2020,363.26,363.13,363.68,363.68,362.92,60408628
03/12/2020,363.32,363.24,363.26,363.72,363.02,60338677
02/12/2020,363.84,363.93,363.32,363.96,363.02,60349316
01/12/2020,364.08,364.10,363.84,364.33,363.21,60435985
30/11/2020,364.78,364.75,364.08,364.93,364.06,60475517
29/11/2020,365.51,365.35,364.78,365.55,364.68,60591828
26/11/2020,365.05,365.01,365.51,365.51,364.89,60713020
25/11/2020,364.83,364.98,365.05,365.49,364.90,60636861
24/11/2020,364.34,364.36,364.83,364.83,364.32,61090394
23/11/2020,363.18,363.17,364.34,364.34,363.17,61007833
22/11/2020,362.57,362.52,363.18,363.28,362.46,60812702
19/11/2020,362.51,362.40,362.57,362.79,361.96,60711846
18/11/2020,362.58,362.08,362.51,362.87,361.95,58975405
17/11/2020,361.18,361.15,362.58,362.58,361.07,58986890
16/11/2020,360.13,360.14,361.18,361.27,360.05,59144236
15/11/2020,359.95,359.94,360.13,360.34,359.82,58973159
12/11/2020,359.79,359.58,359.95,360.37,359.32,58942969
11/11/2020,359.10,358.20,359.79,359.96,358.20,58917446
10/11/2020,358.52,358.55,359.10,359.23,358.14,58804014
09/11/2020,357.19,357.17,358.52,358.53,357.05,58709560
08/11/2020,356.71,356.82,357.19,357.34,356.64,58491259
05/11/2020,355.71,355.76,356.71,357.06,355.76,58412860
04/11/2020,355.25,355.25,355.71,356.19,355.25,58249396
03/11/2020,356.08,356.03,355.25,356.27,355.25,58173285
02/11/2020,355.45,355.45,356.08,356.18,355.45,58310346
01/11/2020,356.20,356.21,355.45,356.30,355.28,58207294
29/10/2020,355.79,355.45,356.20,356.35,355.45,58328953
28/10/2020,356.83,356.73,355.79,356.82,355.49,58262102
27/10/2020,356.81,356.74,356.83,357.17,356.54,58432960
26/10/2020,357.38,357.37,356.81,357.72,356.81,58429711
25/10/2020,358.35,358.27,357.38,358.84,357.38,58523411
22/10/2020,358.31,358.12,358.35,359.18,357.97,58681458
21/10/2020,358.19,358.21,358.31,358.61,357.88,58676009
20/10/2020,359.28,359.09,358.19,359.16,358.07,58655479
19/10/2020,358.50,358.43,359.28,359.28,358.43,58834699
18/10/2020,357.79,357.73,358.50,358.59,357.73,58737457
15/10/2020,357.76,357.74,357.79,357.99,357.35,58621853
14/10/2020,356.98,356.93,357.76,357.97,356.76,58616768
13/10/2020,356.34,356.36,356.98,357.05,356.23,58488373
12/10/2020,356.35,356.34,356.34,356.55,356.07,58383175
11/10/2020,355.97,355.99,356.35,356.65,355.99,58386271
08/10/2020,354.99,355.03,355.97,356.31,355.03,58322519
07/10/2020,355.56,355.29,354.99,355.64,354.99,58162304
06/10/2020,355.50,355.48,355.56,355.68,355.14,58256745
05/10/2020,355.97,355.90,355.50,356.20,355.40,58248154
04/10/2020,355.56,355.56,355.97,356.05,355.27,58326357
01/10/2020,355.23,354.81,355.56,356.43,354.69,58258538
30/09/2020,354.65,354.51,355.23,355.23,354.28,58204364
29/09/2020,354.18,354.20,354.65,355.06,354.19,58109903
24/09/2020,355.46,355.40,354.18,355.40,353.42,58084617
23/09/2020,356.53,356.49,355.46,356.52,355.40,58317578
22/09/2020,356.97,356.90,356.53,357.16,356.33,58492591
21/09/2020,357.75,357.74,356.97,357.74,356.82,58564749
17/09/2020,356.58,356.55,357.75,357.75,355.87,58693679
16/09/2020,356.27,356.88,356.58,356.94,356.10,58617712
15/09/2020,355.63,355.63,356.27,356.84,355.63,58567352
14/09/2020,355.04,354.99,355.63,356.68,354.99,58461451
13/09/2020,356.63,356.48,355.04,356.51,354.19,58364098
10/09/2020,358.24,358.46,356.63,358.46,356.63,58626785
09/09/2020,357.93,357.89,358.24,358.64,357.73,58890126
08/09/2020,359.18,359.11,357.93,359.11,357.44,58849700
07/09/2020,358.81,358.75,359.18,359.78,358.33,59055190
06/09/2020,358.53,358.25,358.81,358.98,357.03,58993368
03/09/2020,360.56,360.56,358.53,360.57,358.51,58948208
02/09/2020,361.26,361.26,360.56,361.37,360.39,59281433
01/09/2020,361.21,361.47,361.26,361.88,361.07,59396331
31/08/2020,361.78,361.82,361.21,362.12,361.21,59387770
30/08/2020,361.47,361.46,361.78,362.17,361.41,59481457
27/08/2020,360.92,360.62,361.47,361.47,360.62,59430502
26/08/2020,360.24,360.26,360.92,361.36,360.05,59341290
25/08/2020,359.93,359.94,360.24,360.51,359.85,59228178
24/08/2020,358.92,358.92,359.93,360.28,358.92,59178062
23/08/2020,358.34,358.36,358.92,359.24,358.30,59011256
20/08/2020,358.74,358.54,358.34,359.02,357.48,58915949
19/08/2020,359.52,359.53,358.74,359.61,358.67,58420256
18/08/2020,359.64,359.55,359.52,360.05,359.19,58546300
17/08/2020,359.35,359.32,359.64,359.75,359.10,58566979
16/08/2020,357.43,357.53,359.35,359.49,357.53,58519042
13/08/2020,357.02,356.92,357.43,358.12,356.68,58207185
12/08/2020,356.20,356.10,357.02,357.02,356.10,58139258
11/08/2020,355.91,355.84,356.20,357.02,355.84,58006593
10/08/2020,355.12,355.07,355.91,355.91,354.93,57958290
09/08/2020,355.12,355.09,355.12,355.55,355.09,57830441
06/08/2020,354.95,354.93,355.12,355.66,354.93,57835514
05/08/2020,354.24,354.32,354.95,355.05,354.31,57807084
04/08/2020,353.64,353.63,354.24,354.44,353.55,57692543
03/08/2020,353.40,353.41,353.64,354.04,353.03,57594414
02/08/2020,352.61,352.61,353.40,353.73,352.38,57554902
29/07/2020,351.69,351.65,352.61,352.96,351.42,57426949
28/07/2020,351.81,351.73,351.69,352.12,351.37,57277392
27/07/2020,352.02,351.91,351.81,352.33,351.78,57295384
26/07/2020,351.45,351.28,352.02,352.02,350.06,57330012
23/07/2020,350.79,350.69,351.45,352.00,350.68,57318616
22/07/2020,349.86,349.97,350.79,350.79,349.32,57211100
21/07/2020,347.62,347.54,349.86,350.83,347.54,57060740
20/07/2020,347.73,347.55,347.62,347.92,346.99,56695070
19/07/2020,348.94,348.94,347.73,349.02,347.73,56713321
16/07/2020,350.20,350.12,348.94,350.28,348.66,56910331
15/07/2020,350.12,350.23,350.20,351.16,350.20,57115834
14/07/2020,351.08,350.96,350.12,350.97,348.74,57103611
13/07/2020,351.51,351.39,351.08,352.18,350.95,57259174
12/07/2020,351.23,351.44,351.51,352.19,351.10,57330728
09/07/2020,354.63,354.33,351.23,354.65,350.88,57285394
08/07/2020,357.87,357.80,354.63,357.84,354.17,57853782
07/07/2020,354.38,354.56,357.87,360.64,354.56,58383281
06/07/2020,347.63,347.50,354.38,355.25,347.01,57812561
05/07/2020,350.02,349.86,347.63,349.86,347.37,56711745
02/07/2020,347.51,347.54,350.02,350.19,347.54,57102630
01/07/2020,344.79,344.87,347.51,348.59,344.83,56692810
30/06/2020,345.36,344.99,344.79,346.08,344.12,56248243
29/06/2020,347.44,347.05,345.36,347.44,345.36,56341250
28/06/2020,350.43,349.62,347.44,349.62,346.46,56681791
25/06/2020,351.59,351.16,350.43,351.16,349.79,57380848
24/06/2020,353.21,353.10,351.59,353.19,351.33,57571072
23/06/2020,352.47,352.54,353.21,353.60,352.36,57835646
22/06/2020,351.98,351.50,352.47,352.64,351.17,57775188
21/06/2020,354.30,354.45,351.98,354.45,351.13,57695422
18/06/2020,354.45,354.53,354.30,354.66,353.56,58074499
17/06/2020,354.98,354.62,354.45,355.08,354.16,58152383
16/06/2020,354.52,354.60,354.98,355.28,353.71,58347654
15/06/2020,355.54,355.05,354.52,355.05,353.81,58282367
14/06/2020,356.71,356.50,355.54,356.50,354.86,58449908
11/06/2020,358.15,357.98,356.71,357.98,356.18,58642079
10/06/2020,358.06,357.82,358.15,358.30,357.12,58879878
09/06/2020,357.52,357.55,358.06,358.06,357.29,58864912
08/06/2020,356.64,356.94,357.52,357.96,356.43,58776345
04/06/2020,354.72,354.63,356.64,356.68,354.63,58631286
03/06/2020,356.02,356.11,354.72,356.11,353.58,58314803
02/06/2020,357.04,356.93,356.02,357.52,355.59,58528286
01/06/2020,357.32,356.80,357.04,357.08,355.56,58696379
31/05/2020,358.34,358.12,357.32,358.61,356.72,58742356
27/05/2020,360.34,360.24,358.34,360.42,358.34,58909828
26/05/2020,359.18,359.17,360.34,360.34,359.17,59239494
25/05/2020,357.73,357.64,359.18,359.75,357.57,59048987
24/05/2020,358.03,358.02,357.73,358.50,357.72,58810869
21/05/2020,357.64,357.57,358.03,358.08,357.36,58494861
20/05/2020,356.65,356.68,357.64,357.64,356.68,59553066
19/05/2020,356.23,356.15,356.65,356.81,356.15,59388404
18/05/2020,354.53,354.76,356.23,356.23,354.73,59347027
17/05/2020,352.52,352.71,354.53,354.69,352.67,59180329
14/05/2020,354.50,353.79,352.52,354.20,351.65,58845657
13/05/2020,355.51,355.44,354.50,355.44,353.50,59175602
12/05/2020,354.74,354.65,355.51,355.53,354.54,59345086
11/05/2020,354.16,354.43,354.74,354.80,354.03,59216777
10/05/2020,352.98,353.36,354.16,354.49,353.35,59119492
07/05/2020,351.25,351.24,352.98,352.98,351.19,58922342
06/05/2020,351.79,351.72,351.25,352.30,351.25,58633677
05/05/2020,351.50,351.47,351.79,352.30,351.15,58354094
04/05/2020,353.06,351.29,351.50,352.92,351.26,58307022
03/05/2020,354.73,354.59,353.06,354.59,353.06,58565918
30/04/2020,352.79,352.95,354.73,355.21,352.95,58841818
27/04/2020,351.96,352.14,352.79,352.79,351.93,58520690
26/04/2020,350.74,350.65,351.96,352.04,350.64,58382774
23/04/2020,349.52,349.53,350.74,351.12,349.33,58180530
22/04/2020,351.52,351.46,349.52,351.53,349.52,57977640
21/04/2020,352.75,352.75,351.52,352.78,351.00,58310125
20/04/2020,352.41,352.52,352.75,352.75,351.56,58513772
19/04/2020,350.33,350.70,352.41,352.42,350.63,58458167
16/04/2020,351.29,351.14,350.33,351.78,349.76,58190697
13/04/2020,351.47,351.44,351.29,351.44,350.36,58349928
12/04/2020,348.71,348.86,351.47,351.47,348.86,58380054
07/04/2020,347.95,348.08,348.71,351.35,348.08,57921174
06/04/2020,340.80,340.66,347.95,347.95,340.62,57699381
05/04/2020,342.20,342.11,340.80,342.40,340.80,56513951
02/04/2020,341.44,341.20,342.20,342.35,340.26,56746305
01/04/2020,342.97,342.78,341.44,342.83,339.75,56619706
31/03/2020,342.45,342.55,342.97,347.09,342.55,56873816
30/03/2020,340.49,341.07,342.45,344.20,340.65,56792868
29/03/2020,342.32,341.79,340.49,341.84,340.17,56279600
26/03/2020,339.69,339.40,342.32,342.32,339.01,56583462
25/03/2020,335.76,335.98,339.69,339.69,335.84,56147778
24/03/2020,324.55,325.64,335.76,335.76,325.64,55497997
23/03/2020,323.56,322.04,324.55,329.51,320.87,53645519
22/03/2020,329.83,327.51,323.56,327.51,323.33,53481813
19/03/2020,319.34,318.66,329.83,329.83,318.13,54517925
18/03/2020,322.88,321.23,319.34,321.88,317.76,52958558
17/03/2020,328.70,327.67,322.88,327.80,320.48,53633326
16/03/2020,333.18,330.71,328.70,331.05,327.40,54600302
15/03/2020,336.53,333.94,333.18,334.01,331.66,55343436
12/03/2020,345.34,343.62,336.53,343.62,332.46,55905861
11/03/2020,344.99,344.23,345.34,347.80,342.21,57369565
09/03/2020,353.37,347.82,344.99,348.57,337.39,57311138
08/03/2020,361.01,359.24,353.37,359.24,347.40,58704425
05/03/2020,364.41,364.15,361.01,364.65,361.01,59972028
04/03/2020,366.31,366.20,364.41,366.41,364.41,60538074
03/03/2020,364.23,364.48,366.31,366.31,364.48,60853894
01/03/2020,367.12,366.61,364.23,366.61,364.23,60508508
27/02/2020,368.17,368.03,367.12,368.03,366.76,60987835
26/02/2020,368.15,367.82,368.17,368.29,366.90,61161720
25/02/2020,367.84,368.19,368.15,368.54,368.01,61159456
24/02/2020,368.50,368.39,367.84,368.39,366.73,61106703
23/02/2020,370.02,369.87,368.50,369.87,368.50,61216765
20/02/2020,369.84,369.76,370.02,370.13,369.73,61470260
19/02/2020,369.36,369.32,369.84,369.84,369.32,61506653
18/02/2020,369.93,369.93,369.36,369.98,369.30,61426803
17/02/2020,370.35,369.89,369.93,370.44,369.73,61521855
16/02/2020,369.67,369.80,370.35,370.35,369.69,61592040
13/02/2020,369.22,369.19,369.67,369.81,369.02,61479324
12/02/2020,368.14,368.12,369.22,369.56,368.02,61595290
11/02/2020,367.30,367.32,368.14,368.18,367.32,61415263
10/02/2020,367.64,367.55,367.30,367.85,367.30,61275009
09/02/2020,368.36,368.22,367.64,368.33,367.64,61331525
06/02/2020,367.50,367.52,368.36,368.36,367.52,61450793
05/02/2020,367.12,367.12,367.50,367.99,366.96,61124066
04/02/2020,366.30,366.37,367.12,367.38,366.31,61060001
03/02/2020,365.94,365.68,366.30,366.56,365.55,60925097
02/02/2020,367.41,367.32,365.94,367.32,365.60,60863935
30/01/2020,368.47,368.31,367.41,368.31,367.41,61109125
29/01/2020,368.56,368.52,368.47,369.14,368.47,61284634
28/01/2020,369.03,368.37,368.56,369.04,368.37,61299776
27/01/2020,370.38,370.19,369.03,370.19,369.00,61378082
26/01/2020,370.48,370.28,370.38,370.54,370.14,61602176
23/01/2020,370.59,370.62,370.48,370.90,370.48,61701365
22/01/2020,370.68,370.52,370.59,370.67,370.49,61720235
21/01/2020,370.72,370.58,370.68,370.82,370.58,61734380
20/01/2020,370.51,370.46,370.72,370.74,370.33,61741824
19/01/2020,370.72,370.35,370.51,370.89,370.30,61706911
16/01/2020,370.62,370.37,370.72,370.85,370.37,61740988
15/01/2020,370.63,370.61,370.62,370.86,370.51,61725571
14/01/2020,370.42,370.39,370.63,370.67,370.27,61725845
13/01/2020,370.44,370.40,370.42,370.62,370.14,61702143
12/01/2020,370.68,370.57,370.44,370.81,370.44,61706625
09/01/2020,370.81,370.51,370.68,370.78,370.41,61744315
08/01/2020,370.90,370.78,370.81,371.12,370.59,61764893
07/01/2020,370.81,370.72,370.90,371.13,370.62,61779765
06/01/2020,370.80,370.53,370.81,371.11,370.44,61765875
05/01/2020,369.93,370.01,370.80,370.86,370.01,61762822
02/01/2020,369.26,368.52,369.93,370.19,368.52,61618916
01/01/2020,369.01,368.99,369.26,369.26,368.81,61507217
31/12/2019,368.26,367.87,369.01,369.01,367.73,61469440
30/12/2019,368.44,368.40,368.26,368.47,368.17,61344748
29/12/2019,368.24,368.08,368.44,368.71,367.98,61375326
26/12/2019,367.94,367.94,368.24,368.28,367.60,61554864
25/12/2019,367.20,367.15,367.94,367.94,367.05,61504215
24/12/2019,367.38,367.35,367.20,367.35,367.05,61380800
23/12/2019,366.68,366.68,367.38,367.45,366.68,61426966
22/12/2019,366.68,366.56,366.68,367.21,366.52,61309946
19/12/2019,368.40,368.19,366.68,368.27,366.68,61310834
18/12/2019,369.01,369.11,368.40,369.14,368.33,61598297
17/12/2019,368.88,368.73,369.01,369.01,368.44,61824160
16/12/2019,369.85,369.86,368.88,369.92,368.88,61914094
15/12/2019,369.74,369.68,369.85,369.94,369.68,62076444
12/12/2019,369.94,369.74,369.74,370.30,369.74,62057424
11/12/2019,370.35,370.10,369.94,370.23,369.50,62091597
10/12/2019,369.93,369.93,370.35,370.55,369.76,62160063
09/12/2019,369.75,368.84,369.93,370.19,368.23,63288523
08/12/2019,369.51,369.40,369.75,370.04,369.39,63257291
05/12/2019,370.14,369.92,369.51,370.04,369.50,63216537
04/12/2019,369.32,369.20,370.14,370.36,369.06,63323783
03/12/2019,368.90,368.80,369.32,369.32,368.62,63504571
02/12/2019,369.04,369.71,368.90,370.29,368.69,63431325
01/12/2019,369.58,369.58,369.04,369.68,369.04,63456406
28/11/2019,368.97,368.85,369.58,369.58,368.85,63549785
27/11/2019,369.32,369.38,368.97,369.38,368.82,63443959
26/11/2019,369.95,369.60,369.32,369.90,369.10,63504391
25/11/2019,369.41,369.41,369.95,370.22,369.23,63612377
24/11/2019,369.26,369.21,369.41,369.77,369.10,63957890
21/11/2019,369.43,369.36,369.26,369.44,369.26,63931129
20/11/2019,370.03,369.94,369.43,370.02,369.43,62242189
19/11/2019,370.17,370.35,370.03,371.26,369.90,62342948
18/11/2019,369.50,369.66,370.17,370.17,369.50,62366389
17/11/2019,368.68,368.81,369.50,369.50,368.81,62927970
14/11/2019,368.43,368.40,368.68,368.73,368.38,62898778
13/11/2019,368.28,368.14,368.43,368.66,368.14,62856062
12/11/2019,368.69,368.64,368.28,368.64,368.14,62830154
11/11/2019,369.13,368.78,368.69,369.24,368.69,62901404
10/11/2019,369.49,369.55,369.13,369.64,369.02,62975416
07/11/2019,369.79,369.80,369.49,369.83,369.49,63038075
06/11/2019,369.54,369.24,369.79,369.92,369.21,63087876
05/11/2019,369.69,369.58,369.54,369.80,369.40,63046539
04/11/2019,369.69,369.63,369.69,369.84,369.49,63071000
03/11/2019,369.31,368.63,369.69,369.69,368.63,63072170
31/10/2019,368.95,369.13,369.31,369.56,368.81,63007252
30/10/2019,369.16,369.08,368.95,369.22,368.91,62945730
29/10/2019,369.65,369.16,369.16,369.78,369.10,62981301
28/10/2019,369.89,369.71,369.65,369.82,369.57,63067242
27/10/2019,370.16,369.91,369.89,370.05,369.82,63108952
24/10/2019,370.21,370.07,370.16,370.16,369.74,63154446
23/10/2019,369.84,369.85,370.21,370.32,369.77,63163395
22/10/2019,369.77,369.70,369.84,370.24,369.40,63099940
17/10/2019,369.13,369.15,369.77,369.89,368.91,63088705
16/10/2019,369.06,368.88,369.13,369.13,368.72,63011553
15/10/2019,368.72,368.71,369.06,369.19,368.49,62999392
10/10/2019,369.14,368.84,368.72,369.04,368.66,62941330
07/10/2019,369.31,369.23,369.14,369.39,369.08,63013401
06/10/2019,369.14,368.87,369.31,369.31,368.86,63042857
03/10/2019,369.30,369.17,369.14,369.24,368.87,63036417
02/10/2019,369.35,369.30,369.30,370.08,369.29,63063686
26/09/2019,369.10,368.83,369.35,369.35,368.75,63071276
25/09/2019,368.92,368.82,369.10,369.29,368.79,63082143
24/09/2019,368.28,368.04,368.92,368.92,368.04,63050875
23/09/2019,367.37,367.37,368.28,368.44,367.30,62942030
22/09/2019,367.07,366.56,367.37,367.80,366.56,62796005
19/09/2019,366.97,366.93,367.07,367.17,366.80,62744508
18/09/2019,366.33,366.30,366.97,367.05,366.25,62728360
16/09/2019,365.48,365.22,366.33,366.33,365.12,62681597
15/09/2019,365.75,365.48,365.48,365.49,365.05,62656623
12/09/2019,364.59,364.60,365.75,365.85,364.35,62702571
11/09/2019,364.53,364.34,364.59,364.67,363.94,62504199
10/09/2019,364.32,364.17,364.53,364.67,364.09,62494138
09/09/2019,365.00,364.81,364.32,364.91,364.11,62458018
08/09/2019,365.78,365.73,365.00,365.78,364.99,62574141
05/09/2019,366.47,366.26,365.78,366.33,365.78,62708331
04/09/2019,366.60,366.62,366.47,366.62,366.11,62833017
03/09/2019,366.87,366.86,366.60,366.86,366.24,62855690
02/09/2019,366.33,366.07,366.87,366.87,365.81,62902592
01/09/2019,366.30,366.17,366.33,366.35,366.11,62809807
29/08/2019,365.84,365.70,366.30,366.30,365.55,62804672
28/08/2019,365.19,365.14,365.84,365.84,365.00,62724941
27/08/2019,365.04,364.98,365.19,365.29,364.87,62613837
26/08/2019,365.46,365.18,365.04,366.65,365.01,62588472
25/08/2019,366.07,366.07,365.46,366.11,365.26,62659819
22/08/2019,366.34,366.15,366.07,366.52,365.30,62764737
21/08/2019,365.56,365.45,366.34,366.34,365.33,62811600
20/08/2019,365.29,365.20,365.56,365.56,364.98,62746008
19/08/2019,365.54,365.34,365.29,365.57,365.07,62698284
18/08/2019,365.99,365.92,365.54,366.12,365.30,62742156
15/08/2019,366.87,366.77,365.99,366.81,364.99,62818968
14/08/2019,367.23,367.24,366.87,367.47,366.71,62970324
13/08/2019,367.52,367.05,367.23,367.64,367.04,63032564
12/08/2019,366.39,366.51,367.52,367.52,366.51,63081884
08/08/2019,366.50,366.15,366.39,366.50,365.98,63879943
07/08/2019,366.48,366.42,366.50,367.16,366.42,63900351
06/08/2019,367.42,367.28,366.48,367.90,366.22,63895890
05/08/2019,368.39,368.22,367.42,368.74,367.33,64060762
04/08/2019,367.58,367.65,368.39,368.74,367.64,64228741
01/08/2019,366.95,366.71,367.58,367.58,366.67,64088050
31/07/2019,366.37,366.34,366.95,367.28,366.34,63978104
30/07/2019,366.05,366.10,366.37,366.50,365.84,63877354
29/07/2019,365.66,365.45,366.05,366.10,365.32,63821084
28/07/2019,365.44,365.48,365.66,365.81,365.35,63753844
25/07/2019,365.30,365.10,365.44,365.96,365.10,63715122
24/07/2019,364.74,364.62,365.30,365.30,364.46,63772782
23/07/2019,364.48,364.30,364.74,365.02,364.11,63673986
22/07/2019,364.14,364.15,364.48,364.61,363.91,63629929
21/07/2019,364.47,364.32,364.14,364.44,364.03,63569310
18/07/2019,365.10,364.84,364.47,365.05,364.06,63627682
17/07/2019,365.33,365.30,365.10,365.35,365.04,63736622
16/07/2019,365.85,365.89,365.33,365.89,365.20,63778113
15/07/2019,365.05,364.99,365.85,365.85,364.95,63868093
14/07/2019,364.98,364.84,365.05,365.05,364.71,64823528
11/07/2019,364.62,364.36,364.98,365.02,364.25,64811614
10/07/2019,364.73,364.51,364.62,364.70,363.98,64747567
09/07/2019,364.65,364.33,364.73,364.73,364.25,64766594
08/07/2019,364.40,364.10,364.65,364.65,364.07,64752336
07/07/2019,364.43,364.15,364.40,364.40,363.92,64709349
04/07/2019,363.97,363.95,364.43,364.65,363.90,64736808
03/07/2019,363.10,363.08,363.97,363.97,363.08,64655883
02/07/2019,362.60,362.65,363.10,363.10,362.53,64500557
01/07/2019,362.27,361.82,362.60,362.60,361.75,64411234
30/06/2019,362.04,362.02,362.27,362.54,362.02,64353068
27/06/2019,362.83,362.83,362.04,362.83,362.04,64312893
26/06/2019,363.26,363.01,362.83,363.23,362.37,64191793
25/06/2019,363.48,363.26,363.26,363.55,363.09,64266647
24/06/2019,363.72,363.63,363.48,363.78,363.23,64306888
23/06/2019,363.85,363.78,363.72,363.78,363.00,64348445
20/06/2019,363.32,363.31,363.85,364.08,363.31,64371958
19/06/2019,363.22,362.99,363.32,363.32,362.88,64277171
18/06/2019,362.73,362.60,363.22,363.22,362.57,64313026
17/06/2019,362.47,362.36,362.73,362.73,362.25,64227085
16/06/2019,362.16,362.04,362.47,362.97,362.04,64305825
13/06/2019,361.73,361.59,362.16,362.16,361.59,64250274
12/06/2019,361.35,361.36,361.73,361.73,361.34,64174302
11/06/2019,361.52,361.28,361.35,361.48,361.05,64106640
10/06/2019,361.64,361.55,361.52,361.73,361.35,64137759
06/06/2019,360.71,360.57,361.64,361.64,360.54,64158425
05/06/2019,360.11,360.01,360.71,360.81,360.00,63993685
04/06/2019,359.74,359.63,360.11,360.12,359.54,63887009
03/06/2019,359.19,359.20,359.74,359.81,359.14,63822319
02/06/2019,358.84,358.86,359.19,359.19,358.58,63724399
30/05/2019,358.53,358.80,358.84,358.91,358.12,63662494
29/05/2019,358.83,358.81,358.53,359.05,358.31,63606409
28/05/2019,358.37,358.36,358.83,358.83,358.35,63659535
27/05/2019,358.63,358.61,358.37,358.73,358.37,63577999
26/05/2019,358.06,357.99,358.63,358.63,357.96,63624688
23/05/2019,357.33,357.28,358.06,358.06,357.28,63524154
22/05/2019,357.07,357.00,357.33,357.33,356.94,63393301
21/05/2019,357.08,356.95,357.07,357.44,356.59,63347167
20/05/2019,357.47,357.01,357.08,357.30,356.80,63348753
19/05/2019,356.52,356.62,357.47,357.47,356.57,63419283
16/05/2019,356.13,355.78,356.52,356.53,355.70,63296985
15/05/2019,355.79,355.66,356.13,356.46,355.66,62020190
14/05/2019,355.21,355.20,355.79,355.91,355.20,61961405
13/05/2019,356.07,356.06,355.21,356.28,355.21,61898039
12/05/2019,356.34,356.13,356.07,356.42,356.02,62047601
07/05/2019,356.66,356.38,356.34,357.00,356.34,62094073
06/05/2019,357.39,357.12,356.66,357.38,356.66,61607656
05/05/2019,357.61,357.58,357.39,357.65,357.30,61734400
02/05/2019,358.05,358.06,357.61,358.06,357.31,61772742
01/05/2019,358.48,358.19,358.05,358.48,357.83,61849256
30/04/2019,358.83,358.84,358.48,358.84,358.01,61922927
29/04/2019,358.68,358.45,358.83,358.90,358.36,61984080
28/04/2019,358.46,358.47,358.68,358.83,358.47,61957024
24/04/2019,358.21,357.92,358.46,358.62,357.84,61919258
23/04/2019,357.86,357.92,358.21,358.50,357.80,61876450
22/04/2019,358.09,357.98,357.86,358.27,357.85,61815113
21/04/2019,357.81,357.86,358.09,358.09,357.72,61856053
18/04/2019,357.34,357.06,357.81,357.81,357.06,61806866
17/04/2019,357.48,357.44,357.34,357.54,356.89,61923944
16/04/2019,356.22,355.99,357.48,357.48,355.99,61947534
15/04/2019,356.07,355.97,356.22,356.22,355.97,61729159
14/04/2019,356.21,356.16,356.07,356.21,355.85,61703716
11/04/2019,355.84,355.99,356.21,356.25,355.69,61727433
10/04/2019,355.10,354.95,355.84,355.84,354.91,61664397
08/04/2019,354.75,354.52,355.10,355.10,354.52,61536081
07/04/2019,354.61,354.51,354.75,354.76,354.50,61474449
04/04/2019,354.96,354.76,354.61,355.00,354.53,61473531
03/04/2019,355.44,355.25,354.96,355.28,354.65,61533570
02/04/2019,355.57,355.42,355.44,355.62,355.13,61617786
01/04/2019,355.62,355.56,355.57,355.58,355.25,61639803
31/03/2019,356.06,355.93,355.62,356.02,355.56,61648522
28/03/2019,355.74,355.95,356.06,356.06,355.46,61724214
27/03/2019,354.97,355.16,355.74,355.83,355.00,61750070
26/03/2019,354.28,354.14,354.97,354.97,354.14,61616074
25/03/2019,355.21,355.18,354.28,355.18,353.87,61496641
24/03/2019,354.82,354.62,355.21,355.21,354.62,61658073
20/03/2019,354.94,354.98,354.82,355.02,354.52,61590742
19/03/2019,355.12,354.97,354.94,355.26,354.68,61611936
18/03/2019,354.63,354.65,355.12,355.12,354.57,61750161
17/03/2019,353.46,353.38,354.63,354.63,353.38,61786045
14/03/2019,353.08,353.00,353.46,353.46,352.95,61582043
13/03/2019,352.46,352.33,353.08,353.08,352.33,61515698
12/03/2019,352.56,352.21,352.46,352.57,352.13,61408767
11/03/2019,352.58,352.59,352.56,352.73,352.36,61424829
10/03/2019,352.34,352.36,352.58,352.80,352.25,61428921
07/03/2019,351.73,351.55,352.34,352.34,351.37,61387785
06/03/2019,351.63,351.63,351.73,351.82,351.47,61279958
05/03/2019,352.38,352.31,351.63,352.50,351.43,61264142
04/03/2019,351.68,351.63,352.38,352.38,351.63,61393353
03/03/2019,350.83,350.97,351.68,351.74,350.97,61271669
28/02/2019,350.88,350.75,350.83,350.86,350.66,61124342
27/02/2019,350.28,350.22,350.88,350.95,350.22,61132597
26/02/2019,349.99,349.89,350.28,350.29,349.89,61027646
25/02/2019,349.88,349.87,349.99,350.13,349.75,60976941
24/02/2019,349.51,349.53,349.88,349.90,349.51,60958616
21/02/2019,349.76,349.48,349.51,349.92,349.28,60893923
20/02/2019,349.83,349.83,349.76,349.92,349.60,61004880
19/02/2019,349.64,349.79,349.83,350.03,349.51,61016510
18/02/2019,348.83,348.81,349.64,349.64,348.81,60983987
17/02/2019,348.20,348.17,348.83,349.10,348.17,60842585
14/02/2019,347.26,347.19,348.20,348.20,347.19,60733139
13/02/2019,347.17,347.16,347.26,347.28,347.09,60707419
12/02/2019,347.07,347.10,347.17,347.26,346.94,60691027
11/02/2019,347.17,347.10,347.07,347.24,346.96,60674077
10/02/2019,347.01,347.05,347.17,347.24,346.98,60690369
07/02/2019,347.46,347.21,347.01,347.47,347.01,60662903
06/02/2019,347.37,347.36,347.46,347.53,347.24,60741703
05/02/2019,346.79,346.81,347.37,347.37,346.81,60725772
04/02/2019,347.02,347.07,346.79,347.24,346.60,60624431
03/02/2019,346.73,346.76,347.02,347.26,346.76,60665052
31/01/2019,345.74,345.83,346.73,346.73,345.83,60613582
30/01/2019,345.28,345.26,345.74,345.88,345.26,60440330
29/01/2019,344.64,344.58,345.28,345.30,344.58,60360030
28/01/2019,344.30,344.30,344.64,344.80,344.22,60248228
27/01/2019,344.03,344.11,344.30,344.53,344.11,60188514
24/01/2019,343.29,343.24,344.03,344.05,343.24,60141515
23/01/2019,343.28,343.21,343.29,343.62,343.16,60093077
22/01/2019,343.65,343.54,343.28,343.91,343.19,60091690
21/01/2019,344.14,344.09,343.65,344.17,343.65,60156849
20/01/2019,343.70,343.63,344.14,344.26,343.59,60243283
17/01/2019,343.04,342.98,343.70,343.70,342.98,60166142
16/01/2019,342.59,342.59,343.04,343.08,342.48,60070941
15/01/2019,341.90,341.95,342.59,342.72,341.86,59991423
14/01/2019,341.62,341.62,341.90,342.06,341.48,59870547
13/01/2019,342.22,342.23,341.62,342.36,341.59,59821197
10/01/2019,342.67,342.75,342.22,342.77,342.22,59926527
09/01/2019,342.68,342.68,342.67,343.04,342.45,60005690
08/01/2019,341.65,341.62,342.68,342.68,341.60,60006396
07/01/2019,341.15,341.16,341.65,341.65,340.96,59826511
06/01/2019,341.03,341.13,341.15,341.60,341.09,59762676
03/01/2019,341.45,341.41,341.03,341.41,340.87,59740338
02/01/2019,342.25,342.29,341.45,342.29,341.34,59814305
01/01/2019,340.91,341.01,342.25,342.36,341.01,59955032
31/12/2018,340.58,340.61,340.91,341.63,340.61,59720301
30/12/2018,339.97,340.04,340.58,340.81,339.86,59661760
27/12/2018,338.65,339.04,339.97,341.25,338.71,59554379
26/12/2018,336.62,336.56,338.65,339.38,336.49,59536700
25/12/2018,334.31,333.28,336.62,338.35,331.63,59180628
24/12/2018,335.30,334.70,334.31,335.49,333.96,58775162
23/12/2018,339.44,338.60,335.30,338.60,334.30,58948085
20/12/2018,340.47,340.37,339.44,340.43,339.44,59675742
19/12/2018,340.38,340.34,340.47,340.82,340.34,59857960
18/12/2018,340.49,340.45,340.38,340.45,339.77,59842482
17/12/2018,340.76,340.78,340.49,341.12,340.23,59984555
16/12/2018,343.19,343.17,340.76,343.17,340.76,60032565
13/12/2018,342.95,342.89,343.19,343.40,342.75,60459786
12/12/2018,342.23,342.15,342.95,343.03,342.13,60418756
11/12/2018,341.93,341.81,342.23,342.23,341.78,60290844
10/12/2018,342.90,342.72,341.93,342.95,341.84,60238950
09/12/2018,343.65,343.51,342.90,343.74,342.90,60409052
06/12/2018,344.14,344.11,343.65,344.18,343.41,60542129
05/12/2018,344.27,344.27,344.14,344.28,343.85,60628402
04/12/2018,343.81,343.87,344.27,344.59,343.87,60650025
03/12/2018,343.39,343.44,343.81,343.81,343.44,60569466
02/12/2018,343.36,343.39,343.39,343.73,343.37,60495161
29/11/2018,343.00,343.08,343.36,344.02,343.08,60490702
28/11/2018,342.66,342.51,343.00,343.26,342.48,60426743
27/11/2018,344.43,344.40,342.66,344.43,342.60,60366132
26/11/2018,345.49,345.49,344.43,345.49,344.21,60679371
25/11/2018,346.14,346.07,345.49,346.17,345.32,60865968
22/11/2018,345.65,345.60,346.14,346.14,345.60,60980396
21/11/2018,345.80,345.71,345.65,346.00,345.62,60955693
20/11/2018,346.37,346.34,345.80,346.35,345.62,60981193
19/11/2018,347.28,347.05,346.37,347.05,346.32,61082930
18/11/2018,345.98,346.04,347.28,347.28,346.04,61243736
15/11/2018,345.82,345.76,345.98,346.24,345.75,61695122
14/11/2018,345.97,346.04,345.82,346.17,345.73,61643481
13/11/2018,345.84,345.80,345.97,345.97,345.71,61670108
12/11/2018,345.96,345.93,345.84,346.09,345.82,61646696
11/11/2018,346.22,346.21,345.96,346.35,345.96,61668140
08/11/2018,345.94,345.90,346.22,346.25,345.82,61715486
07/11/2018,345.84,345.82,345.94,346.02,345.75,61664799
06/11/2018,346.06,345.97,345.84,346.11,345.84,61646870
05/11/2018,345.94,345.92,346.06,346.06,345.79,61685615
04/11/2018,346.26,346.27,345.94,346.27,345.77,61664696
01/11/2018,345.79,345.78,346.26,346.26,345.78,61721933
31/10/2018,345.91,345.94,345.79,345.95,345.62,61638413
29/10/2018,346.07,346.07,345.91,346.22,345.91,61659567
28/10/2018,345.92,345.95,346.07,346.12,345.78,61688225
25/10/2018,346.66,346.25,345.92,346.33,345.92,61727093
24/10/2018,346.44,346.42,346.66,346.66,346.35,61858966
23/10/2018,346.64,346.67,346.44,346.71,346.36,61820395
22/10/2018,346.86,346.69,346.64,346.69,346.37,61855952
21/10/2018,347.19,347.15,346.86,347.18,346.80,61895301
18/10/2018,347.04,347.50,347.19,347.50,346.81,61953813
17/10/2018,347.09,347.06,347.04,347.40,347.04,61926838
16/10/2018,347.02,347.06,347.09,347.55,346.98,61935462
15/10/2018,346.98,347.00,347.02,347.17,346.87,61923385
14/10/2018,346.79,347.04,346.98,347.41,346.98,61917031
11/10/2018,348.09,347.89,346.79,347.89,346.79,61883177
10/10/2018,348.74,348.75,348.09,348.84,348.06,61705052
09/10/2018,348.83,348.88,348.74,348.97,348.50,61821021
08/10/2018,348.20,348.29,348.83,348.83,348.02,61836175
07/10/2018,348.84,348.61,348.20,348.70,348.05,61725510
04/10/2018,349.83,349.43,348.84,349.45,348.84,61861594
03/10/2018,349.51,349.52,349.83,350.04,349.43,62036479
02/10/2018,349.21,349.18,349.51,349.51,349.18,61980038
27/09/2018,348.91,348.85,349.21,349.35,348.78,61926369
26/09/2018,348.61,348.52,348.91,349.11,348.50,61926233
25/09/2018,348.18,347.91,348.61,348.61,347.78,61873094
20/09/2018,348.34,348.23,348.18,348.26,347.94,61795704
17/09/2018,348.25,348.39,348.34,348.42,348.02,61825010
16/09/2018,347.93,347.97,348.25,348.25,347.80,61808839
13/09/2018,347.47,347.39,347.93,347.93,347.36,62220267
12/09/2018,347.82,347.65,347.47,347.65,347.23,62138573
06/09/2018,348.05,348.00,347.82,348.02,347.48,62201041
05/09/2018,348.54,348.53,348.05,348.53,347.92,62241931
04/09/2018,349.28,349.28,348.54,349.29,348.48,62330324
03/09/2018,349.20,349.28,349.28,349.34,349.09,62462004
02/09/2018,349.49,349.18,349.20,349.28,348.95,62448277
30/08/2018,349.82,349.68,349.49,349.96,349.45,62500301
29/08/2018,349.94,349.91,349.82,350.10,349.82,62603011
28/08/2018,350.08,350.07,349.94,350.10,349.80,62624037
27/08/2018,349.83,349.78,350.08,350.08,349.66,62649450
26/08/2018,349.86,349.87,349.83,350.02,349.73,62605489
23/08/2018,349.66,349.55,349.86,349.88,349.47,62610242
22/08/2018,349.51,349.48,349.66,349.78,349.44,62574060
21/08/2018,349.07,349.09,349.51,349.51,349.07,62548172
20/08/2018,348.55,348.55,349.07,349.07,348.55,62535244
19/08/2018,348.39,348.37,348.55,348.62,348.24,62442278
16/08/2018,348.56,348.51,348.39,348.51,348.05,62413887
15/08/2018,348.50,348.39,348.56,348.78,348.39,62444076
14/08/2018,348.12,348.11,348.50,348.50,348.03,62433128
13/08/2018,348.48,348.49,348.12,348.50,347.89,62365385
12/08/2018,348.10,348.07,348.48,348.48,348.03,62430566
09/08/2018,347.80,347.73,348.10,348.11,347.71,62361619
08/08/2018,347.40,347.39,347.80,347.97,347.39,62308782
07/08/2018,347.14,347.12,347.40,347.48,347.09,62236959
06/08/2018,346.88,346.82,347.14,347.14,346.77,62189030
05/08/2018,346.00,346.03,346.88,346.88,346.03,62143067
02/08/2018,345.70,345.62,346.00,346.00,345.39,61985841
01/08/2018,345.81,345.79,345.70,346.05,345.44,61931286
31/07/2018,345.77,345.76,345.81,345.94,345.67,61951379
30/07/2018,345.83,345.74,345.77,345.89,345.56,61944185
29/07/2018,345.76,345.71,345.83,345.88,345.66,61954915
26/07/2018,345.33,345.30,345.76,345.76,345.28,61942325
25/07/2018,345.52,345.57,345.33,345.57,344.63,61946670
24/07/2018,345.80,345.83,345.52,345.84,345.38,61981695
23/07/2018,346.35,346.13,345.80,346.16,345.74,62030455
19/07/2018,346.42,346.38,346.35,346.57,346.18,62129562
18/07/2018,345.92,345.86,346.42,346.42,345.78,62142626
17/07/2018,345.55,345.55,345.92,345.92,345.32,62053468
16/07/2018,344.99,344.95,345.55,345.79,344.95,61986516
15/07/2018,344.80,344.76,344.99,344.99,344.46,61885093
12/07/2018,344.65,344.63,344.80,344.83,344.40,61852506
11/07/2018,344.35,344.35,344.65,344.66,344.33,61825337
10/07/2018,343.69,343.70,344.35,344.47,343.67,61770990
09/07/2018,342.87,342.82,343.69,343.69,342.79,61652366
08/07/2018,342.96,342.92,342.87,343.24,342.79,61505286
05/07/2018,343.58,343.46,342.96,343.50,342.33,61522250
04/07/2018,344.51,344.51,343.58,344.56,343.15,61655073
03/07/2018,345.01,344.90,344.51,345.02,344.51,61823065
02/07/2018,345.54,345.55,345.01,345.64,344.88,61911987
01/07/2018,345.37,345.34,345.54,345.54,345.34,62007204
28/06/2018,345.90,345.92,345.37,345.95,345.37,61977541
27/06/2018,346.18,346.15,345.90,346.18,345.62,62288118
26/06/2018,346.79,346.69,346.18,346.69,346.03,62338196
25/06/2018,347.15,347.15,346.79,347.36,346.60,62447245
24/06/2018,346.86,346.88,347.15,347.28,346.79,62512717
21/06/2018,346.60,346.55,346.86,346.86,346.46,62460316
20/06/2018,346.62,346.59,346.60,346.75,346.46,62413747
19/06/2018,346.25,346.26,346.62,346.62,346.24,62416645
18/06/2018,346.03,345.94,346.25,346.25,345.75,62350850
17/06/2018,345.15,345.22,346.03,346.03,345.22,62311452
14/06/2018,344.80,344.82,345.15,345.29,344.79,62276445
13/06/2018,344.42,344.43,344.80,344.88,344.43,62213111
12/06/2018,344.19,344.25,344.42,344.50,344.12,62144069
11/06/2018,343.99,344.07,344.19,344.24,343.62,62101700
10/06/2018,343.78,343.93,343.99,344.00,343.83,62065954
07/06/2018,343.59,343.59,343.78,343.79,343.48,62028993
06/06/2018,343.56,343.58,343.59,343.80,343.55,61993784
05/06/2018,343.60,343.37,343.56,343.79,343.37,61988607
04/06/2018,343.50,343.39,343.60,343.66,343.32,61995413
03/06/2018,343.65,343.73,343.50,344.24,343.42,61977862
31/05/2018,343.51,343.63,343.65,343.94,343.52,62004510
30/05/2018,343.40,343.56,343.51,343.59,343.20,61979196
29/05/2018,343.97,344.05,343.40,344.24,343.37,61960144
28/05/2018,344.39,344.36,343.97,344.41,343.97,62063294
27/05/2018,344.08,344.09,344.39,344.74,344.09,62138315
24/05/2018,343.57,343.57,344.08,344.41,343.39,62082308
23/05/2018,343.63,343.58,343.57,343.75,343.37,61990807
22/05/2018,343.49,343.51,343.63,343.97,343.51,62168543
21/05/2018,342.87,342.98,343.49,344.05,342.98,62143391
17/05/2018,343.52,343.44,342.87,343.46,342.82,62031070
16/05/2018,343.73,343.71,343.52,343.81,343.44,62316031
15/05/2018,343.77,343.81,343.73,343.81,343.13,62355237
14/05/2018,343.52,343.45,343.77,344.05,343.45,62361053
13/05/2018,343.73,343.82,343.52,344.27,343.40,62316279
10/05/2018,344.04,343.94,343.73,344.50,343.66,62354296
09/05/2018,344.69,344.71,344.04,344.71,343.84,62411490
08/05/2018,345.31,345.17,344.69,345.49,344.69,62528250
07/05/2018,345.11,345.14,345.31,345.47,345.14,62640724
06/05/2018,344.81,344.78,345.11,345.24,344.74,62605756
03/05/2018,344.53,344.49,344.81,344.81,344.38,62550109
02/05/2018,344.69,344.71,344.53,344.79,344.23,62498944
01/05/2018,344.57,344.41,344.69,344.78,344.41,62529370
30/04/2018,344.93,344.92,344.57,345.11,344.52,62506085
29/04/2018,344.44,344.56,344.93,345.04,344.54,62572469
26/04/2018,344.07,344.00,344.44,344.63,343.96,62483348
25/04/2018,344.28,344.26,344.07,344.29,343.79,62415344
24/04/2018,344.43,344.54,344.28,344.57,344.07,62454896
23/04/2018,345.18,345.08,344.43,345.17,344.43,62482412
22/04/2018,345.56,345.30,345.18,345.35,344.83,62616849
17/04/2018,344.91,344.93,345.56,345.56,344.90,62686708
16/04/2018,343.75,343.72,344.91,345.17,343.72,62567881
15/04/2018,343.47,343.47,343.75,343.85,343.47,62358180
12/04/2018,343.07,342.93,343.47,343.47,342.78,62307643
11/04/2018,343.12,343.12,343.07,343.31,343.06,62235289
10/04/2018,342.53,342.55,343.12,343.31,342.51,62244593
09/04/2018,341.99,341.99,342.53,342.57,341.99,62136867
08/04/2018,342.02,341.97,341.99,342.19,341.93,62038447
04/04/2018,342.57,342.57,342.02,342.67,341.87,62044904
03/04/2018,343.14,343.02,342.57,343.06,342.42,62166094
02/04/2018,343.78,343.73,343.14,343.81,343.14,62270481
01/04/2018,343.22,343.22,343.78,343.78,343.22,62385988
29/03/2018,342.80,342.79,343.22,343.37,342.72,62283883
28/03/2018,343.17,343.15,342.80,343.15,342.78,62288995
27/03/2018,342.72,342.83,343.17,343.32,342.79,62356463
26/03/2018,342.74,342.76,342.72,343.12,342.58,62273542
25/03/2018,343.28,343.07,342.74,343.14,342.41,62277483
22/03/2018,343.29,343.26,343.28,343.59,343.14,62375335
21/03/2018,343.21,343.17,343.29,343.35,343.17,62378138
20/03/2018,343.87,343.82,343.21,343.82,343.14,62364024
19/03/2018,344.08,343.88,343.87,343.92,343.44,62483335
18/03/2018,343.58,343.61,344.08,344.08,343.61,62632255
15/03/2018,343.05,343.03,343.58,343.58,343.03,62667323
14/03/2018,342.65,342.60,343.05,343.16,342.48,62569695
13/03/2018,341.36,341.43,342.65,342.65,341.40,62496894
12/03/2018,341.73,341.54,341.36,341.81,341.06,63001940
11/03/2018,341.39,341.55,341.73,342.07,341.55,63070456
08/03/2018,342.16,342.13,341.39,342.13,341.17,63007871
07/03/2018,342.84,342.72,342.16,342.82,342.06,63150952
06/03/2018,342.51,342.51,342.84,342.93,342.50,63276131
05/03/2018,342.50,342.42,342.51,342.95,342.38,63215076
04/03/2018,342.63,342.64,342.50,342.83,342.50,63213674
28/02/2018,343.55,343.36,342.63,343.36,342.63,63236969
27/02/2018,342.84,342.71,343.55,343.55,342.58,63406444
26/02/2018,342.43,342.43,342.84,342.84,342.40,63922032
25/02/2018,341.78,341.91,342.43,342.77,341.91,63845594
22/02/2018,342.44,342.40,341.78,342.40,341.64,63723511
21/02/2018,342.68,342.67,342.44,342.81,342.10,63845741
20/02/2018,343.46,343.41,342.68,343.42,342.60,63956613
19/02/2018,343.43,343.34,343.46,343.68,343.03,64102773
18/02/2018,342.54,342.46,343.43,343.52,342.18,64097290
15/02/2018,341.22,341.29,342.54,342.54,340.87,63931369
14/02/2018,341.29,341.32,341.22,341.94,341.00,63733299
13/02/2018,340.83,340.86,341.29,341.56,340.86,63747304
12/02/2018,341.04,340.75,340.83,341.60,340.20,63660575
11/02/2018,342.71,342.45,341.04,342.67,341.04,63699494
08/02/2018,343.80,343.61,342.71,343.81,342.71,64012066
07/02/2018,342.81,342.88,343.80,344.02,342.86,64214329
06/02/2018,343.67,342.85,342.81,343.19,341.79,64030486
05/02/2018,344.60,344.44,343.67,344.44,343.67,64191840
04/02/2018,345.87,345.45,344.60,345.45,344.41,62963895
01/02/2018,346.20,346.06,345.87,346.30,345.87,63194908
31/01/2018,346.46,346.42,346.20,346.62,346.20,63254726
30/01/2018,346.59,346.47,346.46,346.60,346.24,62914270
29/01/2018,347.85,347.60,346.59,347.60,346.59,62938622
28/01/2018,347.85,347.83,347.85,347.89,347.71,63166834
25/01/2018,348.28,348.00,347.85,348.18,347.75,63167354
24/01/2018,348.59,348.54,348.28,348.60,348.14,63326391
23/01/2018,348.12,347.99,348.59,348.59,347.97,63382726
22/01/2018,347.73,347.73,348.12,348.12,347.52,63297186
21/01/2018,347.97,347.86,347.73,347.86,347.19,63226805
18/01/2018,348.32,348.19,347.97,348.19,347.56,63269996
17/01/2018,348.39,348.35,348.32,348.45,348.14,63352789
16/01/2018,347.21,347.85,348.39,348.39,347.20,63366582
15/01/2018,346.67,346.65,347.21,347.32,346.45,63152430
14/01/2018,345.83,345.75,346.67,346.67,345.74,63054383
11/01/2018,345.42,345.48,345.83,345.83,345.48,62900647
10/01/2018,345.75,345.63,345.42,345.63,345.23,62826184
09/01/2018,345.95,345.89,345.75,345.95,345.69,62885973
08/01/2018,345.33,345.31,345.95,345.95,345.19,62922647
07/01/2018,345.18,345.24,345.33,345.45,345.10,62809422
04/01/2018,344.53,344.52,345.18,345.36,344.51,62805375
03/01/2018,344.21,344.19,344.53,344.74,344.18,62686201
02/01/2018,344.22,344.17,344.21,344.41,344.06,62629311
01/01/2018,344.63,344.84,344.22,344.86,344.09,62629879
31/12/2017,344.09,344.05,344.63,344.67,344.02,62704722
28/12/2017,343.49,343.35,344.09,344.25,343.35,62607055
27/12/2017,342.93,342.91,343.49,343.49,342.90,62518927
26/12/2017,342.52,342.48,342.93,342.93,342.38,62417330
25/12/2017,342.59,342.55,342.52,342.92,342.43,62342685
24/12/2017,342.48,342.39,342.59,342.63,342.36,62355604
21/12/2017,342.52,342.40,342.48,342.74,341.91,62335323
20/12/2017,343.29,343.26,342.52,343.26,342.47,62341400
19/12/2017,343.85,343.81,343.29,343.81,343.09,62481816
18/12/2017,342.71,342.50,343.85,343.85,342.36,62584610
17/12/2017,342.96,342.68,342.71,342.74,342.47,62498273
14/12/2017,343.34,343.29,342.96,343.38,342.90,62545314
13/12/2017,343.75,343.77,343.34,343.78,343.25,62614454
12/12/2017,343.88,343.80,343.75,343.81,343.54,62688431
11/12/2017,344.05,343.92,343.88,344.00,343.23,62712378
10/12/2017,344.22,343.99,344.05,344.12,343.88,62743508
07/12/2017,344.64,344.42,344.22,344.56,344.04,62774560
06/12/2017,344.53,344.53,344.64,344.72,344.30,62851690
05/12/2017,344.05,344.04,344.53,344.53,344.04,62829902
04/12/2017,343.82,343.85,344.05,344.11,343.52,62743490
03/12/2017,343.56,343.43,343.82,343.84,343.40,62702075
30/11/2017,343.48,343.46,343.56,343.56,343.22,62654594
29/11/2017,343.61,343.61,343.48,343.65,343.35,62639214
28/11/2017,343.26,343.13,343.61,343.62,343.12,62662885
27/11/2017,343.07,343.01,343.26,343.26,342.76,62598740
26/11/2017,343.09,343.02,343.07,343.07,342.85,62564625
23/11/2017,342.58,342.48,343.09,343.09,342.40,62568953
22/11/2017,342.61,342.56,342.58,342.71,342.38,62645915
21/11/2017,342.40,342.42,342.61,342.61,342.15,62651412
20/11/2017,342.27,342.22,342.40,342.48,342.12,62612666
19/11/2017,341.94,342.04,342.27,342.27,341.90,62589495
16/11/2017,341.30,341.30,341.94,341.94,341.20,62528462
15/11/2017,341.10,341.16,341.30,341.46,341.12,60580190
14/11/2017,340.47,340.27,341.10,341.14,340.27,60543773
13/11/2017,340.08,339.94,340.47,340.47,339.91,60432519
12/11/2017,340.05,339.80,340.08,340.08,339.80,60363853
09/11/2017,340.48,340.44,340.05,340.54,340.05,60358427
08/11/2017,340.62,340.58,340.48,340.84,340.48,60434427
07/11/2017,340.13,340.05,340.62,340.62,340.04,60459846
06/11/2017,340.00,339.98,340.13,340.21,339.92,60372863
05/11/2017,339.78,339.73,340.00,340.14,339.73,60348630
02/11/2017,339.98,339.99,339.78,340.04,339.71,60310809
01/11/2017,339.80,339.74,339.98,340.25,339.70,60346123
31/10/2017,339.29,339.28,339.80,339.91,339.27,60314275
30/10/2017,338.96,338.96,339.29,339.37,338.96,60222788
29/10/2017,338.69,338.69,338.96,339.17,338.63,60164420
26/10/2017,338.92,338.89,338.69,339.15,338.50,60115916
25/10/2017,339.44,339.49,338.92,339.84,338.87,60221928
24/10/2017,339.90,339.88,339.44,339.97,339.44,60314977
23/10/2017,340.09,339.99,339.90,340.01,339.58,60397541
22/10/2017,340.35,340.16,340.09,340.19,339.89,60430609
19/10/2017,340.83,340.80,340.35,340.92,340.35,60475822
18/10/2017,340.26,340.26,340.83,340.83,340.23,60562546
17/10/2017,340.22,340.24,340.26,340.47,340.17,60459769
16/10/2017,339.51,339.71,340.22,340.56,339.59,60454323
15/10/2017,339.41,339.43,339.51,339.56,339.40,60328066
10/10/2017,339.53,339.49,339.41,339.61,339.41,60309883
09/10/2017,339.15,339.12,339.53,339.65,339.10,60330781
08/10/2017,339.07,338.85,339.15,339.25,338.75,60262525
03/10/2017,338.67,338.61,339.07,339.07,338.53,60248640
02/10/2017,338.74,338.70,338.67,338.84,338.46,60200096
01/10/2017,338.58,338.53,338.74,338.98,338.43,60212506
28/09/2017,338.51,338.34,338.58,338.58,337.97,60183825
27/09/2017,338.68,338.63,338.51,338.63,337.97,60171175
26/09/2017,338.82,338.79,338.68,338.83,338.64,60255718
25/09/2017,339.00,338.95,338.82,339.10,338.76,60280514
24/09/2017,339.56,339.37,339.00,339.47,339.00,60311117
19/09/2017,339.27,339.10,339.56,339.65,339.03,60411470
18/09/2017,339.15,339.06,339.27,339.27,338.93,60359982
17/09/2017,338.88,338.75,339.15,339.15,338.71,60405231
14/09/2017,338.96,338.87,338.88,339.25,338.75,60482597
13/09/2017,338.65,338.67,338.96,339.03,338.58,60497640
12/09/2017,338.49,338.42,338.65,338.85,338.35,60441690
11/09/2017,338.28,338.35,338.49,338.63,338.10,60413748
10/09/2017,338.50,338.37,338.28,338.47,338.24,60375991
07/09/2017,338.24,338.28,338.50,338.64,338.15,60415441
06/09/2017,338.17,338.19,338.24,338.44,338.14,60368697
05/09/2017,337.75,337.62,338.17,338.22,337.57,60356330
04/09/2017,337.23,337.20,337.75,337.80,337.06,60280920
03/09/2017,337.31,337.24,337.23,337.34,337.10,60188395
31/08/2017,337.57,337.42,337.31,337.50,337.29,60202856
30/08/2017,337.55,337.57,337.57,337.58,336.99,60250076
29/08/2017,337.34,337.21,337.55,337.57,337.21,60303758
28/08/2017,337.52,337.47,337.34,337.50,337.29,60266832
27/08/2017,337.68,337.57,337.52,337.61,337.41,60299493
24/08/2017,337.65,337.61,337.68,337.94,337.46,60326693
23/08/2017,337.89,337.86,337.65,337.88,337.54,60322585
22/08/2017,337.80,337.70,337.89,338.00,337.61,60364586
21/08/2017,337.41,337.39,337.80,337.80,337.34,60348496
20/08/2017,337.03,336.83,337.41,337.58,336.69,60278571
17/08/2017,336.35,336.40,337.03,337.03,336.28,60211168
16/08/2017,335.93,335.80,336.35,336.44,335.45,60090705
15/08/2017,335.48,335.49,335.93,335.96,335.35,60014691
14/08/2017,335.59,335.49,335.48,335.65,335.31,59934585
13/08/2017,335.49,335.39,335.59,335.69,335.33,59955018
10/08/2017,335.97,335.77,335.49,335.93,335.35,59937120
09/08/2017,336.01,335.99,335.97,336.07,335.72,60021594
08/08/2017,336.08,336.23,336.01,336.27,336.01,60029540
07/08/2017,335.69,335.88,336.08,336.33,335.67,60041227
06/08/2017,335.44,335.43,335.69,335.90,335.32,59972187
03/08/2017,334.81,334.78,335.44,335.44,334.77,59927112
02/08/2017,334.34,334.32,334.81,334.81,334.24,59815655
31/07/2017,334.57,334.54,334.34,334.84,334.34,59730908
30/07/2017,334.35,334.32,334.57,334.63,334.28,59771703
27/07/2017,334.06,334.13,334.35,334.39,333.96,59733492
26/07/2017,333.96,333.95,334.06,334.13,333.95,59679989
25/07/2017,334.25,334.14,333.96,334.22,333.96,59663339
24/07/2017,334.31,334.28,334.25,334.40,334.17,59714959
23/07/2017,333.95,333.91,334.31,334.35,333.81,59725350
20/07/2017,334.15,333.97,333.95,334.12,333.90,59661097
19/07/2017,333.85,333.82,334.15,334.29,333.77,59697433
18/07/2017,333.80,333.68,333.85,334.07,333.66,59643133
17/07/2017,333.77,333.74,333.80,334.05,333.67,59634017
16/07/2017,334.10,333.67,333.77,333.83,333.20,59628156
13/07/2017,333.99,333.93,334.10,334.15,333.88,59687266
12/07/2017,333.64,333.55,333.99,334.11,333.55,59667992
11/07/2017,333.31,333.32,333.64,333.88,333.24,59605935
10/07/2017,333.22,333.18,333.31,333.38,333.13,59547686
09/07/2017,333.25,333.21,333.22,333.37,333.18,59531221
06/07/2017,333.32,333.30,333.25,333.59,333.16,59536648
05/07/2017,333.13,333.15,333.32,333.52,333.12,59570914
04/07/2017,332.84,332.82,333.13,333.30,332.78,59536383
03/07/2017,332.88,332.90,332.84,333.02,332.71,59485963
02/07/2017,332.32,332.21,332.88,332.97,332.09,59492811
29/06/2017,332.59,332.72,332.32,332.80,332.32,59392316
28/06/2017,333.83,333.71,332.59,333.71,332.37,59441052
27/06/2017,334.02,333.98,333.83,334.19,333.83,59683330
26/06/2017,333.32,333.28,334.02,334.03,333.16,59717183
25/06/2017,333.23,333.19,333.32,333.48,333.12,59592677
22/06/2017,333.19,333.16,333.23,333.23,332.75,59577638
21/06/2017,333.40,333.41,333.19,333.48,333.04,59570386
20/06/2017,333.97,333.65,333.40,333.80,333.35,59606833
19/06/2017,333.85,333.84,333.97,334.03,333.70,59709929
18/06/2017,333.22,333.32,333.85,333.85,333.32,59753329
15/06/2017,333.72,333.67,333.22,333.78,332.83,59641385
14/06/2017,333.55,333.48,333.72,333.72,333.20,59852481
13/06/2017,333.60,333.66,333.55,333.76,333.37,59821841
12/06/2017,333.94,334.02,333.60,334.10,333.60,59831049
11/06/2017,334.06,333.91,333.94,334.10,333.89,59893328
08/06/2017,334.87,334.86,334.06,334.96,334.03,59914452
07/06/2017,334.88,334.85,334.87,334.98,334.73,60060253
06/06/2017,334.84,334.83,334.88,335.03,334.80,60061951
05/06/2017,334.98,334.81,334.84,335.13,334.79,60054470
04/06/2017,334.58,334.40,334.98,334.98,334.40,60080013
01/06/2017,335.02,335.05,334.58,335.21,334.58,60008202
29/05/2017,335.13,335.01,335.02,335.17,334.85,59941935
28/05/2017,335.01,335.00,335.13,335.22,334.93,59962892
25/05/2017,334.43,334.38,335.01,335.12,334.28,59940012
24/05/2017,334.56,334.58,334.43,334.60,334.27,59837293
23/05/2017,334.32,334.32,334.56,334.56,334.11,59860377
22/05/2017,334.29,334.22,334.32,334.73,334.05,59991751
21/05/2017,333.12,333.05,334.29,334.42,333.05,59986610
18/05/2017,333.74,333.50,333.12,333.68,333.12,59775796
17/05/2017,333.90,333.77,333.74,334.24,333.72,59633867
16/05/2017,334.10,333.94,333.90,334.20,333.67,59662676
15/05/2017,333.96,333.90,334.10,334.15,333.83,59697100
14/05/2017,333.51,333.56,333.96,334.05,333.54,59672002
11/05/2017,333.43,333.39,333.51,333.94,333.38,59592954
10/05/2017,332.84,332.83,333.43,333.56,332.79,59577923
09/05/2017,332.16,332.17,332.84,332.84,332.08,59472324
08/05/2017,331.65,331.64,332.16,332.35,331.56,59350810
07/05/2017,331.61,331.58,331.65,331.72,331.41,59259706
04/05/2017,331.72,331.64,331.61,331.76,331.43,59253452
03/05/2017,331.68,331.67,331.72,331.82,331.52,59271973
30/04/2017,331.34,331.30,331.68,331.96,331.30,59265332
27/04/2017,330.78,330.78,331.34,331.39,330.64,59203765
26/04/2017,330.43,330.43,330.78,330.78,330.33,59104213
25/04/2017,330.51,330.53,330.43,330.64,330.41,59042246
24/04/2017,330.33,330.34,330.51,330.54,329.96,59056790
23/04/2017,330.05,330.06,330.33,330.58,330.06,59023590
20/04/2017,329.83,329.75,330.05,330.22,329.71,58973799
19/04/2017,329.07,329.03,329.83,329.85,329.03,58934182
18/04/2017,327.93,327.96,329.07,329.07,327.96,58798341
13/04/2017,327.78,327.75,327.93,328.09,327.69,58595905
12/04/2017,327.37,327.49,327.78,327.79,327.42,58568299
09/04/2017,327.36,327.29,327.37,327.50,327.21,58495374
06/04/2017,327.25,327.30,327.36,327.52,327.14,58492709
05/04/2017,327.10,327.19,327.25,327.25,326.99,58496546
04/04/2017,326.74,326.91,327.10,327.23,326.90,58470049
03/04/2017,326.65,326.70,326.74,327.00,326.59,58404991
02/04/2017,326.80,326.91,326.65,326.92,326.56,56995272
30/03/2017,326.27,326.30,326.80,326.80,326.30,57022164
29/03/2017,325.88,325.78,326.27,326.31,325.32,57011228
28/03/2017,326.41,326.20,325.88,326.31,325.78,56941625
27/03/2017,327.16,326.99,326.41,326.99,326.28,57034381
26/03/2017,326.93,326.86,327.16,327.16,326.78,57166308
23/03/2017,327.48,327.50,326.93,327.59,326.93,57125881
22/03/2017,328.31,328.26,327.48,328.54,327.48,57221871
21/03/2017,327.94,328.02,328.31,328.42,327.93,57366852
20/03/2017,327.68,327.66,327.94,328.03,327.66,57302491
19/03/2017,326.91,326.85,327.68,327.76,326.83,57257326
16/03/2017,325.71,325.80,326.91,326.91,325.80,57232805
15/03/2017,325.35,325.32,325.71,325.88,325.32,57139622
14/03/2017,325.21,325.17,325.35,325.35,324.77,58199035
13/03/2017,324.95,325.19,325.21,325.27,324.80,58174026
09/03/2017,324.51,324.31,324.95,324.95,324.31,58875710
08/03/2017,324.98,325.05,324.51,325.07,324.47,58795905
07/03/2017,325.14,324.86,324.98,325.32,324.86,58880475
06/03/2017,325.01,324.98,325.14,325.24,324.95,58910003
05/03/2017,324.94,325.07,325.01,325.19,324.96,58886748
02/03/2017,325.08,324.83,324.94,325.20,324.76,58874104
01/03/2017,325.56,325.65,325.08,325.65,324.91,58898063
28/02/2017,325.71,325.61,325.56,325.67,325.43,58985019
27/02/2017,325.54,325.57,325.71,325.89,325.57,59013066
26/02/2017,325.18,325.24,325.54,325.84,325.24,59641595
23/02/2017,325.43,325.38,325.18,325.45,325.18,59575115
22/02/2017,325.25,325.23,325.43,325.51,325.16,59620848
21/02/2017,325.30,325.30,325.25,325.43,325.02,59586687
20/02/2017,325.62,325.55,325.30,325.70,325.24,59597558
19/02/2017,325.34,325.35,325.62,325.69,325.33,59656017
16/02/2017,324.76,324.73,325.34,325.34,324.69,59603778
15/02/2017,324.71,324.64,324.76,324.78,324.57,59498060
14/02/2017,324.84,324.74,324.71,325.04,324.69,59487981
13/02/2017,324.82,324.71,324.84,324.91,324.57,59511873
12/02/2017,325.07,325.14,324.82,325.18,324.82,59509328
09/02/2017,325.20,325.14,325.07,325.27,324.81,59554590
08/02/2017,325.29,325.34,325.20,325.50,325.19,59577640
07/02/2017,325.23,325.27,325.29,325.54,325.21,59594640
06/02/2017,325.23,325.07,325.23,325.34,325.06,59584180
05/02/2017,325.51,325.50,325.23,325.50,325.23,59583740
02/02/2017,324.89,325.02,325.51,325.51,325.02,59635390
01/02/2017,324.39,324.48,324.89,325.14,324.43,60945621
31/01/2017,323.99,324.10,324.39,324.44,324.10,60851086
30/01/2017,323.45,323.57,323.99,324.03,323.57,60776389
29/01/2017,323.35,323.34,323.45,323.75,323.34,60676192
26/01/2017,323.25,323.25,323.35,323.52,323.12,60656496
25/01/2017,323.35,323.35,323.25,323.73,323.14,60637178
24/01/2017,323.09,323.10,323.35,323.46,323.10,60657422
23/01/2017,322.74,322.76,323.09,323.13,322.72,60608394
22/01/2017,322.50,322.47,322.74,322.81,322.47,60542473
19/01/2017,323.00,323.06,322.50,323.07,322.44,60496966
18/01/2017,323.41,323.33,323.00,323.50,323.00,60610152
17/01/2017,323.31,323.58,323.41,323.72,323.40,60687075
16/01/2017,323.92,323.87,323.31,324.14,323.31,60668768
15/01/2017,324.50,324.44,323.92,324.74,323.92,60783784
12/01/2017,324.45,324.53,324.50,324.98,324.50,60892728
11/01/2017,324.32,324.41,324.45,324.61,324.26,60883090
10/01/2017,323.94,323.92,324.32,324.44,323.92,60858750
09/01/2017,323.67,323.64,323.94,324.00,323.64,60787366
08/01/2017,323.92,323.96,323.67,324.08,323.67,60737074
05/01/2017,323.43,323.55,323.92,323.92,323.53,60783495
04/01/2017,323.05,323.00,323.43,323.55,323.00,60713273
03/01/2017,323.00,323.01,323.05,323.21,322.78,60643143
02/01/2017,322.24,322.30,323.00,323.07,322.22,60633577
01/01/2017,321.69,321.76,322.24,322.36,321.76,60491494
29/12/2016,321.08,321.08,321.69,321.80,321.07,60386988
28/12/2016,320.37,320.33,321.08,321.24,320.33,60287519
27/12/2016,319.87,319.87,320.37,320.50,319.87,60201072
26/12/2016,320.02,320.09,319.87,320.22,319.69,60107485
25/12/2016,320.55,320.56,320.02,320.65,320.02,60135977
22/12/2016,320.47,320.50,320.55,320.63,320.29,60235284
21/12/2016,320.83,320.87,320.47,320.96,320.40,60220054
20/12/2016,321.01,321.06,320.83,321.18,320.73,60287538
19/12/2016,321.00,321.08,321.01,321.27,320.71,60320607
18/12/2016,321.45,321.19,321.00,321.28,320.74,60320064
15/12/2016,322.23,322.02,321.45,322.02,321.23,60525656
14/12/2016,322.35,322.32,322.23,322.56,322.16,60673064
13/12/2016,322.03,322.08,322.35,322.71,322.07,60696429
12/12/2016,321.70,321.52,322.03,322.22,321.51,60636115
11/12/2016,321.81,321.70,321.70,321.93,321.66,60574479
08/12/2016,321.81,321.87,321.81,322.08,321.65,60594140
07/12/2016,321.57,321.42,321.81,321.86,321.37,60593573
06/12/2016,321.19,321.25,321.57,321.65,321.25,60548282
05/12/2016,321.44,321.46,321.19,321.80,321.19,60476870
04/12/2016,320.74,320.86,321.44,321.67,320.85,60524296
01/12/2016,320.40,320.29,320.74,321.04,320.29,60392200
30/11/2016,320.40,320.38,320.40,320.62,320.31,60328711
29/11/2016,320.57,320.45,320.40,320.66,320.40,60329551
28/11/2016,320.55,320.64,320.57,320.76,320.55,60360936
27/11/2016,320.61,320.65,320.55,320.94,320.52,60356820
24/11/2016,320.66,320.64,320.61,321.05,320.47,60369080
23/11/2016,320.76,320.81,320.66,321.39,320.49,60378474
22/11/2016,320.69,320.74,320.76,321.30,320.74,60574974
21/11/2016,320.19,320.12,320.69,320.84,320.12,60560914
20/11/2016,320.44,320.23,320.19,320.59,320.00,60466335
17/11/2016,319.90,319.97,320.44,320.44,319.91,60513606
16/11/2016,319.35,319.50,319.90,320.07,319.50,58351904
15/11/2016,318.80,319.21,319.35,319.67,319.20,58252077
14/11/2016,319.45,319.20,318.80,319.38,318.41,58150281
13/11/2016,320.02,319.92,319.45,320.05,319.40,58270292
10/11/2016,320.23,320.19,320.02,320.51,319.98,58373084
09/11/2016,320.97,320.80,320.23,320.93,320.23,58411494
08/11/2016,320.89,320.95,320.97,321.17,320.94,58546387
07/11/2016,320.89,320.84,320.89,321.13,320.83,58533106
06/11/2016,321.02,321.07,320.89,321.26,320.89,58532009
03/11/2016,321.10,321.08,321.02,321.26,321.02,58555241
02/11/2016,321.09,321.11,321.10,321.38,321.10,58570955
01/11/2016,321.05,321.04,321.09,321.34,320.92,58568847
31/10/2016,320.41,320.55,321.05,321.05,320.45,58562287
30/10/2016,320.37,320.35,320.41,320.72,320.35,58445021
27/10/2016,320.92,320.94,320.37,321.05,320.37,58438070
26/10/2016,321.05,321.04,320.92,321.25,320.92,58302421
25/10/2016,321.20,321.20,321.05,321.25,321.02,58326125
20/10/2016,320.86,320.77,321.20,321.36,320.77,58352306
19/10/2016,320.35,320.41,320.86,320.92,320.40,58291645
18/10/2016,320.23,320.23,320.35,320.41,320.21,58199022
13/10/2016,320.75,320.82,320.23,321.05,320.23,58177061
10/10/2016,320.52,320.54,320.75,320.78,320.54,58270521
09/10/2016,320.28,320.32,320.52,320.67,320.32,58228599
06/10/2016,320.08,320.14,320.28,320.57,320.13,58185588
05/10/2016,320.34,320.16,320.08,320.47,319.87,58171336
29/09/2016,320.22,320.29,320.34,320.64,320.26,58220079
28/09/2016,320.43,320.37,320.22,320.98,320.22,58250226
27/09/2016,320.94,320.90,320.43,321.05,320.39,58289336
26/09/2016,321.18,321.21,320.94,321.45,320.94,58382358
25/09/2016,321.12,321.21,321.18,321.49,321.18,58425548
22/09/2016,319.95,320.12,321.12,321.16,320.12,58413600
21/09/2016,320.34,320.28,319.95,320.31,319.95,58201055
20/09/2016,320.77,320.79,320.34,320.86,320.34,58273233
19/09/2016,321.20,320.97,320.77,321.30,320.77,58351599
18/09/2016,321.35,321.10,321.20,321.26,320.81,58429639
15/09/2016,321.20,321.31,321.35,321.75,321.10,58492482
14/09/2016,321.68,321.61,321.20,321.61,321.08,58583872
13/09/2016,321.28,321.47,321.68,322.01,321.47,58672226
12/09/2016,321.81,321.79,321.28,321.82,321.08,58597757
11/09/2016,322.93,321.92,321.81,322.28,321.71,56823528
08/09/2016,323.53,323.46,322.93,323.61,322.93,57022784
07/09/2016,323.27,323.31,323.53,323.74,323.00,57127065
06/09/2016,323.41,323.48,323.27,323.54,323.27,57082349
05/09/2016,322.84,322.86,323.41,323.50,322.83,57107247
04/09/2016,323.08,323.08,322.84,323.11,322.71,57006061
01/09/2016,323.77,323.79,323.08,323.84,323.08,57048659
31/08/2016,324.08,324.11,323.77,324.16,323.70,57170060
30/08/2016,323.50,323.48,324.08,324.17,323.48,57224918
29/08/2016,323.58,323.51,323.50,323.74,323.50,57191417
28/08/2016,323.75,323.69,323.58,323.69,323.19,57207085
25/08/2016,323.50,323.48,323.75,323.99,323.48,57327692
24/08/2016,322.98,322.96,323.50,323.67,322.95,57283695
23/08/2016,323.14,323.26,322.98,323.34,322.90,57190483
22/08/2016,323.33,323.34,323.14,323.38,323.14,57218282
21/08/2016,323.08,323.12,323.33,323.36,322.93,57252594
18/08/2016,322.52,322.52,323.08,323.14,322.52,57208895
17/08/2016,322.46,322.27,322.52,322.59,322.27,57109394
16/08/2016,321.93,322.08,322.46,322.67,322.08,57098194
15/08/2016,322.38,322.44,321.93,322.61,321.93,57005538
11/08/2016,322.52,322.55,322.38,322.70,322.15,57085100
10/08/2016,322.05,322.12,322.52,322.74,322.11,57109329
09/08/2016,321.89,321.90,322.05,322.31,321.90,57025584
08/08/2016,321.89,321.90,321.89,322.45,321.86,56998585
07/08/2016,321.89,321.86,321.89,322.09,321.54,56998141
04/08/2016,321.66,321.71,321.89,322.22,321.67,56996958
03/08/2016,322.04,322.02,321.66,322.32,321.61,56957657
02/08/2016,323.05,322.48,322.04,323.02,322.04,57024910
01/08/2016,324.27,324.22,323.05,324.41,323.05,57202955
31/07/2016,323.78,323.83,324.27,324.38,323.83,57419985
28/07/2016,323.50,323.29,323.78,323.99,323.29,57333027
27/07/2016,323.46,323.48,323.50,323.59,323.00,57282610
26/07/2016,324.27,324.22,323.46,324.34,323.35,57275587
25/07/2016,323.77,323.76,324.27,324.48,323.71,57418756
24/07/2016,323.16,323.34,323.77,323.92,323.27,57330486
21/07/2016,323.43,323.43,323.16,323.52,323.16,57222780
20/07/2016,323.62,323.62,323.43,324.00,323.29,57270928
19/07/2016,323.04,323.08,323.62,323.62,322.93,57304605
18/07/2016,323.06,323.03,323.04,323.34,323.03,57202025
17/07/2016,323.35,323.00,323.06,323.22,322.46,57204635
14/07/2016,323.59,323.57,323.35,323.72,323.09,57255980
13/07/2016,323.66,323.65,323.59,323.66,323.16,57298271
12/07/2016,323.61,323.66,323.66,323.68,323.09,57310707
11/07/2016,322.62,322.59,323.61,323.99,322.58,58677541
10/07/2016,321.61,321.77,322.62,322.73,321.77,58498512
07/07/2016,321.60,321.59,321.61,321.96,321.53,58315557
06/07/2016,322.11,322.15,321.60,322.27,321.60,58335617
05/07/2016,321.81,321.77,322.11,322.28,321.77,58428620
04/07/2016,321.37,321.33,321.81,321.81,321.26,58375366
03/07/2016,320.20,320.39,321.37,321.37,320.39,58294653
30/06/2016,319.55,319.53,320.20,320.22,319.50,58082362
29/06/2016,318.87,318.90,319.55,319.60,318.90,57964043
28/06/2016,318.06,318.10,318.87,318.94,318.10,57840542
27/06/2016,318.14,318.25,318.06,318.76,318.02,57695030
26/06/2016,319.68,318.75,318.14,318.81,317.24,57756437
23/06/2016,319.43,319.45,319.68,319.74,319.45,58036214
22/06/2016,319.16,319.16,319.43,319.58,319.11,57990085
21/06/2016,319.12,319.09,319.16,319.44,319.09,57940739
20/06/2016,319.44,319.33,319.12,319.57,319.12,57934677
19/06/2016,319.43,319.47,319.44,319.51,319.24,57991029
16/06/2016,318.87,318.88,319.43,319.43,318.88,58045831
15/06/2016,319.05,318.80,318.87,319.18,318.71,58066866
14/06/2016,319.69,319.68,319.05,319.80,319.02,58099556
13/06/2016,320.06,320.09,319.69,320.30,319.65,58215928
09/06/2016,319.46,319.57,320.06,320.13,319.57,58282316
08/06/2016,318.93,318.77,319.46,319.58,318.77,58173682
07/06/2016,318.62,318.66,318.93,319.05,318.65,58078133
06/06/2016,318.77,318.76,318.62,318.99,318.62,58021346
05/06/2016,318.35,318.57,318.77,319.12,318.57,58047846
02/06/2016,318.60,318.57,318.35,318.72,318.26,57972632
01/06/2016,318.09,318.08,318.60,318.75,318.08,58017244
31/05/2016,318.21,318.24,318.09,318.44,318.02,57924834
30/05/2016,318.24,318.28,318.21,318.35,318.14,57947081
29/05/2016,318.20,318.22,318.24,318.46,318.14,57951549
26/05/2016,317.76,317.73,318.20,318.20,317.72,57944650
25/05/2016,317.79,317.78,317.76,318.03,317.74,57863463
24/05/2016,318.02,318.05,317.79,318.19,317.79,57869848
23/05/2016,317.47,317.47,318.02,318.02,317.47,57911695
22/05/2016,317.06,317.13,317.47,317.70,317.02,57990660
19/05/2016,317.90,317.58,317.06,317.71,317.06,57916853
18/05/2016,318.17,318.05,317.90,318.22,317.81,55224434
17/05/2016,318.13,318.10,318.17,318.40,318.05,55380201
16/05/2016,318.29,318.21,318.13,318.33,317.97,55373692
15/05/2016,318.05,318.02,318.29,318.50,318.02,55400055
10/05/2016,318.25,318.29,318.05,318.57,318.05,55359722
09/05/2016,318.25,318.40,318.25,318.59,318.25,55393412
08/05/2016,318.45,318.42,318.25,318.64,318.22,55393022
05/05/2016,318.12,318.10,318.45,318.61,318.09,55428225
04/05/2016,318.29,318.30,318.12,318.40,318.10,55370687
03/05/2016,317.91,317.99,318.29,318.35,317.96,55401249
02/05/2016,318.48,318.39,317.91,318.49,317.91,55334957
01/05/2016,318.07,318.15,318.48,318.52,318.14,55433875
27/04/2016,318.04,318.04,318.07,318.09,317.91,55362639
26/04/2016,318.19,318.16,318.04,318.27,318.04,55356582
25/04/2016,317.90,317.87,318.19,318.20,317.87,55383133
24/04/2016,317.62,317.54,317.90,317.91,317.52,55333557
21/04/2016,317.08,317.08,317.62,317.62,316.90,55283963
20/04/2016,317.20,317.17,317.08,317.56,317.05,55190368
19/04/2016,317.30,317.02,317.20,317.45,316.98,55211529
18/04/2016,317.50,317.49,317.30,317.49,317.08,55227912
17/04/2016,316.84,316.85,317.50,317.50,316.66,55262731
14/04/2016,316.40,316.40,316.84,317.07,316.40,55183134
13/04/2016,315.93,315.72,316.40,316.40,315.72,55106244
12/04/2016,315.99,315.98,315.93,316.14,315.70,55025143
11/04/2016,316.02,316.12,315.99,316.18,315.68,55034800
10/04/2016,316.10,316.12,316.02,316.34,315.87,55040458
07/04/2016,315.50,315.51,316.10,316.10,315.49,55054028
06/04/2016,315.25,315.21,315.50,315.64,315.11,54971617
05/04/2016,314.89,314.97,315.25,315.36,314.89,54928178
04/04/2016,315.07,315.12,314.89,315.39,314.63,54866173
03/04/2016,315.31,315.39,315.07,315.43,315.02,54896229
31/03/2016,314.52,314.71,315.31,315.31,314.63,54426503
30/03/2016,314.41,314.46,314.52,314.86,314.44,54291587
29/03/2016,313.92,313.98,314.41,314.52,313.98,54271811
28/03/2016,313.70,313.67,313.92,314.17,313.54,54186986
27/03/2016,314.13,314.18,313.70,314.29,313.63,54149842
23/03/2016,314.03,313.72,314.13,314.54,313.69,54223812
22/03/2016,313.75,313.80,314.03,314.24,313.80,54206193
21/03/2016,314.41,314.49,313.75,314.71,313.60,54157170
20/03/2016,314.45,314.64,314.41,314.73,314.26,54271057
17/03/2016,313.08,313.25,314.45,314.45,313.25,54278027
16/03/2016,312.65,312.78,313.08,313.08,312.36,54758387
15/03/2016,311.91,312.13,312.65,312.65,312.05,54683191
14/03/2016,311.27,311.31,311.91,312.15,311.31,54745253
13/03/2016,311.81,311.97,311.27,312.05,311.27,54631764
10/03/2016,311.16,311.36,311.81,312.02,311.36,54762625
09/03/2016,311.27,311.36,311.16,311.58,311.01,54647155
08/03/2016,311.02,311.15,311.27,311.93,311.00,54666384
07/03/2016,312.38,312.56,311.02,312.76,311.02,54623982
06/03/2016,312.34,312.31,312.38,312.86,312.31,54862244
03/03/2016,312.13,312.29,312.34,312.64,312.26,54855622
02/03/2016,311.63,311.72,312.13,312.36,311.34,54818635
01/03/2016,310.20,310.42,311.63,312.11,310.42,54731138
29/02/2016,308.90,308.94,310.20,310.27,308.94,54479694
28/02/2016,307.80,307.76,308.90,309.04,307.76,54251632
25/02/2016,307.10,307.10,307.80,308.14,307.09,54057071
24/02/2016,307.05,306.95,307.10,307.54,306.86,54003595
23/02/2016,306.69,306.68,307.05,307.46,306.68,53994643
22/02/2016,306.68,306.68,306.69,307.11,306.61,53931997
21/02/2016,307.64,307.68,306.68,308.12,306.68,53930026
18/02/2016,307.59,307.85,307.64,308.24,307.55,54097859
17/02/2016,307.28,307.44,307.59,308.37,307.36,54089010
16/02/2016,307.08,307.24,307.28,308.53,307.24,54034754
15/02/2016,305.15,305.25,307.08,307.27,305.25,53999277
14/02/2016,303.62,303.91,305.15,305.88,303.91,53660571
11/02/2016,305.36,305.40,303.62,305.44,303.33,53391413
10/02/2016,305.60,305.60,305.36,306.06,305.20,53697518
09/02/2016,307.20,307.17,305.60,307.17,305.36,53739365
08/02/2016,308.45,308.50,307.20,308.78,307.20,54021717
07/02/2016,308.95,308.76,308.45,309.11,308.45,54241303
04/02/2016,309.37,309.38,308.95,309.95,308.95,54329421
03/02/2016,309.76,309.73,309.37,310.40,309.37,54402705
02/02/2016,309.59,309.59,309.76,310.31,309.42,54470839
01/02/2016,310.96,311.03,309.59,311.36,309.59,54441719
31/01/2016,309.98,310.09,310.96,311.44,310.09,54682406
28/01/2016,309.00,308.97,309.98,310.22,308.97,54509479
27/01/2016,308.11,308.19,309.00,309.93,308.19,54337826
26/01/2016,308.31,308.14,308.11,308.67,307.83,54181206
25/01/2016,307.54,307.59,308.31,308.82,307.59,54216018
24/01/2016,306.82,306.87,307.54,308.17,306.87,54081346
21/01/2016,306.18,306.12,306.82,307.11,306.04,53953938
20/01/2016,307.42,307.19,306.18,307.19,305.91,53841383
19/01/2016,307.44,307.53,307.42,307.89,307.42,54059224
18/01/2016,308.04,308.08,307.44,308.24,307.44,54083113
17/01/2016,308.19,308.08,308.04,308.84,307.79,54189267
14/01/2016,309.92,309.90,308.19,309.90,308.19,54215410
13/01/2016,310.27,310.32,309.92,310.78,309.92,54518840
12/01/2016,311.07,310.98,310.27,310.98,310.27,54581556
11/01/2016,311.72,311.62,311.07,311.98,311.07,54721611
10/01/2016,312.00,311.80,311.72,312.27,311.72,54836457
07/01/2016,312.73,312.44,312.00,312.45,311.81,54884480
06/01/2016,313.16,313.21,312.73,313.86,312.73,55107978
05/01/2016,313.30,313.36,313.16,313.63,313.16,55183971
04/01/2016,313.49,313.45,313.30,313.73,313.08,55208550
03/01/2016,312.55,312.76,313.49,313.63,312.76,55243101
31/12/2015,311.70,311.73,312.55,313.00,311.69,55077560
30/12/2015,311.63,311.54,311.70,311.96,311.48,54926873
29/12/2015,311.84,311.91,311.63,312.36,311.63,54914000
28/12/2015,311.79,311.78,311.84,312.36,311.78,54951471
27/12/2015,311.92,311.90,311.79,312.18,311.79,54721054
24/12/2015,311.54,311.62,311.92,312.30,311.62,54743716
23/12/2015,311.33,311.22,311.54,311.79,311.10,54677006
22/12/2015,311.38,311.44,311.33,312.10,311.33,54640281
21/12/2015,311.99,311.82,311.38,311.90,311.38,54649586
20/12/2015,312.53,312.44,311.99,312.78,311.99,54756093
17/12/2015,310.78,310.89,312.53,312.53,310.89,54850417
16/12/2015,310.83,310.70,310.78,311.32,310.55,54644120
15/12/2015,311.11,311.00,310.83,311.12,310.60,54653019
14/12/2015,312.18,312.10,311.11,312.39,311.11,54701369
13/12/2015,313.06,313.04,312.18,313.38,312.18,54890014
10/12/2015,312.87,312.77,313.06,313.20,312.77,55044878
09/12/2015,313.07,313.10,312.87,313.21,312.83,55011488
08/12/2015,313.56,313.46,313.07,313.98,313.01,55047155
07/12/2015,313.72,313.51,313.56,313.77,313.45,55132798
06/12/2015,314.14,314.15,313.72,314.28,313.72,55161191
03/12/2015,314.53,314.66,314.14,314.88,314.14,55234447
02/12/2015,314.90,314.98,314.53,315.48,314.53,55304372
01/12/2015,314.16,314.01,314.90,314.90,313.99,54853872
30/11/2015,314.79,315.07,314.16,315.13,314.12,54726473
29/11/2015,315.47,315.33,314.79,315.83,314.79,54835821
26/11/2015,315.38,315.37,315.47,315.91,315.29,54954070
25/11/2015,314.86,314.90,315.38,315.51,314.88,54938260
24/11/2015,314.75,314.66,314.86,315.14,314.66,54848402
23/11/2015,315.29,315.13,314.75,315.34,314.74,54828109
22/11/2015,315.74,315.70,315.29,315.73,315.21,54921879
19/11/2015,315.80,315.82,315.74,316.15,315.62,55001009
18/11/2015,315.57,315.50,315.80,315.80,315.31,55012025
17/11/2015,315.10,315.00,315.57,315.70,314.99,55074264
16/11/2015,314.78,314.92,315.10,315.37,314.92,55287718
15/11/2015,314.50,314.56,314.78,315.02,314.50,55231594
12/11/2015,314.75,314.56,314.50,314.70,314.34,55182693
11/11/2015,314.15,314.18,314.75,314.75,314.16,55226557
10/11/2015,313.47,313.66,314.15,314.39,313.34,55120544
09/11/2015,313.77,313.78,313.47,313.93,313.37,55002424
08/11/2015,314.74,314.30,313.77,314.30,313.55,55053928
05/11/2015,314.61,314.74,314.74,314.94,314.57,55223877
04/11/2015,314.42,314.58,314.61,314.83,314.35,55202370
03/11/2015,315.14,315.12,314.42,315.57,314.15,55168049
02/11/2015,315.66,315.56,315.14,315.80,315.12,55295103
01/11/2015,315.47,315.25,315.66,315.93,315.20,55385730
29/10/2015,317.00,316.89,315.47,316.94,315.34,55352551
28/10/2015,317.94,317.79,317.00,317.94,316.74,55621598
27/10/2015,316.79,316.85,317.94,318.07,316.82,55851396
26/10/2015,315.81,315.98,316.79,316.90,315.79,55650386
25/10/2015,316.18,316.13,315.81,316.35,315.81,55476755
22/10/2015,315.73,315.64,316.18,316.18,315.58,55542555
21/10/2015,315.87,315.78,315.73,316.15,315.50,55463805
20/10/2015,316.17,316.20,315.87,316.45,315.87,55487986
19/10/2015,316.55,316.83,316.17,316.87,316.06,55540326
18/10/2015,315.91,315.61,316.55,316.55,315.60,55608308
15/10/2015,315.91,316.01,315.91,316.48,315.91,55529333
14/10/2015,315.05,314.99,315.91,315.94,314.82,55530774
13/10/2015,314.82,314.84,315.05,315.21,314.46,53592327
12/10/2015,314.22,314.22,314.82,315.17,314.16,53553708
11/10/2015,314.35,314.38,314.22,314.60,314.11,53451536
08/10/2015,313.91,313.80,314.35,314.65,313.77,53472990
07/10/2015,313.17,313.08,313.91,314.14,313.08,53398955
06/10/2015,313.19,313.28,313.17,313.79,313.09,53294408
01/10/2015,313.03,312.75,313.19,313.36,312.72,53298227
30/09/2015,313.10,313.03,313.03,313.58,313.03,53270794
29/09/2015,314.26,313.73,313.10,313.90,313.10,53283806
24/09/2015,314.36,314.41,314.26,314.75,314.26,53479600
21/09/2015,313.64,313.64,314.36,314.59,313.61,53497467
20/09/2015,312.64,312.99,313.64,314.31,312.99,53375736
17/09/2015,312.11,312.15,312.64,312.64,311.86,53205053
16/09/2015,313.78,313.73,312.11,313.73,312.11,53260722
10/09/2015,314.12,314.08,313.78,314.56,313.78,53546253
09/09/2015,314.93,314.90,314.12,314.90,314.08,53603333
08/09/2015,315.31,315.00,314.93,315.83,314.93,53742417
07/09/2015,314.91,314.94,315.31,315.44,314.94,53806295
06/09/2015,315.27,315.26,314.91,315.35,314.80,53739051
03/09/2015,315.47,315.37,315.27,315.91,315.27,53800010
02/09/2015,316.19,316.16,315.47,316.39,315.47,53834145
01/09/2015,316.70,316.56,316.19,316.76,316.19,53957453
31/08/2015,317.74,317.66,316.70,317.72,316.70,53584766
30/08/2015,316.44,316.45,317.74,317.74,316.38,53760919
27/08/2015,315.10,315.13,316.44,316.57,315.13,53589903
26/08/2015,315.21,315.34,315.10,315.69,315.05,53454859
25/08/2015,313.92,313.85,315.21,316.01,313.81,53473188
24/08/2015,316.34,315.37,313.92,315.53,313.69,53253157
23/08/2015,318.42,317.75,316.34,317.75,316.23,53665142
20/08/2015,319.22,319.21,318.42,319.26,317.91,54016857
19/08/2015,319.73,319.70,319.22,320.07,319.22,54152376
18/08/2015,319.47,319.47,319.73,320.31,319.47,54239326
17/08/2015,320.33,320.39,319.47,320.39,319.46,54195578
16/08/2015,320.07,319.87,320.33,320.43,319.74,54341391
13/08/2015,319.44,319.20,320.07,320.07,319.14,54297637
12/08/2015,319.00,319.11,319.44,319.62,319.11,54189880
11/08/2015,318.25,318.28,319.00,319.14,318.26,54115803
10/08/2015,318.59,318.72,318.25,318.86,318.14,53987932
09/08/2015,318.90,319.07,318.59,319.57,318.46,54045908
06/08/2015,318.71,318.72,318.90,318.96,318.51,54098294
05/08/2015,319.74,319.75,318.71,319.76,318.65,54066900
04/08/2015,320.29,320.34,319.74,320.63,319.60,54241232
03/08/2015,320.29,320.39,320.29,320.47,319.92,54335181
02/08/2015,319.83,320.02,320.29,320.81,320.02,54334549
30/07/2015,319.71,319.64,319.83,320.10,319.27,54256378
29/07/2015,320.96,320.69,319.71,320.92,319.65,54236957
28/07/2015,321.55,321.37,320.96,321.48,320.70,54447659
27/07/2015,321.07,321.11,321.55,321.69,321.11,54656216
23/07/2015,321.13,321.09,321.07,321.40,320.79,54573305
22/07/2015,321.56,321.57,321.13,321.78,320.80,54584778
21/07/2015,321.11,321.20,321.56,321.56,320.79,54657247
20/07/2015,320.80,320.86,321.11,321.15,320.57,54580941
19/07/2015,319.83,319.66,320.80,320.80,319.59,54528889
16/07/2015,319.30,319.46,319.83,319.83,319.46,54362584
15/07/2015,317.85,318.03,319.30,319.30,318.01,54272509
14/07/2015,317.06,316.99,317.85,317.85,316.99,54026413
13/07/2015,317.61,317.64,317.06,317.67,316.67,53892224
12/07/2015,318.31,318.14,317.61,318.14,317.17,53985891
09/07/2015,318.82,319.14,318.31,319.14,318.22,54104392
08/07/2015,319.33,319.31,318.82,319.77,318.61,54191534
07/07/2015,317.78,317.78,319.33,319.33,317.78,54278801
06/07/2015,317.10,317.18,317.78,318.13,317.18,54037136
05/07/2015,316.55,316.64,317.10,317.38,316.64,53921214
02/07/2015,315.67,315.65,316.55,316.69,315.65,53827848
01/07/2015,314.73,314.71,315.67,316.11,314.71,53678074
30/06/2015,313.35,313.17,314.73,315.46,313.17,53519515
29/06/2015,313.27,313.67,313.35,314.41,312.29,53284392
28/06/2015,316.06,315.87,313.27,315.87,313.27,53269644
25/06/2015,316.34,316.22,316.06,316.28,315.53,53744944
24/06/2015,317.30,317.22,316.34,317.75,315.63,53840290
23/06/2015,319.28,319.27,317.30,319.27,316.73,54004870
22/06/2015,320.95,320.95,319.28,320.95,319.15,54341498
21/06/2015,320.36,320.74,320.95,321.28,320.73,54625156
18/06/2015,319.93,320.08,320.36,321.20,319.83,54524330
17/06/2015,319.57,319.62,319.93,320.07,319.04,54452161
16/06/2015,319.11,319.13,319.57,319.74,318.95,54432508
15/06/2015,317.09,317.33,319.11,319.11,317.33,54354515
14/06/2015,316.17,316.42,317.09,317.46,316.42,54009663
11/06/2015,314.85,314.81,316.17,316.65,314.77,53854169
10/06/2015,316.25,316.20,314.85,316.20,313.53,53629055
09/06/2015,318.10,318.04,316.25,318.40,316.20,53867842
08/06/2015,317.80,317.82,318.10,318.73,317.67,54182630
07/06/2015,318.92,318.51,317.80,318.51,317.24,54130610
04/06/2015,320.53,320.38,318.92,320.38,318.80,54321567
03/06/2015,323.18,323.09,320.53,323.09,320.40,54595868
02/06/2015,324.94,324.90,323.18,324.90,322.78,55047544
01/06/2015,325.24,325.24,324.94,325.42,324.58,55346457
31/05/2015,324.78,324.72,325.24,325.24,324.63,55398922
28/05/2015,324.79,324.74,324.78,324.83,324.31,55320740
27/05/2015,325.00,325.03,324.79,325.13,324.57,55322102
26/05/2015,325.54,325.44,325.00,325.44,324.63,55357763
25/05/2015,325.70,325.80,325.54,325.82,325.08,55448896
21/05/2015,324.54,324.52,325.70,325.70,324.52,55476831
20/05/2015,324.63,324.64,324.54,324.79,324.21,55340861
19/05/2015,325.12,324.98,324.63,325.27,324.10,55355806
18/05/2015,325.86,325.73,325.12,325.86,324.57,55493985
17/05/2015,323.31,323.64,325.86,325.86,323.64,55729302
14/05/2015,323.46,323.20,323.31,323.31,321.77,55481026
13/05/2015,323.36,323.55,323.46,323.97,323.40,55507086
12/05/2015,325.00,324.37,323.36,324.37,322.16,55490362
11/05/2015,325.46,325.34,325.00,325.61,324.65,55771803
10/05/2015,324.12,324.35,325.46,325.66,324.34,55817217
07/05/2015,324.39,324.42,324.12,324.61,322.86,55586235
06/05/2015,325.45,325.41,324.39,325.43,324.10,55633115
05/05/2015,326.53,326.35,325.45,326.80,325.43,55815737
04/05/2015,325.64,325.63,326.53,326.53,325.59,55928872
03/05/2015,325.85,325.81,325.64,325.81,324.86,55776092
30/04/2015,326.52,326.45,325.85,326.58,325.71,55812501
29/04/2015,327.34,327.28,326.52,327.28,326.42,55928103
28/04/2015,327.62,327.42,327.34,328.02,327.04,55943579
27/04/2015,328.10,328.03,327.62,328.49,327.44,55991639
26/04/2015,326.58,326.57,328.10,328.10,326.56,56074566
21/04/2015,326.06,325.99,326.58,326.77,325.93,55814026
20/04/2015,325.69,325.66,326.06,326.06,325.45,55706048
19/04/2015,325.69,325.64,325.69,325.73,325.41,55643579
16/04/2015,324.44,325.05,325.69,325.69,324.75,55642869
15/04/2015,323.42,323.43,324.44,324.69,323.42,55421690
14/04/2015,323.36,323.24,323.42,323.83,323.12,55246559
13/04/2015,323.03,322.90,323.36,323.36,322.72,53641358
12/04/2015,322.66,322.64,323.03,323.03,322.21,53585927
08/04/2015,322.74,322.64,322.66,322.81,322.52,53524146
07/04/2015,322.78,322.76,322.74,322.76,322.25,53538687
06/04/2015,322.66,322.64,322.78,322.97,322.36,53567598
05/04/2015,321.19,321.30,322.66,322.98,321.30,53547531
02/04/2015,321.52,321.55,321.19,321.83,321.05,53303506
01/04/2015,321.28,321.26,321.52,321.52,321.06,53357092
31/03/2015,320.83,320.80,321.28,321.28,320.44,53318014
30/03/2015,321.67,321.40,320.83,321.40,320.41,53243154
29/03/2015,321.66,321.51,321.67,321.79,321.43,53354786
26/03/2015,322.09,322.05,321.66,322.13,321.27,53353139
25/03/2015,322.98,323.02,322.09,323.30,321.89,53423364
24/03/2015,323.24,323.17,322.98,323.42,322.60,53570744
23/03/2015,324.52,324.44,323.24,324.45,323.00,53614394
22/03/2015,324.47,324.47,324.52,324.89,323.55,53823016
19/03/2015,323.49,323.94,324.47,324.69,323.45,53814890
18/03/2015,322.46,322.73,323.49,323.90,322.60,53691054
16/03/2015,322.10,321.94,322.46,322.46,321.80,54272549
15/03/2015,322.81,322.82,322.10,323.22,321.51,54212444
12/03/2015,323.73,323.70,322.81,323.71,322.27,54523681
11/03/2015,323.96,323.99,323.73,324.19,323.26,54679454
10/03/2015,323.65,323.53,323.96,324.13,323.51,54718293
09/03/2015,323.44,323.38,323.65,323.65,323.16,54665951
08/03/2015,324.63,323.84,323.44,323.86,322.51,54629281
04/03/2015,324.51,324.41,324.63,324.68,323.82,54793415
03/03/2015,325.04,324.81,324.51,324.81,324.15,54772703
02/03/2015,325.36,325.21,325.04,325.21,324.76,54862422
01/03/2015,324.75,324.74,325.36,325.36,324.53,54916240
26/02/2015,325.05,324.61,324.75,325.07,324.11,54814253
25/02/2015,323.20,323.25,325.05,325.05,323.18,54912340
24/02/2015,322.47,322.52,323.20,323.20,322.48,54601061
23/02/2015,320.89,320.82,322.47,322.47,320.79,54477575
22/02/2015,320.46,320.25,320.89,320.89,320.12,54211405
19/02/2015,320.61,320.63,320.46,320.88,320.32,54130772
18/02/2015,321.57,321.31,320.61,321.31,320.25,54155876
17/02/2015,321.74,321.80,321.57,321.89,321.23,54318069
16/02/2015,321.16,321.18,321.74,322.26,321.01,54346582
15/02/2015,319.45,319.46,321.16,321.16,319.32,54234201
12/02/2015,318.05,317.91,319.45,319.45,317.91,53947034
11/02/2015,317.36,317.39,318.05,318.16,317.36,53709272
10/02/2015,317.45,317.91,317.36,317.91,316.89,53593603
09/02/2015,317.44,317.41,317.45,317.66,317.21,53608497
08/02/2015,318.04,317.57,317.44,317.57,317.02,53607417
05/02/2015,317.91,317.99,318.04,318.42,317.72,53707337
04/02/2015,317.41,317.39,317.91,318.56,317.15,53685523
03/02/2015,318.30,318.10,317.41,318.10,317.32,53600438
02/02/2015,317.85,317.84,318.30,318.31,317.83,53037268
01/02/2015,316.94,317.01,317.85,318.21,317.01,52962684
29/01/2015,316.44,316.43,316.94,317.08,316.29,52810532
28/01/2015,317.66,317.63,316.44,317.63,316.44,52727350
27/01/2015,318.52,318.32,317.66,318.51,317.44,52929956
26/01/2015,318.69,318.58,318.52,318.66,318.20,53073220
25/01/2015,319.12,318.87,318.69,319.00,318.49,53101238
22/01/2015,318.14,318.33,319.12,319.27,318.04,53172317
21/01/2015,317.04,316.71,318.14,318.27,316.42,54801151
20/01/2015,317.85,317.74,317.04,318.38,316.28,54611733
19/01/2015,318.87,318.91,317.85,318.91,316.05,54751177
18/01/2015,319.04,319.00,318.87,319.21,318.38,55125275
15/01/2015,318.69,318.51,319.04,319.04,318.24,55155393
14/01/2015,319.02,319.17,318.69,319.30,318.60,55094018
13/01/2015,319.71,319.74,319.02,320.52,318.61,55151862
12/01/2015,318.40,318.41,319.71,319.71,318.36,55270227
11/01/2015,317.80,318.01,318.40,318.40,318.00,55044103
08/01/2015,317.03,317.08,317.80,317.80,317.02,54940667
07/01/2015,317.63,317.56,317.03,317.78,315.99,54880548
06/01/2015,318.18,318.06,317.63,318.07,317.24,55006939
05/01/2015,318.26,318.23,318.18,318.28,317.17,55100973
04/01/2015,317.48,317.47,318.26,318.76,317.47,55115679
01/01/2015,316.05,316.03,317.48,317.48,316.03,54980616
31/12/2014,314.45,314.59,316.05,316.05,314.34,54733259
30/12/2014,314.26,314.22,314.45,314.95,314.13,54456509
29/12/2014,314.15,314.35,314.26,315.10,313.73,54423933
28/12/2014,315.14,315.06,314.15,315.10,314.15,54403611
25/12/2014,316.12,316.10,315.14,316.41,314.93,54576137
24/12/2014,317.13,317.04,316.12,317.19,315.86,54744320
23/12/2014,317.71,317.62,317.13,317.94,316.99,54919870
22/12/2014,315.60,315.51,317.71,317.80,315.34,55019721
21/12/2014,316.34,316.48,315.60,316.59,315.37,54655999
18/12/2014,313.30,313.58,316.34,316.34,313.51,54783278
17/12/2014,309.30,309.08,313.30,313.93,307.98,54299108
16/12/2014,314.47,313.90,309.30,313.90,307.82,53607165
15/12/2014,315.83,315.92,314.47,315.92,314.47,54501211
14/12/2014,318.08,318.01,315.83,318.30,315.83,54737536
11/12/2014,318.85,318.82,318.08,319.39,317.93,55127781
10/12/2014,318.38,318.38,318.85,319.19,318.36,55260481
09/12/2014,318.36,318.09,318.38,319.13,317.57,55179077
08/12/2014,319.78,319.60,318.36,319.60,317.51,55175995
07/12/2014,321.20,320.76,319.78,320.99,319.53,55422200
04/12/2014,320.59,320.57,321.20,321.61,320.44,55667132
03/12/2014,320.81,320.55,320.59,321.22,320.09,55562780
02/12/2014,321.18,321.08,320.81,321.15,319.37,55600139
01/12/2014,322.85,322.82,321.18,322.86,320.25,55663515
30/11/2014,323.05,323.05,322.85,323.20,322.44,55954269
27/11/2014,321.89,321.99,323.05,323.05,321.98,55989051
26/11/2014,320.94,321.13,321.89,322.14,321.13,55787125
25/11/2014,320.92,320.92,320.94,322.11,320.72,55622580
24/11/2014,321.10,320.82,320.92,320.96,318.99,55619672
23/11/2014,324.39,323.97,321.10,324.08,320.59,55649535
20/11/2014,325.01,324.99,324.39,324.99,324.25,56281952
19/11/2014,325.47,325.46,325.01,325.48,324.74,56390252
18/11/2014,325.81,325.65,325.47,325.71,325.15,56469580
17/11/2014,325.65,325.81,325.81,326.27,325.44,56583467
16/11/2014,324.55,324.82,325.65,325.65,324.78,56836387
13/11/2014,324.64,324.43,324.55,324.90,324.22,56645612
12/11/2014,324.53,324.46,324.64,324.64,324.22,56659726
11/11/2014,325.35,325.22,324.53,325.22,324.00,56641307
10/11/2014,325.91,326.00,325.35,326.23,325.02,56783810
09/11/2014,325.22,325.43,325.91,325.91,325.42,56882227
06/11/2014,325.48,325.37,325.22,325.77,324.77,56761228
05/11/2014,326.22,326.14,325.48,326.22,325.14,56806749
04/11/2014,325.95,326.21,326.22,326.31,325.79,56935952
03/11/2014,325.38,325.33,325.95,326.11,325.27,56889240
02/11/2014,324.57,324.32,325.38,325.38,324.21,56851252
30/10/2014,324.55,324.64,324.57,324.64,324.02,56709053
29/10/2014,324.85,324.77,324.55,324.92,324.30,56706908
28/10/2014,325.44,325.34,324.85,325.41,324.74,56758387
27/10/2014,325.65,325.77,325.44,325.78,325.03,56861096
26/10/2014,324.65,324.65,325.65,325.65,324.47,56898869
23/10/2014,324.80,324.76,324.65,324.85,324.31,56723739
22/10/2014,325.25,325.21,324.80,325.21,324.57,56849139
21/10/2014,325.95,325.85,325.25,325.95,324.86,56929151
20/10/2014,326.60,326.52,325.95,326.54,325.73,57051623
19/10/2014,326.94,326.80,326.60,327.13,326.60,57165788
14/10/2014,327.05,327.01,326.94,327.35,326.86,57224504
13/10/2014,327.23,327.24,327.05,327.34,326.86,56152458
12/10/2014,326.73,326.81,327.23,327.60,326.76,56182475
07/10/2014,326.39,326.27,326.73,326.81,326.26,56096805
06/10/2014,325.94,325.92,326.39,326.43,325.85,56061935
05/10/2014,325.48,325.40,325.94,326.00,325.24,55984300
02/10/2014,325.18,325.23,325.48,325.53,325.21,55904668
01/10/2014,324.90,325.08,325.18,325.18,324.73,55853109
30/09/2014,325.15,325.24,324.90,325.24,324.67,55806255
29/09/2014,325.23,325.18,325.15,325.23,324.87,55848707
28/09/2014,324.72,324.64,325.23,325.23,324.64,55862163
23/09/2014,324.20,324.07,324.72,325.05,324.02,55773963
22/09/2014,323.80,323.81,324.20,324.20,323.67,55685053
21/09/2014,323.87,323.64,323.80,324.17,323.59,55616659
18/09/2014,324.08,323.91,323.87,323.92,323.47,55627839
17/09/2014,323.83,323.95,324.08,324.08,323.63,55664715
16/09/2014,323.62,323.55,323.83,324.10,323.55,55695554
15/09/2014,323.79,323.65,323.62,323.86,323.27,55659137
14/09/2014,324.53,323.99,323.79,323.99,323.48,55687920
11/09/2014,324.04,323.99,324.53,324.54,323.93,55815532
10/09/2014,324.53,324.48,324.04,324.59,323.81,55732297
09/09/2014,325.03,324.90,324.53,325.01,324.35,55815003
08/09/2014,324.76,324.59,325.03,325.36,324.45,55902049
07/09/2014,324.97,324.95,324.76,325.01,324.65,55855766
04/09/2014,324.99,325.09,324.97,325.41,324.79,55891266
03/09/2014,325.58,325.54,324.99,325.55,324.54,55895000
02/09/2014,326.34,326.29,325.58,326.32,325.42,55996231
01/09/2014,326.68,326.71,326.34,326.91,325.96,56127051
31/08/2014,326.15,326.05,326.68,326.86,325.86,56185591
28/08/2014,325.42,325.53,326.15,326.15,325.47,56094798
27/08/2014,324.91,324.81,325.42,325.42,324.75,56108796
26/08/2014,324.23,324.28,324.91,324.98,324.27,56021204
25/08/2014,323.01,323.01,324.23,324.23,322.88,55904282
24/08/2014,322.83,322.69,323.01,323.01,322.66,55693777
21/08/2014,322.18,322.16,322.83,322.86,322.08,55662374
20/08/2014,321.68,321.63,322.18,322.37,321.42,55551512
19/08/2014,321.60,321.57,321.68,322.07,321.41,55463911
18/08/2014,321.91,321.88,321.60,321.89,321.45,54404490
17/08/2014,321.59,321.86,321.91,322.09,321.79,54457688
14/08/2014,321.21,321.18,321.59,321.59,321.17,54402622
13/08/2014,321.31,321.43,321.21,321.44,321.00,54338674
12/08/2014,321.45,321.29,321.31,321.48,321.07,54355816
11/08/2014,321.59,321.57,321.45,321.88,321.33,54378568
10/08/2014,321.60,321.48,321.59,321.96,321.36,54403464
07/08/2014,321.95,321.93,321.60,322.02,321.37,54404695
06/08/2014,322.70,322.57,321.95,322.75,321.88,54463382
04/08/2014,323.02,323.01,322.70,323.06,322.60,54590704
03/08/2014,321.99,322.01,323.02,323.02,322.00,54645164
31/07/2014,322.75,322.77,321.99,322.77,321.69,54471479
30/07/2014,323.52,323.47,322.75,323.60,322.57,54598938
29/07/2014,323.30,323.30,323.52,323.83,323.26,54729519
28/07/2014,322.57,322.46,323.30,323.30,322.39,54692718
27/07/2014,322.60,322.63,322.57,322.68,322.39,54568523
24/07/2014,322.39,322.28,322.60,322.60,322.24,54574199
23/07/2014,321.48,321.42,322.39,322.46,321.26,54538913
22/07/2014,320.92,320.86,321.48,321.48,320.80,54383945
21/07/2014,320.62,320.51,320.92,321.06,320.49,54289241
20/07/2014,321.39,321.20,320.62,321.25,320.44,54238473
17/07/2014,321.02,320.93,321.39,321.41,320.82,54369981
16/07/2014,320.95,320.94,321.02,321.17,320.67,54306607
15/07/2014,320.57,320.56,320.95,320.95,320.39,54295488
14/07/2014,320.71,320.59,320.57,320.81,320.39,54230342
13/07/2014,320.14,320.16,320.71,320.88,320.05,54254273
10/07/2014,318.76,318.80,320.14,320.19,318.63,54157467
09/07/2014,317.77,317.32,318.76,319.27,316.91,53924095
08/07/2014,319.08,318.52,317.77,318.53,317.18,53757246
07/07/2014,320.47,320.45,319.08,320.53,318.99,53977657
06/07/2014,320.35,320.22,320.47,320.49,320.14,54236039
03/07/2014,321.08,321.16,320.35,321.17,320.21,54215115
02/07/2014,320.76,320.74,321.08,321.33,320.67,54339047
01/07/2014,320.62,320.43,320.76,320.85,320.24,54285227
30/06/2014,321.48,321.40,320.62,321.51,320.30,54260695
29/06/2014,322.13,322.02,321.48,322.12,321.48,54407712
26/06/2014,322.33,322.26,322.13,322.31,321.81,54517825
25/06/2014,322.35,322.39,322.33,322.60,322.11,54613255
24/06/2014,322.48,322.51,322.35,322.51,322.11,54616636
23/06/2014,322.96,323.44,322.48,323.44,322.43,54639387
22/06/2014,323.33,323.28,322.96,323.28,322.80,54719810
19/06/2014,322.80,322.82,323.33,323.35,322.72,54783269
18/06/2014,322.08,322.04,322.80,322.80,321.69,54692023
17/06/2014,322.30,322.43,322.08,322.43,321.69,55255868
16/06/2014,323.16,323.23,322.30,323.38,322.14,55336640
15/06/2014,323.02,322.97,323.16,323.24,322.88,55483707
12/06/2014,322.90,322.86,323.02,323.13,322.66,55460033
11/06/2014,322.61,322.57,322.90,322.90,322.33,55438994
10/06/2014,322.68,322.65,322.61,322.86,322.08,55389388
09/06/2014,322.74,322.65,322.68,322.77,322.47,55401464
08/06/2014,322.34,322.27,322.74,322.74,322.20,55412566
05/06/2014,323.04,322.75,322.34,322.75,322.25,55344348
02/06/2014,323.54,323.39,323.04,323.54,322.74,55463314
01/06/2014,324.08,323.93,323.54,324.01,323.36,55548764
29/05/2014,323.75,323.78,324.08,324.10,323.60,55642546
28/05/2014,323.17,323.17,323.75,323.75,323.08,55586284
27/05/2014,323.38,323.40,323.17,323.44,322.63,55485306
26/05/2014,324.35,324.24,323.38,324.26,323.25,55522721
25/05/2014,324.59,324.46,324.35,324.64,324.16,55688095
22/05/2014,324.91,324.84,324.59,324.89,324.14,55729675
21/05/2014,325.14,325.01,324.91,325.30,324.82,55846019
20/05/2014,325.76,325.72,325.14,325.74,324.93,55885433
19/05/2014,325.62,325.62,325.76,325.80,325.21,55991777
18/05/2014,325.34,325.15,325.62,325.62,324.56,56044852
15/05/2014,324.01,323.98,325.34,325.34,323.98,56082583
14/05/2014,323.34,323.39,324.01,324.06,323.32,56100362
13/05/2014,323.30,323.27,323.34,323.34,322.87,55983796
12/05/2014,323.53,323.46,323.30,323.70,323.15,55977140
11/05/2014,323.27,323.17,323.53,323.73,323.08,56016889
08/05/2014,322.48,322.43,323.27,323.27,322.32,55971460
07/05/2014,322.34,322.35,322.48,322.48,322.19,55835842
04/05/2014,321.83,321.85,322.34,322.38,321.85,55811231
01/05/2014,321.09,321.06,321.83,321.97,321.05,55722815
30/04/2014,321.05,321.12,321.09,321.23,320.80,55594327
29/04/2014,321.21,321.12,321.05,321.22,320.75,55587156
28/04/2014,321.26,321.11,321.21,321.32,321.11,55614936
27/04/2014,321.17,321.01,321.26,321.31,321.01,55624057
24/04/2014,321.17,321.19,321.17,321.38,320.85,55608957
23/04/2014,320.92,320.71,321.17,321.21,320.48,55607912
22/04/2014,321.35,321.12,320.92,321.28,320.70,55565801
17/04/2014,320.99,321.06,321.35,321.35,321.03,55640629
16/04/2014,320.55,320.45,320.99,320.99,320.30,55577605
13/04/2014,320.56,320.46,320.55,320.69,320.39,55501203
10/04/2014,320.18,320.13,320.56,320.61,320.07,56233041
09/04/2014,319.68,319.67,320.18,320.26,319.67,56165073
08/04/2014,319.29,319.18,319.68,319.77,319.18,56078755
07/04/2014,319.22,319.13,319.29,319.43,319.05,56010001
06/04/2014,318.65,318.78,319.22,319.22,318.78,56019247
03/04/2014,318.43,318.43,318.65,318.68,318.06,55919989
02/04/2014,319.14,319.07,318.43,319.07,318.40,55881747
01/04/2014,319.06,318.95,319.14,319.14,318.86,56006741
31/03/2014,319.38,319.23,319.06,319.38,318.91,55991874
30/03/2014,319.44,319.25,319.38,319.50,318.97,56111153
27/03/2014,320.33,320.24,319.44,320.35,319.44,56120659
26/03/2014,320.85,320.80,320.33,320.82,320.06,56277692
25/03/2014,320.64,320.57,320.85,320.85,320.55,56369581
24/03/2014,320.60,320.59,320.64,320.64,320.46,56331957
23/03/2014,320.43,320.33,320.60,320.60,320.23,56324862
20/03/2014,321.18,320.90,320.43,320.90,320.15,56295113
19/03/2014,321.28,321.30,321.18,321.30,320.82,56426883
18/03/2014,321.17,321.02,321.28,321.28,320.95,56445255
17/03/2014,321.03,321.89,321.17,321.89,320.92,56732576
13/03/2014,320.49,320.59,321.03,321.03,319.97,56707334
12/03/2014,319.73,319.76,320.49,320.49,319.68,56804809
11/03/2014,319.47,319.36,319.73,319.73,319.14,56669585
10/03/2014,318.87,318.78,319.47,319.49,318.78,56623591
09/03/2014,318.46,318.23,318.87,319.11,318.09,56517462
06/03/2014,318.01,317.86,318.46,318.55,317.80,56444326
05/03/2014,318.05,317.96,318.01,318.01,317.49,56365528
04/03/2014,317.50,317.41,318.05,318.05,317.31,56372772
03/03/2014,316.93,316.99,317.50,317.50,316.92,56273993
02/03/2014,316.43,316.48,316.93,316.93,316.37,56173166
27/02/2014,316.13,316.17,316.43,316.43,316.08,56084126
26/02/2014,316.23,316.29,316.13,316.29,315.95,56080814
25/02/2014,315.73,315.90,316.23,316.40,315.90,56099026
24/02/2014,315.43,315.20,315.73,315.73,315.18,56009643
23/02/2014,315.20,315.12,315.43,315.43,315.05,55955707
20/02/2014,315.49,315.44,315.20,315.44,315.02,55915095
19/02/2014,315.48,315.47,315.49,315.63,315.36,55966543
18/02/2014,315.84,315.80,315.48,315.84,315.30,55965648
17/02/2014,315.83,315.74,315.84,315.93,315.66,56028958
16/02/2014,315.75,315.59,315.83,315.89,315.19,56027017
13/02/2014,315.37,315.30,315.75,315.75,315.25,56012782
12/02/2014,315.52,315.43,315.37,315.47,315.22,55945742
11/02/2014,315.25,315.21,315.52,315.52,315.16,55971774
10/02/2014,315.04,314.99,315.25,315.25,314.92,55923552
09/02/2014,314.79,314.77,315.04,315.05,314.77,55887220
06/02/2014,315.14,315.06,314.79,315.06,314.69,55843121
05/02/2014,315.22,315.13,315.14,315.21,314.87,55903710
04/02/2014,314.44,314.29,315.22,315.22,314.27,55917707
03/02/2014,314.30,314.27,314.44,314.44,313.59,56459055
02/02/2014,314.07,314.12,314.30,314.30,313.88,56433585
30/01/2014,313.90,313.86,314.07,314.07,313.83,56393202
29/01/2014,313.88,313.81,313.90,314.05,313.71,56362472
28/01/2014,313.95,314.00,313.88,314.06,313.68,56359110
27/01/2014,314.44,314.31,313.95,314.36,313.95,56371216
26/01/2014,314.50,314.49,314.44,314.77,314.36,55952949
23/01/2014,313.88,313.81,314.50,314.50,313.76,55964024
22/01/2014,314.00,313.83,313.88,314.03,313.65,55853411
21/01/2014,314.17,313.95,314.00,314.00,313.66,55873813
20/01/2014,314.65,314.53,314.17,314.63,314.04,55905236
19/01/2014,314.43,314.37,314.65,314.65,314.28,55991069
16/01/2014,314.06,313.90,314.43,314.43,313.79,55950275
15/01/2014,314.11,314.05,314.06,314.14,313.93,55885908
14/01/2014,313.75,313.72,314.11,314.11,313.62,55894358
13/01/2014,313.51,313.40,313.75,313.77,313.33,55829450
12/01/2014,312.87,312.96,313.51,313.74,312.96,55787983
09/01/2014,312.70,312.69,312.87,312.87,312.28,55673993
08/01/2014,312.87,312.79,312.70,312.99,312.64,55703709
07/01/2014,312.71,312.60,312.87,312.91,312.54,55733297
06/01/2014,312.70,312.60,312.71,312.80,312.58,55728650
05/01/2014,312.02,312.03,312.70,312.73,312.03,55725928
02/01/2014,312.31,312.29,312.02,312.29,311.84,55605111
01/01/2014,312.80,312.69,312.31,312.72,312.16,55656712
31/12/2013,312.27,312.17,312.80,312.80,311.84,55744046
30/12/2013,311.36,311.36,312.27,312.29,311.36,55650143
29/12/2013,311.97,311.91,311.36,311.93,311.36,55486950
26/12/2013,311.76,311.53,311.97,311.97,311.36,55224301
25/12/2013,311.99,311.90,311.76,312.07,311.71,55236665
24/12/2013,313.08,312.61,311.99,312.71,311.98,55278026
23/12/2013,313.48,313.48,313.08,313.64,312.97,55470402
22/12/2013,313.16,313.21,313.48,313.48,313.15,55540725
19/12/2013,313.83,314.10,313.16,314.25,313.09,55483461
18/12/2013,314.22,314.18,313.83,314.38,313.69,55602779
17/12/2013,314.60,314.56,314.22,314.60,314.06,55672010
16/12/2013,315.03,315.03,314.60,315.03,314.56,55739779
15/12/2013,315.61,315.54,315.03,315.56,314.96,55815816
12/12/2013,316.20,316.22,315.61,316.25,315.54,55918193
11/12/2013,316.11,316.13,316.20,316.24,316.04,56023343
10/12/2013,315.90,315.77,316.11,316.15,315.75,56007495
09/12/2013,315.50,315.45,315.90,315.90,315.43,55968970
08/12/2013,315.28,315.28,315.50,315.50,315.06,55898048
05/12/2013,315.73,315.80,315.28,315.87,315.03,55859385
04/12/2013,315.91,315.88,315.73,316.05,315.45,55939798
03/12/2013,315.41,315.32,315.91,316.01,315.22,55971557
02/12/2013,315.33,315.34,315.41,315.47,314.96,55883652
01/12/2013,314.71,314.79,315.33,315.33,314.66,55869494
28/11/2013,314.41,314.23,314.71,314.71,314.22,55759380
27/11/2013,314.27,314.20,314.41,314.51,314.17,55704979
26/11/2013,314.01,314.05,314.27,314.31,314.05,55680298
25/11/2013,314.11,313.84,314.01,314.12,313.73,55633854
24/11/2013,313.72,313.67,314.11,314.13,313.67,55140807
21/11/2013,314.23,314.01,313.72,314.01,313.20,55071563
20/11/2013,314.38,314.32,314.23,314.38,313.63,55223391
19/11/2013,314.51,314.58,314.38,314.66,314.29,55249335
18/11/2013,314.35,314.35,314.51,314.51,314.03,55272476
17/11/2013,312.80,312.90,314.35,314.35,312.87,55273704
14/11/2013,312.73,312.69,312.80,312.92,312.55,55339823
13/11/2013,312.15,312.09,312.73,312.73,312.04,55327449
12/11/2013,311.68,311.60,312.15,312.15,311.41,55224376
11/11/2013,311.64,311.71,311.68,311.81,311.44,55140911
10/11/2013,312.04,311.58,311.64,311.64,310.81,55133266
07/11/2013,311.28,311.29,312.04,312.04,311.14,55205475
06/11/2013,310.89,311.02,311.28,311.28,311.00,55070919
05/11/2013,311.35,311.25,310.89,311.44,310.73,55001530
04/11/2013,310.83,310.84,311.35,311.49,310.73,55083377
03/11/2013,311.16,311.01,310.83,311.03,310.41,55680021
31/10/2013,311.61,311.56,311.16,311.66,310.89,55740454
30/10/2013,311.42,311.37,311.61,311.70,311.33,55819855
29/10/2013,311.31,311.58,311.42,311.58,311.15,55785370
28/10/2013,311.50,311.74,311.31,311.74,311.16,55767192
27/10/2013,311.22,311.22,311.50,311.59,311.13,55800559
24/10/2013,311.07,311.18,311.22,311.22,310.48,55750926
23/10/2013,311.30,311.30,311.07,311.40,310.90,55824310
22/10/2013,311.06,311.02,311.30,311.30,310.87,55864097
21/10/2013,310.79,310.72,311.06,311.18,310.67,55821822
20/10/2013,310.10,310.07,310.79,310.99,310.05,55773279
17/10/2013,309.27,309.37,310.10,310.10,309.37,55648610
16/10/2013,309.61,309.45,309.27,309.46,309.09,55500376
15/10/2013,310.11,309.84,309.61,309.86,309.36,55560935
14/10/2013,309.93,309.89,310.11,310.11,309.87,55650558
13/10/2013,309.73,309.65,309.93,310.02,309.65,57154892
10/10/2013,309.78,309.64,309.73,309.84,309.52,57117010
09/10/2013,309.87,309.79,309.78,309.99,309.75,57126355
08/10/2013,310.11,310.15,309.87,310.25,309.70,57143010
07/10/2013,309.85,309.87,310.11,310.18,309.82,57187073
06/10/2013,309.30,309.30,309.85,309.85,309.26,57140088
03/10/2013,309.21,309.20,309.30,309.30,308.88,57038099
02/10/2013,308.88,308.84,309.21,309.21,308.84,57021892
01/10/2013,309.19,309.28,308.88,309.28,308.60,56959790
30/09/2013,309.54,309.48,309.19,309.54,308.94,57017896
29/09/2013,309.28,309.32,309.54,309.72,309.21,57082543
24/09/2013,308.45,308.86,309.28,309.41,308.83,57033364
23/09/2013,308.10,308.17,308.45,308.65,308.16,56881707
22/09/2013,307.21,307.65,308.10,308.25,307.64,56815883
17/09/2013,307.34,307.32,307.21,307.32,306.98,56652270
16/09/2013,307.12,307.20,307.34,307.50,307.15,56728344
15/09/2013,306.44,306.62,307.12,307.22,306.61,56686387
12/09/2013,305.83,305.94,306.44,306.44,305.86,56561082
11/09/2013,305.01,305.13,305.83,305.93,305.13,56449472
10/09/2013,304.48,304.57,305.01,305.24,304.52,56298296
09/09/2013,303.65,303.78,304.48,304.63,303.78,56200029
08/09/2013,304.88,304.61,303.65,304.67,303.65,56047296
03/09/2013,305.19,305.11,304.88,305.39,304.70,56273081
02/09/2013,305.39,305.37,305.19,305.47,305.10,56330888
01/09/2013,304.59,304.61,305.39,305.47,304.61,56368273
29/08/2013,303.93,303.93,304.59,304.80,303.93,56220201
28/08/2013,304.63,304.32,303.93,304.43,303.71,56147141
27/08/2013,306.23,306.08,304.63,306.19,304.19,56367129
26/08/2013,306.80,306.95,306.23,306.99,306.03,56663224
25/08/2013,305.90,306.08,306.80,306.97,306.08,56768135
22/08/2013,306.16,306.20,305.90,306.28,305.15,56602989
21/08/2013,306.61,306.57,306.16,306.99,306.10,56649604
20/08/2013,306.86,306.78,306.61,307.19,306.38,56733479
19/08/2013,307.24,307.11,306.86,307.14,306.69,56778864
18/08/2013,307.68,307.37,307.24,307.41,307.10,56850486
15/08/2013,308.15,308.15,307.68,308.32,307.51,56930563
14/08/2013,308.40,308.26,308.15,308.27,307.96,57019162
13/08/2013,308.57,308.53,308.40,308.53,308.19,57065312
12/08/2013,308.30,308.27,308.57,308.66,308.24,57095280
11/08/2013,308.11,307.96,308.30,308.35,307.93,57045804
08/08/2013,307.92,308.05,308.11,308.21,307.94,57010644
07/08/2013,308.15,308.17,307.92,308.27,307.62,56975882
06/08/2013,308.07,307.96,308.15,308.30,307.94,57017745
05/08/2013,308.82,308.73,308.07,308.79,308.07,57003716
04/08/2013,307.67,307.74,308.82,308.82,307.74,57142698
01/08/2013,307.45,307.35,307.67,307.94,307.35,57623837
31/07/2013,307.28,307.18,307.45,307.45,306.93,57583520
30/07/2013,307.18,307.14,307.28,307.37,306.99,57551502
29/07/2013,307.30,307.43,307.18,307.44,306.98,57531719
28/07/2013,306.81,306.68,307.30,307.30,306.68,57554124
25/07/2013,307.12,306.79,306.81,306.93,306.46,57462511
24/07/2013,307.64,307.60,307.12,307.76,306.94,57521288
23/07/2013,307.51,307.49,307.64,307.65,307.33,57618485
22/07/2013,307.18,307.19,307.51,307.51,307.17,57593701
21/07/2013,306.99,306.97,307.18,307.21,306.85,57531736
18/07/2013,306.41,306.46,306.99,307.02,306.39,57496009
17/07/2013,305.12,305.16,306.41,306.41,305.16,57387364
15/07/2013,304.54,304.59,305.12,305.12,304.51,57146158
14/07/2013,303.92,303.92,304.54,304.59,303.92,57038080
11/07/2013,303.34,304.14,303.92,304.29,303.65,56920994
10/07/2013,303.64,303.61,303.34,303.68,303.31,56812346
09/07/2013,303.38,303.50,303.64,303.64,303.31,56869576
08/07/2013,303.49,303.55,303.38,303.75,303.06,56819728
07/07/2013,304.37,303.26,303.49,303.63,302.57,56839919
04/07/2013,303.77,303.78,304.37,304.41,303.73,57004780
03/07/2013,303.16,303.14,303.77,303.77,303.10,56893360
02/07/2013,302.40,302.45,303.16,303.31,302.44,56779588
01/07/2013,302.00,302.00,302.40,302.40,301.63,56636477
30/06/2013,301.19,301.34,302.00,302.10,301.34,56561640
27/06/2013,300.34,300.34,301.19,301.25,300.28,56410631
26/06/2013,300.29,299.68,300.34,300.59,299.68,56250169
25/06/2013,299.92,299.81,300.29,300.72,299.81,56240389
24/06/2013,302.01,301.72,299.92,301.72,299.30,56172510
23/06/2013,302.42,301.76,302.01,302.09,301.25,56562788
20/06/2013,304.47,303.72,302.42,303.72,302.09,56640023
19/06/2013,305.27,305.29,304.47,305.29,304.20,57024578
18/06/2013,305.04,305.03,305.27,305.27,304.54,57173555
17/06/2013,303.93,304.04,305.04,305.04,303.96,57890039
16/06/2013,302.84,302.87,303.93,303.95,302.85,57679043
13/06/2013,302.63,302.51,302.84,302.84,302.16,57472314
12/06/2013,303.45,303.34,302.63,303.47,302.42,57432086
11/06/2013,304.42,304.38,303.45,304.38,302.96,57588884
10/06/2013,304.21,304.18,304.42,304.69,304.13,57773331
09/06/2013,304.69,304.52,304.21,304.58,304.09,57732685
06/06/2013,304.41,304.46,304.69,304.88,304.45,57822435
05/06/2013,304.00,304.07,304.41,304.46,304.07,57770558
04/06/2013,303.87,303.74,304.00,304.06,303.34,57692034
03/06/2013,304.31,304.40,303.87,304.48,303.51,57667750
02/06/2013,304.24,304.04,304.31,304.83,303.75,57750920
30/05/2013,305.00,304.82,304.24,305.24,303.62,57737521
29/05/2013,306.58,306.27,305.00,306.27,305.00,57882261
28/05/2013,305.91,306.03,306.58,306.77,306.03,58182046
27/05/2013,306.26,306.17,305.91,306.20,305.75,58055022
26/05/2013,306.28,306.13,306.26,306.34,305.56,58121416
23/05/2013,306.94,306.67,306.28,306.67,305.94,58124088
22/05/2013,306.59,306.67,306.94,307.00,306.17,58310346
21/05/2013,306.88,306.79,306.59,306.84,306.40,58244934
20/05/2013,305.70,305.50,306.88,306.88,305.46,58299180
19/05/2013,305.49,305.46,305.70,305.70,304.93,58074915
16/05/2013,303.23,303.19,305.49,305.49,303.19,58035444
13/05/2013,302.25,302.14,303.23,303.23,302.14,57811683
12/05/2013,302.69,302.28,302.25,302.28,301.93,57691456
09/05/2013,302.04,301.99,302.69,302.69,301.94,57775660
08/05/2013,301.59,301.55,302.04,302.04,301.54,57651064
07/05/2013,301.51,301.51,301.59,301.79,301.35,57565992
06/05/2013,301.90,301.77,301.51,301.77,301.37,57438994
05/05/2013,303.11,302.53,301.90,302.56,301.59,57513354
02/05/2013,302.61,302.65,303.11,303.11,302.37,57743379
01/05/2013,302.00,301.95,302.61,302.62,301.93,58346534
30/04/2013,301.43,301.39,302.00,302.00,301.32,58227546
29/04/2013,301.29,301.25,301.43,301.43,301.14,58118860
28/04/2013,300.74,300.70,301.29,301.31,300.53,58090710
25/04/2013,300.73,300.62,300.74,300.78,300.54,57984225
24/04/2013,300.95,300.84,300.73,300.88,300.54,57982636
23/04/2013,300.60,300.45,300.95,300.95,300.36,58025921
22/04/2013,300.92,300.91,300.60,301.00,300.37,57957446
21/04/2013,300.65,300.66,300.92,300.92,300.59,58019814
18/04/2013,300.49,300.46,300.65,300.65,300.33,57967961
17/04/2013,299.79,299.73,300.49,300.49,299.72,57937462
14/04/2013,299.65,299.63,299.79,300.01,299.62,57800751
11/04/2013,299.31,299.27,299.65,299.67,299.09,57395236
10/04/2013,299.30,299.27,299.31,299.43,299.06,57331426
09/04/2013,299.31,299.26,299.30,299.30,299.05,57327595
08/04/2013,299.41,299.36,299.31,299.51,299.12,57329836
07/04/2013,299.14,299.17,299.41,299.46,299.11,57348587
04/04/2013,299.16,299.00,299.14,299.15,298.88,57298431
03/04/2013,299.06,299.10,299.16,299.16,298.86,57300992
02/04/2013,298.80,298.69,299.06,299.06,298.68,57281752
28/03/2013,298.32,298.37,298.80,298.85,298.29,57233312
27/03/2013,297.81,297.84,298.32,298.35,297.73,57203315
24/03/2013,297.19,297.15,297.81,297.86,297.01,57103795
21/03/2013,297.63,297.54,297.19,297.60,296.97,56986151
20/03/2013,297.61,297.59,297.63,297.63,297.37,57069833
19/03/2013,297.49,297.40,297.61,297.61,297.23,57065813
18/03/2013,297.39,297.26,297.49,297.49,296.82,57066041
17/03/2013,297.85,297.79,297.39,297.95,297.28,57278010
14/03/2013,297.76,297.81,297.85,297.87,297.49,57366674
13/03/2013,297.83,297.83,297.76,297.99,297.63,57539359
12/03/2013,297.89,297.95,297.83,298.08,297.10,57552453
11/03/2013,299.26,299.18,297.89,299.18,297.83,57564151
10/03/2013,298.93,298.73,299.26,299.26,298.61,57829023
07/03/2013,298.60,298.67,298.93,298.93,298.37,57765564
06/03/2013,298.07,298.19,298.60,298.60,298.14,57798595
05/03/2013,297.66,297.53,298.07,298.07,297.51,57695302
04/03/2013,297.50,297.51,297.66,297.66,297.38,57616159
03/03/2013,297.21,297.23,297.50,297.50,297.05,57586627
28/02/2013,297.30,297.28,297.21,297.35,296.98,57528683
27/02/2013,297.17,297.06,297.30,297.30,296.95,57547526
26/02/2013,297.29,297.14,297.17,297.29,296.84,57569485
25/02/2013,297.19,297.05,297.29,297.29,297.05,57592534
21/02/2013,296.83,296.74,297.19,297.19,296.70,57574368
20/02/2013,296.46,296.28,296.83,296.83,296.28,57504253
19/02/2013,295.97,296.01,296.46,296.46,295.96,57431958
18/02/2013,295.99,295.97,295.97,296.14,295.95,57338262
17/02/2013,296.02,295.92,295.99,295.99,295.74,57340907
14/02/2013,296.13,296.07,296.02,296.12,295.34,57346084
13/02/2013,296.88,296.85,296.13,296.92,296.13,57367661
12/02/2013,297.05,297.41,296.88,297.41,296.70,57513245
11/02/2013,297.15,297.08,297.05,297.27,296.92,57545786
10/02/2013,296.66,296.62,297.15,297.15,296.62,57566451
07/02/2013,296.56,296.53,296.66,296.67,296.44,57469762
06/02/2013,296.62,296.54,296.56,296.94,296.41,57450976
05/02/2013,296.37,296.34,296.62,296.62,296.20,57463714
04/02/2013,295.96,296.01,296.37,296.37,295.95,57414204
03/02/2013,295.44,295.53,295.96,295.96,295.45,58043287
31/01/2013,294.95,294.88,295.44,295.44,294.88,57941255
30/01/2013,295.13,295.08,294.95,295.08,294.35,57845867
29/01/2013,295.90,295.98,295.13,295.98,295.08,57879734
28/01/2013,296.06,295.99,295.90,296.07,295.70,58030596
27/01/2013,296.32,296.24,296.06,296.24,295.84,58062758
24/01/2013,295.87,295.86,296.32,296.35,295.86,58112790
23/01/2013,296.11,296.07,295.87,296.34,295.87,58024566
21/01/2013,295.93,295.86,296.11,296.11,295.66,58072524
20/01/2013,296.03,295.96,295.93,296.01,295.67,58036306
17/01/2013,296.07,295.94,296.03,296.05,295.84,58056434
16/01/2013,295.84,295.85,296.07,296.19,295.85,58063817
15/01/2013,295.48,295.43,295.84,295.84,295.29,58018647
14/01/2013,295.54,295.51,295.48,295.61,295.17,57949074
13/01/2013,295.65,295.63,295.54,296.06,295.35,57960173
10/01/2013,296.19,296.12,295.65,296.13,295.56,57981838
09/01/2013,295.59,295.53,296.19,296.19,295.44,57386508
08/01/2013,295.51,295.62,295.59,295.63,295.07,57270373
07/01/2013,296.13,296.11,295.51,296.13,295.41,57253656
06/01/2013,296.51,296.38,296.13,296.38,295.80,57373790
03/01/2013,296.50,296.41,296.51,296.63,296.23,57447783
02/01/2013,296.29,296.22,296.50,296.50,295.78,57444961
01/01/2013,295.36,295.30,296.29,296.29,295.28,57404275
31/12/2012,295.40,295.54,295.36,295.63,295.12,57223110
